# Bright Star Catalogue, 5th Revised Ed. (Preliminary Version)
# Hoffleit D., Warren Jr W.H., Astronomical Data Center, NSSDC/ADC (1991)
# VizieR catalogue V/50 -- https://cdsarc.cds.unistra.fr/ftp/V/50/
#
# Generated by scripts/gen-starcatalog. Do not edit by hand.
# Selection: apparent visual magnitude <= 6.5. Equinox and epoch J2000.
#
# hr	ra_deg	dec_deg	vmag	bv	spectral_type	designation	name
2491	101.28708	-16.71611	-1.46	0.00	A1Vm	9Alp CMa	Sirius
2326	95.98792	-52.69583	-0.72	+0.15	F0II	Alp Car	Canopus
5340	213.91542	19.18250	-0.04	+1.23	K1.5IIIFe-0.5	16Alp Boo	Arcturus
5459	219.89958	-60.83528	-0.01	+0.71	G2V	Alp1Cen	
7001	279.23458	38.78361	0.03	0.00	A0Va	3Alp Lyr	Vega
1708	79.17250	45.99806	0.08	+0.80	G5IIIe+G0III	13Alp Aur	Capella
1713	78.63458	-8.20167	0.12	-0.03	B8Ia:	19Bet Ori	Rigel
2943	114.82542	5.22500	0.38	+0.42	F5IV-V	10Alp CMi	Procyon
472	24.42875	-57.23667	0.46	-0.16	B3Vpe	Alp Eri	Achernar
2061	88.79292	7.40694	0.50	+1.85	M1-2Ia-Iab	58Alp Ori	Betelgeuse
5267	210.95583	-60.37306	0.61	-0.23	B1III	Bet Cen	Hadar
7557	297.69583	8.86833	0.77	+0.22	A7V	53Alp Aql	Altair
1457	68.98000	16.50917	0.85	+1.54	K5+III	87Alp Tau	Aldebaran
6134	247.35167	-26.43194	0.96	+1.83	M1.5Iab-Ib+B4Ve	21Alp Sco	Antares
5056	201.29833	-11.16139	0.98	-0.23	B1III-IV+B2V	67Alp Vir	Spica
2990	116.32875	28.02611	1.14	+1.00	K0IIIb	78Bet Gem	Pollux
8728	344.41292	-29.62222	1.16	+0.09	A3V	24Alp PsA	Fomalhaut
4853	191.93000	-59.68861	1.25	-0.23	B0.5III	Bet Cru	Mimosa
7924	310.35792	45.28028	1.25	+0.09	A2Ia	50Alp Cyg	Deneb
4730	186.64958	-63.09917	1.33	-0.24	B0.5IV	Alp1Cru	Acrux
5460	219.90042	-60.83556	1.33	+0.88	K1V	Alp2Cen	
3982	152.09292	11.96722	1.35	-0.11	B7V	32Alp Leo	Regulus
2618	104.65625	-28.97222	1.50	-0.21	B2II	21Eps CMa	Adhara
4763	187.79125	-57.11333	1.63	+1.59	M3.5III	Gam Cru	Gacrux
6527	263.40208	-37.10389	1.63	-0.22	B2IV+B	35Lam Sco	Shaula
1790	81.28292	6.34972	1.64	-0.22	B2III	24Gam Ori	Bellatrix
1791	81.57292	28.60750	1.65	-0.13	B7III	112Bet Tau	Elnath
3685	138.30000	-69.71722	1.68	0.00	A2IV	Bet Car	Miaplacidus
1903	84.05333	-1.20194	1.70	-0.19	B0Ia	46Eps Ori	Alnilam
4731	186.65208	-63.09944	1.73	-0.26	B1V	Alp2Cru	
8425	332.05833	-46.96111	1.74	-0.13	B7IV	Alp Gru	Alnair
4905	193.50708	55.95972	1.77	-0.02	A0pCr	77Eps UMa	Alioth
3207	122.38333	-47.33667	1.78	-0.22	WC8+O9I	Gam2Vel	
1017	51.08083	49.86111	1.79	+0.48	F5Ib	33Alp Per	Mirfak
4301	165.93208	61.75083	1.79	+1.07	K0IIIa	50Alp UMa	Dubhe
2693	107.09792	-26.39333	1.84	+0.68	F8Ia	25Del CMa	Wezen
6879	276.04292	-34.38472	1.85	-0.03	B9.5III	20Eps Sgr	Kaus Australis
3307	125.62833	-59.50972	1.86	+1.28	K3III+B2:V	Eps Car	Avior
5191	206.88500	49.31333	1.86	-0.19	B3V	85Eta UMa	Alkaid
6553	264.33000	-42.99778	1.87	+0.40	F1II	The Sco	Sargas
2088	89.88208	44.94750	1.90	+0.03	A2IV	34Bet Aur	Menkalinan
6217	252.16625	-69.02778	1.92	+1.44	K2IIb-IIIa	Alp TrA	Atria
2421	99.42792	16.39917	1.93	0.00	A0IV	24Gam Gem	Alhena
7790	306.41208	-56.73500	1.94	-0.20	B2IV	Alp Pav	Peacock
3485	131.17583	-54.70833	1.96	+0.04	A1V	Del Vel	Alsephina
2294	95.67500	-17.95583	1.98	-0.23	B1II-III	2Bet CMa	Mirzam
2891	113.65000	31.88833	1.98	+0.03	A1V	66Alp Gem	Castor
3748	141.89667	-8.65861	1.98	+1.44	K3II-III	30Alp Hya	Alphard
617	31.79333	23.46250	2.00	+1.15	K2-IIICa-1	13Alp Ari	Hamal
5958	239.87583	25.92028	2.00	+0.1	sdBe+gM3+Q		
424	37.95292	89.26417	2.02	+0.60	F7:Ib-II	1Alp UMi	Polaris
7121	283.81625	-26.29667	2.02	-0.22	B2.5V	34Sig Sgr	Nunki
188	10.89750	-17.98667	2.04	+1.02	G9.5IIICH-1	16Bet Cet	Diphda
1948	85.18958	-1.94278	2.05	-0.21	O9.7Ib	50Zet Ori	Alnitak
15	2.09708	29.09056	2.06	-0.11	B8IVpMnHg	21Alp And	Alpheratz
337	17.43292	35.62056	2.06	+1.58	M0+IIIa	43Bet And	Mirach
2004	86.93917	-9.66972	2.06	-0.17	B0.5Ia	53Kap Ori	Saiph
5288	211.67083	-36.37000	2.06	+1.01	K0-IIIb	5The Cen	Menkent
5563	222.67625	74.15556	2.08	+1.47	K4-III	7Bet UMi	Kochab
6556	263.73375	12.56000	2.08	+0.15	A5III	55Alp Oph	Rasalhague
8636	340.66708	-46.88472	2.10	+1.60	M5III	Bet Gru	
936	47.04208	40.95556	2.12	-0.05	B8V	26Bet Per	Algol
4534	177.26500	14.57194	2.14	+0.09	A3V	94Bet Leo	Denebola
4819	190.37917	-48.95972	2.17	-0.01	A1IV	Gam Cen	Muhlifain
7796	305.55708	40.25667	2.20	+0.68	F8Ib	37Gam Cyg	Sadr
3634	136.99917	-43.43250	2.21	+1.66	K4.5Ib-II	Lam Vel	Suhail
168	10.12708	56.53722	2.23	+1.17	K0IIIa	18Alp Cas	Schedar
1852	83.00167	-0.29917	2.23	-0.22	O9.5II	34Del Ori	Mintaka
5793	233.67208	26.71472	2.23	-0.02	A0V+G5V	5Alp CrB	Alphecca
6705	269.15167	51.48889	2.23	+1.52	K5III	33Gam Dra	Eltanin
3165	120.89625	-40.00333	2.25	-0.26	O5f	Zet Pup	Naos
3699	139.27250	-59.27528	2.25	+0.18	A8Ib	Iot Car	Aspidiske
603	30.97500	42.32972	2.26	+1.37	K3-IIb	57Gam1And	
21	2.29458	59.14972	2.27	+0.34	F2III-IV	11Bet Cas	Caph
5054	200.98125	54.92528	2.27	+0.02	A1VpSrSi	79Zet UMa	Mizar
6241	252.54083	-34.29333	2.29	+1.15	K2.5III	26Eps Sco	
5132	204.97167	-53.46639	2.30	-0.22	B1III	Eps Cen	
5469	220.48250	-47.38833	2.30	-0.20	B1.5III/Vn	Alp Lup	
5440	218.87667	-42.15778	2.31	-0.19	B1.5Vne	Eta Cen	
5953	240.08333	-22.62167	2.32	-0.12	B0.3IV	7Del Sco	Dschubba
4295	165.46042	56.38250	2.37	-0.02	A1V	48Bet UMa	Merak
99	6.57083	-42.30611	2.39	+1.09	K0III	Alp Phe	Ankaa
8308	326.04667	9.87500	2.39	+1.53	K2Ib	8Eps Peg	Enif
6580	265.62208	-39.03000	2.41	-0.22	B1.5III	Kap Sco	Girtab
8775	345.94375	28.08278	2.42	+1.67	M2.5II-III	53Bet Peg	Scheat
6378	257.59458	-15.72472	2.43	+0.06	A2V	35Eta Oph	Sabik
4554	178.45750	53.69472	2.44	0.00	A0Ve	64Gam UMa	Phecda
8162	319.64500	62.58556	2.44	+0.22	A7V	5Alp Cep	Alderamin
2827	111.02375	-29.30306	2.45	-0.08	B5Ia	31Eta CMa	Aludra
7949	311.55292	33.97028	2.46	+1.03	K0-III	53Eps Cyg	Aljanah
264	14.17708	60.71667	2.47	-0.15	B0IVe	27Gam Cas	Navi
8781	346.19042	15.20528	2.49	-0.04	B9V	54Alp Peg	Markab
3734	140.52833	-55.01083	2.50	-0.18	B2IV-V	Kap Vel	Markeb
911	45.57000	4.08972	2.53	+1.64	M1.5IIIa	92Alp Cet	
5231	208.88500	-47.28833	2.55	-0.22	B2.5IV	Zet Cen	
4357	168.52708	20.52361	2.56	+0.12	A4V	68Del Leo	Zosma
6175	249.28958	-10.56722	2.56	+0.02	O9.5Vn	13Zet Oph	
1865	83.18250	-17.82222	2.58	+0.21	F0Ib	11Alp Lep	Arneb
4662	183.95167	-17.54194	2.59	-0.11	B8IIIpHgMn	4Gam Crv	Gienah
4621	182.08958	-50.72250	2.60	-0.12	B2IVne	Del Cen	
7194	285.65292	-29.88028	2.60	+0.08	A2III+A4IV	38Zet Sgr	
4057	154.99292	19.84167	2.61	+1.15	K1-IIIbFe-0.5	41Gam1Leo	
5685	229.25167	-9.38306	2.61	-0.11	B8V	27Bet Lib	Zubeneschamali
2095	89.93042	37.21250	2.62	-0.08	A0pSi	37The Aur	
5984	241.35917	-19.80556	2.62	-0.07	B1V	8Bet1Sco	Acrab
553	28.66000	20.80806	2.64	+0.13	A5V	6Bet Ari	Sheratan
1956	84.91208	-34.07417	2.64	-0.12	B7IVe	Alp Col	Phact
4786	188.59667	-23.39667	2.65	+0.89	G5II	9Bet Crv	Kraz
5854	236.06708	6.42556	2.65	+1.17	K2IIIbCN1	24Alp Ser	Unukalhai
403	21.45417	60.23528	2.68	+0.13	A5III-IV	37Del Cas	
5235	208.67125	18.39778	2.68	+0.58	G0IV	8Eta Boo	
5571	224.63292	-43.13389	2.68	-0.22	B2III/IV	Bet Lup	
1577	74.24833	33.16611	2.69	+1.53	K3II	3Iot Aur	
4216	161.69250	-49.42000	2.69	+0.90	G5III+G2V	Mu Vel	
4798	189.29583	-69.13556	2.69	-0.20	B2IV-V	Alp Mus	
6508	262.69083	-37.29583	2.69	-0.22	B2IV	34Ups Sco	
2773	109.28583	-37.09750	2.70	+1.62	K3Ib	Pi Pup	
5506	221.24667	27.07417	2.70	+0.97	K0-II-III	36Eps Boo	Izar
6859	275.24875	-29.82806	2.70	+1.38	K3-IIIa*	19Del Sgr	
7525	296.56500	10.61333	2.72	+1.52	K3II	50Gam Aql	Tarazed
6056	243.58625	-3.69444	2.74	+1.58	M0.5III	1Del Oph	Yed Prior
6132	245.99792	61.51417	2.74	+0.91	G8-IIIab	14Eta Dra	
5028	200.14917	-36.71222	2.75	+0.04	A2V	Iot Cen	
5531	222.71958	-16.04167	2.75	+0.15	A3IV	9Alp2Lib	Zubenelgenubi
4199	160.73917	-64.39444	2.76	-0.22	B0Vp	The Car	
1899	83.85833	-5.91000	2.77	-0.24	O9III	44Iot Ori	
6148	247.55500	21.48972	2.77	+0.94	G7IIIa	27Bet Her	
6603	265.86833	4.56722	2.77	+1.16	K2III	60Bet Oph	
5776	233.78542	-41.16694	2.78	-0.20	B2IV	Gam Lup	
1666	76.96250	-5.08639	2.79	+0.13	A3III	67Bet Eri	Cursa
6536	262.60833	52.30139	2.79	+0.98	G2Ib-IIa	23Bet Dra	Rastaban
98	6.43792	-77.25417	2.80	+0.62	G2IV	Bet Hyi	
4656	183.78625	-58.74889	2.80	-0.23	B2IV	Del Cru	
3185	121.88583	-24.30417	2.81	+0.43	F6IIpDel Del	15Rho Pup	
6212	250.32167	31.60306	2.81	+0.65	G0IV	40Zet Her	
6913	276.99250	-25.42167	2.81	+1.04	K1+IIIb	22Lam Sgr	
6165	248.97083	-28.21611	2.82	-0.25	B0V	23Tau Sco	
39	3.30917	15.18361	2.83	-0.23	B2IV	88Gam Peg	
4932	195.54417	10.95917	2.83	+0.94	G8IIIab	47Eps Vir	Vindemiatrix
1829	82.06125	-20.75944	2.84	+0.82	G5II	9Bet Lep	Nihal
1203	58.53292	31.88361	2.85	+0.12	B1Ib	44Zet Per	
5897	238.78542	-63.43056	2.85	+0.29	F2III	Bet TrA	
6461	261.32500	-55.53000	2.85	+1.46	K3Ib-IIa	Bet Ara	
591	29.69250	-61.56972	2.86	+0.28	F0V	Alp Hyi	
8502	334.62542	-60.25972	2.86	+1.39	K3III	Alp Tuc	
1165	56.87125	24.10500	2.87	-0.09	B7IIIe	25Eta Tau	Alcyone
7528	296.24375	45.13083	2.87	-0.03	B9.5IV+F1V	18Del Cyg	
8322	326.76000	-16.12722	2.87	+0.29	Am	49Del Cap	
2286	95.74000	22.51361	2.88	+1.64	M3IIIab	13Mu Gem	Tejat
2890	113.65000	31.88861	2.88	+0.04	A2Vm	66Alp Gem	
1220	59.46333	40.01028	2.89	-0.18	B0.5V+A2V	45Eps Per	
5671	229.72750	-68.67944	2.89	0.00	A1V	Gam TrA	
5944	239.71292	-26.11417	2.89	-0.19	B1V+B2V	6Pi Sco	
6084	245.29708	-25.59278	2.89	+0.13	B1III	20Sig Sco	
7264	287.44083	-21.02361	2.89	+0.35	F2II	41Pi Sgr	
2845	111.78750	8.28944	2.90	-0.09	B8Ve	3Bet CMi	Gomeisa
4915	194.00708	38.31833	2.90	-0.12	A0pSiEuHg	12Alp2CVn	Cor Caroli
8232	322.88958	-5.57111	2.91	+0.83	G0Ib	22Bet Aqr	Sadalsuud
915	46.19917	53.50639	2.93	+0.70	G8III+A2V	23Gam Per	
2553	102.48417	-50.61472	2.93	+1.20	K1III	Tau Pup	
8650	340.75042	30.22139	2.94	+0.86	G2II-III+F0V	44Eta Peg	
1231	59.50750	-13.50861	2.95	+1.59	M0.5IIICa-1Cr-1	34Gam Eri	
4757	187.46625	-16.51556	2.95	-0.05	B9.5V	7Del Crv	Algorab
6510	262.96042	-49.87611	2.95	-0.17	B2Vne	Alp Ara	
8414	331.44583	-0.31972	2.96	+0.98	G2Ib	34Alp Aqr	Sadalmelik
2473	100.98292	25.13111	2.98	+1.40	G8Ib	27Eps Gem	Mebsuta
3873	146.46292	23.77417	2.98	+0.80	G1II	17Eps Leo	
1605	75.49208	43.82333	2.99	+0.54	F0Iae+B	7Eps Aur	
6746	271.45208	-30.42417	2.99	+1.00	K0III	10Gam2Sgr	
7235	286.35250	13.86333	2.99	+0.01	A0Vn	17Zet Aql	
622	32.38583	34.98722	3.00	+0.14	A5III	4Bet Tri	
1910	84.41125	21.14250	3.00	-0.19	B4IIIpe	123Zet Tau	
4630	182.53125	-22.61972	3.00	+1.33	K2.5IIIaBa0.2:	2Eps Crv	Minkar
5020	199.73042	-23.17167	3.00	+0.92	G8-IIIa	46Gam Hya	
1122	55.73125	47.78750	3.01	-0.13	B5IIIe	39Del Per	
3890	146.77542	-65.07194	3.01	+0.28	A6Ib	Ups Car	
4335	167.41583	44.49861	3.01	+1.14	K1III	52Psi UMa	
8353	328.48208	-37.36500	3.01	-0.12	B8III	Gam Gru	
2282	95.07833	-30.06333	3.02	-0.19	B2.5V	1Zet CMa	
2653	105.75625	-23.83333	3.02	-0.08	B3Iab	24Omi2CMa	
5435	218.01958	38.30833	3.03	+0.19	A7III	27Gam Boo	
6615	266.89625	-40.12694	3.03	+0.51	F2Iae	Iot1Sco	
681	34.83625	-2.97750	3.04	+1.42	M7IIIe+Bep	68Omi Cet	
5193	207.40417	-42.47389	3.04	-0.17	B2IV-Ve	Mu Cen	
4069	155.58208	41.49944	3.05	+1.59	M0III	34Mu UMa	Tania Australis
4844	191.57042	-68.10806	3.05	-0.18	B2.5V	Bet Mus	
5735	230.18208	71.83389	3.05	+0.05	A3II-III	13Gam UMi	Pherkad
7310	288.13875	67.66167	3.07	+1.00	G9III	57Del Dra	
6247	252.96750	-38.04750	3.08	-0.20	B1.5V+B6.5V	Mu 1Sco	
7417	292.68042	27.95972	3.08	+1.13	K3II+B9.5V	6Bet1Cyg	Albireo
7776	305.25292	-14.78139	3.08	+0.79	F8V+A0	9Bet Cap	
3547	133.84833	5.94556	3.11	+1.00	G9II-III	16Zet Hya	
4232	162.40625	-16.19361	3.11	+1.25	K2III	Nu Hya	
6832	274.40667	-36.76167	3.11	+1.56	M3.5III	Eta Sgr	
7869	309.39167	-47.29139	3.11	+1.00	K0IIICNIII-IV	Alp Ind	
2040	87.74000	-35.76833	3.12	+1.16	K2III	Bet Col	
3705	140.26375	34.39250	3.13	+1.55	K7IIIab	40Alp Lyn	
3803	142.80542	-57.03444	3.13	+1.55	K5III		
4467	173.94500	-63.01972	3.13	-0.04	B9III	Lam Cen	
5576	224.79042	-42.10417	3.13	-0.20	B2IV	Kap Cen	
6285	254.65500	-55.99028	3.13	+1.60	K3III	Zet Ara	
3569	134.80167	48.04167	3.14	+0.19	A7IV	9Iot UMa	Talitha
6410	258.75792	24.83917	3.14	+0.08	A3IV	65Del Her	
6418	258.76167	36.80917	3.16	+1.44	K3IIab	67Pi Her	
1641	76.62875	41.23444	3.17	-0.18	B3V	10Eta Aur	
2451	99.44042	-43.19611	3.17	-0.11	B8III	Nu Pup	
3775	143.21417	51.67722	3.17	+0.46	F6IV	25The UMa	
6396	257.19667	65.71472	3.17	-0.12	B6III	22Zet Dra	
7039	281.41417	-26.99083	3.17	-0.11	B8III	27Phi Sgr	
1543	72.46000	6.96139	3.19	+0.45	F6V	1Pi 3Ori	
1654	76.36542	-22.37111	3.19	+1.46	K5III	2Eps Lep	
5463	220.62667	-64.97528	3.19	+0.24	ApSrEuCr:	Alp Cir	
6299	254.41708	9.37500	3.20	+1.15	K2III	27Kap Oph	
8115	318.23417	30.22694	3.20	+0.99	G8+III-IIIaBa0.6	64Zet Cyg	
6630	267.46458	-37.04333	3.21	+1.17	K2III		
8974	354.83667	77.63250	3.21	+1.03	K1III-IV	35Gam Cep	
5695	230.34292	-40.64750	3.22	-0.22	B1.5IV	Del Lup	
7710	302.82625	-0.82139	3.23	-0.07	B9.5III	65The Aql	
8238	322.16500	70.56083	3.23	-0.22	B1IV	8Bet Cep	
897	44.56542	-40.30472	3.24	+0.14	A4III	The1Eri	
1208	56.80958	-74.23889	3.24	+1.62	M2III	Gam Hyi	
6075	244.58042	-4.69250	3.24	+0.96	G9.5IIIbFe-0.5	2Eps Oph	
7178	284.73583	32.68944	3.24	-0.05	B9III	14Gam Lyr	
2878	112.30750	-43.30139	3.25	+1.51	K5III	Sig Pup	
6869	275.32750	-2.89889	3.26	+0.94	K0III-IV	58Eta Ser	
165	9.83208	30.86083	3.27	+1.28	K3III	31Del And	
1465	68.49917	-55.04500	3.27	-0.10	A0IIISi	Alp Dor	
2550	102.04750	-61.94139	3.27	+0.21	A7IV	Alp Pic	
5287	211.59292	-26.68250	3.27	+1.12	K2-III-IIIbFe-0.5	49Pi Hya	
6453	260.50250	-24.99944	3.27	-0.22	B2IV	42The Oph	
8709	343.66250	-15.82083	3.27	+0.05	A3V	76Del Aqr	
2216	93.71917	22.50667	3.28	+1.60	M3III	7Eta Gem	Propus
5603	226.01750	-25.28194	3.29	+1.70	M3-III	20Sig Lib	
5744	231.23250	58.96611	3.29	+1.16	K2III	12Iot Dra	Edasich
322	16.52083	-46.71861	3.31	+0.89	G8III	Bet Phe	
1702	78.23292	-16.20556	3.31	-0.11	B9IIIpHgMn	5Mu Lep	
4660	183.85667	57.03250	3.31	+0.08	A3V	69Del UMa	Megrez
4037	153.43417	-70.03806	3.32	-0.08	B8III	Ome Car	
4140	158.00583	-61.68528	3.32	-0.09	B4Vne		
7234	286.73500	-27.67056	3.32	+1.19	K1+IIIb	40Tau Sgr	
6380	258.03833	-43.23917	3.33	+0.41	F3III-IVp	Eta Sco	
3045	117.32375	-24.85972	3.34	+1.24	G6Iab-Ib	7Xi Pup	
4359	168.56000	15.42944	3.34	-0.01	A2V	70The Leo	Chertan
6462	261.34833	-56.37750	3.34	-0.13	B1Ib	Gam Ara	
6698	269.75667	-9.77361	3.34	+0.99	K0IIIaCN-1	64Nu Oph	
1336	63.60625	-62.47389	3.35	+0.91	G8II-III	Alp Ret	
8465	332.71375	58.20111	3.35	+1.57	K1.5Ib	21Zet Cep	
1788	81.11917	-2.39694	3.36	-0.17	B1V+B2e	28Eta Ori	
2484	101.32250	12.89556	3.36	+0.43	F5III	31Xi Gem	
3323	127.56625	60.71806	3.36	+0.84	G5III	1Omi UMa	Muscida
7377	291.37458	3.11472	3.36	+0.32	F3IV	30Del Aql	
5107	203.67333	-0.59583	3.37	+0.11	A3V	79Zet Vir	Heze
5708	230.67042	-44.68944	3.37	-0.18	B2IV-V	Eps Lup	
542	28.59875	63.67000	3.38	-0.15	B3III	45Eps Cas	
3482	131.69417	6.41889	3.38	+0.68	G5III	11Eps Hya	
4910	193.90083	3.39750	3.38	+1.58	M3+III	43Del Vir	
921	46.29417	38.84028	3.39	+1.65	M4II	25Rho Per	
1412	67.16542	15.87083	3.40	+0.18	A7III	78The2Tau	
4050	154.27083	-61.33222	3.40	+1.54	K3IIa		
8634	340.36542	10.83139	3.40	-0.09	B8V	42Zet Peg	
429	22.09125	-43.31833	3.41	+1.57	M0-IIIa	Gam Phe	
544	28.27042	29.57889	3.41	+0.49	F6IV	2Alp Tri	
5190	207.37625	-41.68778	3.41	-0.22	B2IV	Nu Cen	
5649	228.07125	-52.09917	3.41	+0.92	G8III	Zet Lup	
5948	240.03042	-38.39694	3.41	-0.22	B2.5IV	Eta Lup	
6623	266.61458	27.72056	3.42	+0.75	G5IV	86Mu Her	
7913	311.23958	-66.20306	3.42	+0.16	A7III	Bet Pav	
7957	311.32250	61.83889	3.43	+0.92	K0IV	3Eta Cep	
219	12.27500	57.81583	3.44	+0.57	F9V+dM0	24Eta Cas	
3659	137.74167	-58.96694	3.44	-0.19	B2IV-V		
4031	154.17250	23.41722	3.44	+0.31	F0III	36Zet Leo	Adhafera
7236	286.56208	-4.88250	3.44	-0.09	B9Vn	16Lam Aql	
334	17.14750	-10.18222	3.45	+1.16	K1.5IIICN1Fe0.5	31Eta Cet	
4033	154.27417	42.91444	3.45	+0.03	A2IV	33Lam UMa	Tania Borealis
7106	282.52000	33.36278	3.45	0.00	B8IIpe	10Bet Lyr	
804	40.82500	3.23583	3.47	+0.09	A3V	86Gam Cet	
1239	60.17000	12.49028	3.47	-0.12	B3V+A4IV	35Lam Tau	
2646	105.42958	-27.93472	3.47	+1.73	K7Ib	22Sig CMa	
3117	119.19458	-52.98222	3.47	-0.18	B3IVp	Chi Car	
5681	228.87583	33.31472	3.47	+0.95	G8IIIFe-1	49Del Boo	
7635	299.68917	19.49222	3.47	+1.57	M0-III	12Gam Sge	
4377	169.61958	33.09417	3.48	+1.40	K3-IIIBa0.3	54Nu UMa	Alula Borealis
6406	258.66208	14.39028	3.48	+1.44	M5Ib-II	64Alp1Her	
8684	342.50083	24.60167	3.48	+0.93	G8+III	48Mu Peg	
8675	342.13875	-51.31694	3.49	+0.08	A3V	Eps Gru	
509	26.01708	-15.93750	3.50	+0.72	G8V	52Tau Cet	
5602	225.48667	40.39056	3.50	+0.97	G8IIIaBa0.3Fe-0.5	42Bet Boo	
6897	276.74333	-45.96833	3.51	-0.17	B3IV	Alp Tel	
7150	284.43250	-21.10667	3.51	+1.18	K1III	37Xi 2Sgr	
3249	124.12875	9.18556	3.52	+1.48	K4IIIBa0.5	17Bet Cnc	
3852	145.28750	9.89222	3.52	+0.49	F6II+A1-5V	14Omi Leo	
3975	151.83333	16.76278	3.52	-0.03	A0Ib	30Eta Leo	
8694	342.42000	66.20056	3.52	+1.05	K0-III	32Iot Cep	
1409	67.15417	19.18028	3.53	+1.01	G9.5IIICN0.5	74Eps Tau	
2777	110.03083	21.98222	3.53	+0.34	F2IV	55Del Gem	Wasat
5881	237.40500	-3.43028	3.53	-0.04	A0V	32Mu Ser	
6220	250.72417	38.92222	3.53	+0.92	G7.5IIIbFe-1	44Eta Her	
8450	332.55000	6.19778	3.53	+0.08	A2Vp	26The Peg	
1136	55.81208	-9.76333	3.54	+0.92	K0+IV	23Del Eri	
1879	83.78458	9.93417	3.54	-0.18	O8III((f))	39Lam Ori	
3940	149.21583	-54.56778	3.54	-0.08	B5Ib	Phi Vel	
4450	173.25042	-31.85778	3.54	+0.94	G7III	Xi Hya	
6561	264.39667	-15.39861	3.54	+0.26	F0IVDel Sct	55Xi Ser	
1998	86.73875	-14.82194	3.55	+0.10	A3Vn	14Zet Lep	
5354	214.85083	-46.05778	3.55	-0.18	B2.5IV	Iot Lup	
74	4.85708	-8.82389	3.56	+1.22	K1.5III	8Iot Cet	
674	34.12750	-51.51222	3.56	-0.12	B8V-IV	Phi Eri	
1347	64.47375	-33.79833	3.56	-0.12	B9V	41Ups4Eri	
4382	169.83542	-14.77861	3.56	+1.12	G8III-IV	12Del Crt	
5705	230.45167	-36.26139	3.56	+1.54	K5III	Phi1Lup	
7665	302.18167	-66.18194	3.56	+0.76	G6-8IV	Del Pav	
464	24.49833	48.62833	3.57	+1.28	K3-III	51 And	
2985	116.11167	24.39806	3.57	+0.93	G8IIIa	77Kap Gem	Kappa Gem
6252	253.08375	-38.01750	3.57	-0.21	B2IV	Mu 2Sco	
6927	275.26417	72.73278	3.57	+0.49	F7V	44Chi Dra	
7754	304.51375	-12.54472	3.57	+0.94	G8IIIb	6Alp2Cap	
2763	109.52333	16.54028	3.58	+0.11	A3V	54Lam Gem	
5429	217.95750	30.37139	3.58	+1.30	K3-III	25Rho Boo	
5794	234.25625	-28.13500	3.58	+1.38	K3III	39Ups Lib	
4700	185.34000	-60.40111	3.59	+1.42	K3-4III	Eps Cru	
402	21.00583	-8.18333	3.60	+1.06	K0III-IIIb	45The Cet	
1030	51.20333	9.02889	3.60	+0.89	G6IIIFe-1	1Omi Tau	
1735	79.40167	-6.84444	3.60	-0.11	B5III	20Tau Ori	
1983	86.11583	-22.44833	3.60	+0.47	F6V	13Gam Lep	
2540	103.19708	33.96111	3.60	+0.10	A3III	34The Gem	
3594	135.90625	47.15667	3.60	0.00	A1Vn	12Kap UMa	
3786	142.67500	-40.46667	3.60	+0.36	F3IV+F0IV	Psi Vel	
3017	116.31375	-37.96861	3.61	+1.73	K2.5Ib-II		
3994	152.64708	-12.35417	3.61	+1.01	K0IIICN1	41Lam Hya	
4540	177.67375	1.76472	3.61	+0.55	F9V	5Bet Vir	Zavijava
437	22.87083	15.34583	3.62	+0.97	G7IIIa	99Eta Psc	
3447	130.07333	-52.92194	3.62	-0.18	B3IV		
4923	195.56750	-71.54889	3.62	+1.18	K2III	Del Mus	
6271	253.64583	-42.36139	3.62	+1.37	K4III	Zet2Sco	
6500	262.77458	-60.68389	3.62	-0.10	B8Vn	Del Ara	
6582	266.43333	-64.72389	3.62	+1.19	K2II	Eta Pav	
8762	345.48042	42.32611	3.62	-0.09	B6IIIpe+A2p	1Omi And	
838	42.49583	27.26056	3.63	-0.10	B8Vn	41 Ari	
1178	57.29042	24.05333	3.63	-0.09	B8III	27 Tau	
7882	309.38750	14.59528	3.63	+0.44	F5IV	6Bet Del	
4520	176.40167	-66.72861	3.64	+0.16	A7III	Lam Mus	
1346	64.94833	15.62750	3.65	+0.99	K0-IIIabCN1	54Gam Tau	
4825	190.41500	-1.44944	3.65	+0.36	F0V	29Gam Vir	Porrima
5291	211.09708	64.37583	3.65	-0.05	A0III	11Alp Dra	Thuban
7986	313.70250	-58.45417	3.65	+1.25	K1II	Bet Ind	
153	9.24292	53.89694	3.66	-0.20	B2IV	17Zet Cas	
5812	234.66417	-29.77778	3.66	-0.17	B2.5V	40Tau Lib	
6743	271.65792	-50.09167	3.66	-0.08	B2Ib	The Ara	
8812	347.36167	-21.17250	3.66	+1.22	K1III	88 Aqr	
3757	142.88208	63.06194	3.67	+0.33	F0IV	23 UMa	
5867	236.54708	15.42194	3.67	+0.06	A2IV	28Bet Ser	
3468	130.89792	-33.18639	3.68	-0.18	B1.5III	Alp Pyx	
4826	190.41500	-1.44944	3.68		F0V	29Gam Vir	
5747	231.95708	29.10583	3.68	+0.28	F0p	3Bet CrB	
8278	325.02292	-16.66222	3.68	+0.32	F0p	40Gam Cap	
1003	49.87917	-21.75778	3.69	+1.62	M3.5IIIaCa-1	16Tau4Eri	
1552	72.80167	5.60500	3.69	-0.17	B2III+B2IV	3Pi 4Ori	
3884	146.31167	-62.50778	3.69	+1.22	G5Iab-Ib		
8852	349.29125	3.28222	3.69	+0.92	G9-III:Fe-2	6Gam Psc	
566	28.98958	-51.60889	3.70	+0.85	G8IIIbCNIV	Chi Eri	
1142	56.21875	24.11333	3.70	-0.11	B6III	17 Tau	
6703	269.44125	29.24778	3.70	+0.94	G8+III	92Xi Her	
2085	89.10125	-14.16778	3.71	+0.33	F1III	16Eta Lep	
4518	176.51250	47.77944	3.71	+1.18	K0.5IIIb	63Chi UMa	
5892	237.70417	4.47778	3.71	+0.15	A2Vm	37Eps Ser	
7602	298.82833	6.40667	3.71	+0.86	G8IV	60Bet Aql	Alshain
1567	73.56292	2.44056	3.72	-0.18	B3III+B0V	8Pi 5Ori	
2077	89.88167	54.28472	3.72	+1.00	K0-III	33Del Aur	
5511	221.56208	1.89278	3.72	-0.01	A0V	109 Vir	
8079	316.23292	43.92778	3.72	+1.65	K4.5Ib-II	62Xi Cyg	
8130	318.69792	38.04556	3.72	+0.39	F2IV	65Tau Cyg	
539	27.86500	-10.33500	3.73	+1.14	K0IIIBa0.1	55Zet Cet	
1084	53.23250	-9.45833	3.73	+0.88	K2V	18Eps Eri	
3080	118.05417	-40.57583	3.73	+1.04	K1-2II+A0		
6771	271.83750	9.56389	3.73	+0.12	A4IV s	72 Oph	
1038	51.79250	9.73278	3.74	-0.09	B9Vn	2Xi Tau	
8204	321.66667	-22.41139	3.74	+1.00	G4Ib	34Zet Cap	
8698	343.15375	-7.57972	3.74	+1.64	M2.5IIIaFe-1	73Lam Aqr	
1612	75.61958	41.07583	3.75	+1.22	K4II+B8V	8Zet Aur	
3614	136.03875	-47.09778	3.75	+1.20	K2III		
6095	245.48000	19.15306	3.75	+0.27	A9III	20Gam Her	
6629	266.97333	2.70722	3.75	+0.04	A0Vnp	62Gam Oph	
6688	268.38208	56.87278	3.75	+1.18	K2-III	32Xi Dra	Grumium
8571	337.29292	58.41528	3.75	+0.60	F5Ib-G2Ib	27Del Cep	
834	42.67417	55.89556	3.76	+1.68	K3-Ib-IIa	15Eta Per	
1373	65.73375	17.54250	3.76	+0.98	K0-IIICN0.5	61Del1Tau	
1922	83.40625	-62.48972	3.76	+0.82	F6Ia	Bet Dor	
6229	252.44625	-59.04139	3.76	+1.57	K5III	Eta Ara	
8254	325.36875	-77.39000	3.76	+1.00	K0III	Nu Oct	
8430	331.75292	25.34500	3.76	+0.44	F5V	24Iot Peg	
1135	56.29833	42.57861	3.77	+0.42	F5II	41Nu Per	
3347	126.43417	-66.13694	3.77	+1.13	K1III	Bet Vol	
7217	286.17083	-21.74167	3.77	+1.01	G9IIIb	39Omi Sgr	
7328	289.27583	53.36861	3.77	+0.96	G9III	1Kap Cyg	
7906	309.90958	15.91194	3.77	-0.06	B9IV	9Alp Del	
7950	311.91917	-9.49583	3.77	0.00	A1V	2Eps Aqr	
8585	337.82292	50.28250	3.77	+0.01	A1V	7Alp Lac	
2736	107.18708	-70.49889	3.78	+1.04	K0III	Gam2Vol	
4257	163.37333	-58.85333	3.78	+0.95	K1III		
2650	106.02708	20.57028	3.79	+0.79	F7-G3Ib	43Zet Gem	
2821	111.43167	27.79806	3.79	+1.03	G9IIIbHdel -1	60Iot Gem	
7420	292.42625	51.72972	3.79	+0.14	A5Vn	10Iot2Cyg	
7735	303.40792	46.74139	3.79	+1.28	K2II+B3V	31 Cyg	
941	47.37417	44.85722	3.80	+0.98	K0III	27Kap Per	
3888	147.74750	59.03861	3.80	+0.29	F2IV	29Ups UMa	
4058	154.99417	19.84056	3.80		G7IIIFe-1	41Gam2Leo	
5788	233.70042	10.53750	3.80	+0.26	F0IV	13Del Ser	
5789	233.70042	10.53917	3.80	+0.26	F0IV	13Del Ser	
6588	264.86625	46.00639	3.80	-0.18	B3IV	85Iot Her	
1931	84.68667	-2.60000	3.81	-0.24	O9.5V	48Sig Ori	
2035	87.83042	-20.87917	3.81	+0.99	K0IIIFe-1.5CH0.5	15Del Lep	
4094	156.52250	-16.83639	3.81	+1.48	K4.5III	42Mu Hya	
1464	68.88750	-30.56222	3.82	+0.98	G8IIIa	52Ups2Eri	
3690	139.71125	36.80250	3.82	+0.06	A3V	38 Lyn	
4114	156.96958	-58.73944	3.82	+0.31	F2II		
6149	247.72833	1.98389	3.82	+0.01	A0V+A4V	10Lam Oph	
7536	296.84708	18.53417	3.82	+1.41	M2II+A0V	7Del Sge	
8961	354.39125	46.45806	3.82	+1.01	G8III-IV	16Lam And	
1131	56.07958	32.28833	3.83	+0.05	B1III	38Omi Per	
4247	163.32792	34.21500	3.83	+1.04	K0+III-IV	46 LMi	
5248	209.56792	-42.10083	3.83	-0.21	B2IV	Phi Cen	
5470	221.96500	-79.04472	3.83	+1.43	K3IIIa	Alp Aps	
6779	271.88583	28.76250	3.83	-0.03	B9.5V	103Omi Her	
7582	297.04333	70.26778	3.83	+0.89	G7IIIbCN-2	63Eps Dra	Epsilon Dra
1411	67.14375	15.96222	3.84	+0.95	K0IIIbFe-0.5	77The1Tau	
3445	130.15667	-46.64889	3.84	+0.71	F3Ia		
3571	133.76167	-60.64472	3.84	-0.10	B8-9II		
4167	159.32542	-48.22583	3.84	+0.30	F4IV+F3		
4434	172.85083	69.33111	3.84	+1.62	M0IIICa-1	1Lam Dra	
5849	235.68583	26.29556	3.84	0.00	B9IV+A3V	8Gam CrB	
6895	275.92458	21.76972	3.84	+1.18	K2.5IIIab	109 Her	
8518	335.41417	-1.38722	3.84	-0.05	A0V	48Gam Aqr	
1175	56.05000	-64.80694	3.85	+1.13	K2+III	Bet Ret	
2020	86.82125	-51.06639	3.85	+0.17	A5V	Bet Pic	
2296	95.52833	-33.43639	3.85	+0.88	G7II	Del Col	
2749	108.70292	-26.77278	3.85	-0.17	B2IV-Ve	28Ome CMa	
4023	153.68417	-42.12194	3.85	+0.05	A2V		
4133	158.20292	9.30667	3.85	-0.14	B1Ib	47Rho Leo	
5933	239.11333	15.66167	3.85	+0.48	F6V	41Gam Ser	
6030	243.85958	-63.68556	3.85	+1.11	G2Ib-IIa	Del TrA	
6973	278.80167	-8.24417	3.85	+1.33	K3-III-IIIb	Alp Sct	
1326	63.50042	-42.29444	3.86	+1.10	K1III	Alp Hor	
4802	189.42583	-48.54111	3.86	+0.05	A2V	Tau Cen	
6695	269.06333	37.25056	3.86	+1.35	K1IIaCN+2	91The Her	
6812	273.44083	-21.05889	3.86	+0.23	B8Iap	13Mu Sgr	
269	14.18833	38.49944	3.87	+0.13	A5V	37Mu And	
963	48.01792	-28.98694	3.87	+0.52	F8V	Alp For	
1149	56.45667	24.36778	3.87	-0.07	B8III	20 Tau	
1481	69.54500	-14.30389	3.87	+1.09	K2IIIb	53 Eri	
1862	82.80292	-35.47056	3.87	+1.14	K1IIIa	Eps Col	
2580	103.53292	-24.18389	3.87	+1.73	K2+Iab	16Omi1CMa	
4773	188.11667	-72.13306	3.87	-0.15	B5V	Gam Mus	
4787	188.37083	69.78833	3.87	-0.13	B6IIIpe	5Kap Dra	
5249	209.67000	-44.80361	3.87	-0.20	B2IV-V	Ups1Cen	
5646	227.98375	-48.73778	3.87	-0.05	B9.5Vne	Kap1Lup	
25	2.35292	-45.74750	3.88	+1.03	K0III	Eps Phe	
3665	138.59125	2.31417	3.88	-0.06	B9.5V	22The Hya	
3905	148.19083	26.00694	3.88	+1.22	K2IIICN1Ca1	24Mu Leo	
5089	202.76125	-39.40750	3.88	+1.17	G9Ib*		
5487	220.76500	-5.65833	3.88	+0.38	F2III	107Mu Vir	
5928	239.22125	-29.21417	3.88	-0.20	B2IV-V	5Rho Sco	
874	44.10708	-8.89806	3.89	+1.11	K1-IIIbBa0.2:	3Eta Eri	
4390	170.25167	-54.49111	3.89	-0.15	B5Vn	Pi Cen	
4689	184.97667	-0.66694	3.89	+0.02	A2IV	15Eta Vir	Zaniah
6092	244.93500	46.31333	3.89	-0.15	B5IV	22Tau Her	
6102	248.36250	-78.89722	3.89	+0.91	G8-K0III	Gam Aps	
7615	299.07667	35.08333	3.89	+1.02	K0III	21Eta Cyg	
3314	126.41500	-3.90639	3.90	-0.02	A0V		
7570	298.11833	1.00556	3.90	+0.89	F6Ib	55Eta Aql	
8820	347.59000	-45.24667	3.90	+1.02	K1III	Iot Gru	
1251	60.78917	5.98917	3.91	+0.03	A1V	38Nu Tau	
3487	131.50708	-46.04167	3.91	0.00	A1III		
3845	144.96417	-1.14278	3.91	+1.32	K2.5III-IIIbBa0.3	35Iot Hya	
4337	167.14750	-58.97500	3.91	+1.23	G40-Ia		
4743	187.01000	-50.23056	3.91	-0.19	B2V	Sig Cen	
5787	233.88167	-14.78944	3.91	+1.01	G8.5III	38Gam Lib	
338	17.09625	-55.24583	3.92	-0.08	B6V+B9V	Zet Phe	
6324	255.07250	30.92639	3.92	-0.01	A0V	58Eps Her	
8131	318.95583	5.24778	3.92	+0.53	G0III+A5V	8Alp Equ	
1463	69.07958	-3.35250	3.93	-0.21	B2III	48Nu Eri	
2970	115.31167	-9.55111	3.93	+1.02	K0III	26Alp Mon	
7340	290.41833	-17.84722	3.93	+0.22	F0IV-V	44Rho1Sgr	
100	6.55083	-43.68000	3.94	+0.17	A7V	Kap Phe	
3461	131.17125	18.15417	3.94	+1.08	K0III-IIIb	47Del Cnc	Asellus Australis
4399	170.98125	10.52917	3.94	+0.41	F4IV	78Iot Leo	
8028	314.29333	41.16722	3.94	+0.02	A1Vn	58Nu Cyg	
440	22.81292	-49.07278	3.95	+0.99	K0III	Del Phe	
854	43.56458	52.76250	3.95	+0.74	G4III+A4V	18Tau Per	
2429	99.17083	-19.25583	3.95	+1.06	K1III	7Nu 2CMa	
3024	115.45500	-72.60611	3.95	+1.04	K0III	Zet Vol	
5055	200.98500	54.92167	3.95	+0.13	A1m	79Zet UMa	
5883	237.73958	-33.62722	3.95	-0.04	B9IV	5Chi Lup	
8667	341.63292	23.56556	3.95	+1.07	G8IIIa*	47Lam Peg	
1393	66.00917	-34.01694	3.96	+1.49	K4III	43 Eri	
2120	89.78667	-42.81528	3.96	+1.14	K0III	Eta Col	
2538	102.46042	-32.50861	3.96	-0.23	B1.5IVne	13Kap CMa	
2996	115.95208	-28.95472	3.96	+0.18	A2Iabe	3 Pup	
4638	182.91292	-52.36861	3.96	-0.15	B3V	Rho Cen	
5993	241.70167	-20.66917	3.96	-0.04	B1V	9Ome1Sco	
7590	300.14792	-72.91056	3.96	-0.03	A0V	Eps Pav	
2012	87.87250	39.14861	3.97	+1.13	G9.5III*	32Nu Aur	
3438	130.02583	-35.30833	3.97	+0.94	G7Ib-II	Bet Pyx	
3579	135.16000	41.78278	3.97	+0.44	F5V		
3663	137.81917	-62.31722	3.97	-0.18	B3III		
6714	270.16125	2.93167	3.97	+0.02	B5Ib	67 Oph	
7348	290.97167	-40.61611	3.97	-0.10	B8V	Alp Sgr	
8556	337.31750	-43.49556	3.97	+1.03	G6-8III	Del1Gru	
8892	350.74250	-20.10056	3.97	+1.10	K0III	98 Aqr	
580	30.85875	72.42139	3.98	-0.01	A2V	50 Cas	
2227	93.71375	-6.27472	3.98	+1.32	K1.5IIIBa0.3	5Gam Mon	
2803	109.20750	-67.95722	3.98	+0.79	F6II	Del Vol	
7751	303.86792	47.71444	3.98	+1.52	K3Ib+B3V	32 Cyg	
8848	349.35750	-58.23583	3.99	+0.40	F1III	Gam Tuc	
585	30.00125	-21.07778	4.00	+1.57	M0III	59Ups Cet	
868	43.47042	-49.89028	4.00	+2.11	M7IIIe		
3615	135.61167	-66.39611	4.00	+0.14	A2-3IVm	Alp Vol	
4102	156.09875	-74.03167	4.00	+0.35	F2IV		
5471	220.49000	-37.79361	4.00	-0.17	B3V		
664	34.32875	33.84722	4.01	+0.02	A1Vnn	9Gam Tri	
3518	132.63292	-27.71000	4.01	+1.27	K3-III	Gam Pyx	
5062	201.30625	54.98806	4.01	+0.16	A5V	80 UMa	Alcor
5986	240.47208	58.56528	4.01	+0.52	F8IV	13The Dra	
6027	242.99875	-19.46056	4.01	+0.04	B3V	14Nu Sco	
6982	280.75875	-71.42806	4.01	+1.14	K0III	Zet Pav	
7337	290.65958	-44.45889	4.01	-0.10	B9V	Bet1Sgr	
7834	307.34875	30.36861	4.01	+0.40	F5II	41 Cyg	
8679	342.39792	-13.59250	4.01	+1.57	M0III	71Tau2Aqr	
9072	359.82792	6.86333	4.01	+0.42	F4IV	28Ome Psc	
1520	71.37542	-3.25472	4.02	-0.15	B5IV	57Mu Eri	
3475	131.67417	28.76000	4.02	+1.01	G7.5IIIaBa0.1	48Iot Cnc	
4623	182.10333	-24.72889	4.02	+0.32	F2III-IV	1Alp Crv	
6072	244.96000	-50.15556	4.02	+1.08	G8III	Gam2Nor	
7176	284.90583	15.06833	4.02	+1.08	K1-IIICN0.5Ba0.2	13Eps Aql	
7193	285.42000	-5.73889	4.02	+1.09	K1III	12 Aql	
8252	323.49542	45.59194	4.02	+0.89	G8IIIFe-0.5	73Rho Cyg	
8597	338.83917	-0.11750	4.02	-0.09	B9IV-Vn	62Eta Aqr	
1603	75.85458	60.44222	4.03	+0.92	G1Ib-IIa	10Bet Cam	
4517	176.46500	6.52944	4.03	+1.51	M1IIIab	3Nu Vir	
4898	193.64833	-57.17778	4.03	-0.17	B2IV-V	Mu 1Cru	
6752	271.36375	2.49944	4.03	+0.86	K0V	70 Oph	
7852	308.30333	11.30333	4.03	-0.13	B6III	2Eps Del	
1228	59.74125	35.79111	4.04	+0.01	O7.5III(n)((f))	46Xi Per	
1273	62.16542	47.71250	4.04	-0.03	B3Ve	48 Per	
1298	62.96625	-6.83750	4.04	+0.33	F2II-III	38Omi1Eri	
4679	184.60875	-64.00306	4.04	-0.17	B2.5V	Zet Cru	
7157	283.83375	43.94611	4.04	+1.59	M5III	13 Lyr	
937	47.26667	49.61333	4.05	+0.59	G0V	Iot Per	
4386	170.28417	6.02944	4.05	-0.06	B9.5V s	77Sig Leo	
5367	215.13917	-37.88528	4.05	-0.03	A0IV	Psi Cen	
5404	216.29917	51.85083	4.05	+0.50	F7V	23The Boo	
5453	219.47167	-49.42583	4.05	-0.15	B5V	Rho Lup	
5485	220.91417	-35.17361	4.05	+1.35	K3IIIb		
5626	227.21083	-45.27972	4.05	-0.18	B3V	Lam Lup	
215	11.83458	24.26722	4.06	+1.12	K1IIe	34Zet And	
2905	113.98042	26.89583	4.06	+1.54	M0III-IIIb	69Ups Gem	
6295	254.89625	-53.16056	4.06	+1.45	K4IIIab	Eps1Ara	
496	25.91500	50.68861	4.07	-0.04	B2Vep	Phi Per	
779	39.87083	0.32861	4.07	-0.22	B2IV	82Del Cet	
1580	74.09292	13.51444	4.07	+1.15	K2-IIIFe-1	9Omi2Ori	
2574	103.54750	-12.03861	4.07	+1.43	K4III	14The CMa	
3318	124.63167	-76.91972	4.07	+0.39	F5III	Alp Cha	
3477	131.10000	-42.64917	4.07	+0.87	G5III		
5200	207.36917	15.79778	4.07	+1.52	K5.5III	5Ups Boo	
5670	229.37833	-58.80111	4.07	+0.09	A3V	Bet Cir	
8075	316.48667	-17.23278	4.07	-0.01	A1V	23The Cap	
3825	143.61125	-59.22944	4.08	+0.01	B5II		
4287	164.94375	-18.29889	4.08	+1.09	K0+III	7Alp Crt	Alkes
4405	171.22042	-17.68389	4.08	+0.21	A5V	15Gam Crt	
5338	214.00375	-6.00056	4.08	+0.52	F6III	99Iot Vir	Syrma
8173	320.52167	19.80444	4.08	+1.11	K1III	1 Peg	
8316	325.87667	58.78000	4.08	+2.35	M2-Ia	Mu Cep	
458	24.19917	41.40556	4.09	+0.54	F8V	50Ups And	
705	35.43708	-68.65944	4.09	+0.03	A3V	Del Hyi	
919	45.59792	-23.62444	4.09	+0.16	A4IV	11Tau3Eri	
1907	84.22625	9.29056	4.09	+0.95	K0IIIbFe-2	40Phi2Ori	
5879	237.18500	18.14167	4.09	+1.62	M0.5IIIab	35Kap Ser	
794	40.16667	-39.85556	4.11	+1.02	K0III	Iot Eri	
806	39.89750	-68.26694	4.11	-0.06	B9V	Eps Hyi	
1066	52.71833	12.93667	4.11	+1.12	K0II-IIIFe-0.5	5 Tau	
3055	117.30958	-46.37333	4.11	-0.18	B0III		
4174	158.86708	-78.60778	4.11	+1.58	M0III	Gam Cha	
4522	176.62833	-61.17833	4.11	+0.90	G5Ib-II		
4671	184.39208	-67.96083	4.11	+1.58	M5III	Eps Mus	
5771	234.18000	-66.31694	4.11	+1.17	K1-2III	Eps TrA	
7254	287.36792	-37.90444	4.11	+0.04	A2V	Alp CrA	
7259	287.50708	-39.34083	4.11	+1.20	K0II	Bet CrA	
7980	312.95542	-26.91917	4.11	+1.64	M0-III-IIIbBa0.2	18Ome Cap	
8560	337.43958	-43.74944	4.11	+1.57	M4.5IIIa	Del2Gru	
799	41.05000	49.22833	4.12	+0.49	F8V	13The Per	
2124	90.59583	9.64750	4.12	+0.16	A2V	61Mu Ori	
2657	105.93958	-15.63333	4.12	-0.12	B8II	23Gam CMa	Muliphein
3903	147.86958	-14.84667	4.12	+0.92	G7-III	39Ups1Hya	
4608	181.30208	8.73306	4.12	+0.98	G8IIIaCN-1Ba1CH1	9Omi Vir	
8747	345.22000	-52.75417	4.12	+0.98	G8-K0III	Zet Gru	
6905	277.20792	-49.07083	4.13	+1.02	G8-K0III	Zet Tel	
7581	298.81542	-41.86833	4.13	+1.08	K0II-III	Iot Sgr	
8315	326.16125	25.64500	4.13	+0.43	F5IV	10Kap Peg	
8498	333.99250	37.74889	4.13	+1.46	K3-II-III	1 Lac	
8969	354.98750	5.62639	4.13	+0.51	F7V	17Iot Psc	
1303	63.72458	48.40944	4.14	+0.95	G0Ib	51Mu Per	
1784	80.98667	-7.80806	4.14	+0.96	G8IIIFe-0.5	29 Ori	
3426	129.41125	-42.98917	4.14	+0.11	A6II		
5778	233.23250	31.35917	4.14	-0.13	B6Vnne	4The CrB	
7936	311.52375	-25.27083	4.14	+0.43	F4V	16Psi Cap	
8976	355.10208	44.33389	4.14	-0.08	B9IVn	19Kap And	
2343	97.24083	20.21222	4.15	-0.13	B6IIIe	18Nu Gem	
2714	107.96625	-0.49278	4.15	-0.01	A2V	22Del Mon	
4616	181.72042	-64.61361	4.15	+0.34	F2III	Eta Cru	
5908	238.45625	-16.72944	4.15	+1.02	G8.5IIIb	46The Lib	
5947	239.39708	26.87778	4.15	+1.23	K2IIIab	13Eps CrB	
8630	341.51375	-81.38167	4.15	+0.20	A9IV-V	Bet Oct	
130	8.25000	62.93167	4.16	+0.14	B1Ia	15Kap Cas	
2134	91.03000	23.26333	4.16	+0.82	G7III	1 Gem	
3410	129.41417	5.70361	4.16	0.00	A1Vnn	4Del Hya	
6166	249.09375	-35.25556	4.16	+1.57	K6III		
8499	334.20833	-7.78333	4.16	+0.98	G8III-IV	43The Aqr	
1195	57.36375	-36.20028	4.17	+0.95	G9II-III		
6486	261.59250	-24.17528	4.17	+0.28	A3m	44 Oph	
8628	340.16417	-27.04361	4.17	-0.11	B8V	18Eps PsA	
1156	56.58167	23.94833	4.18	-0.06	B6IVe	23 Tau	
2852	112.27792	31.78444	4.18	+0.32	F0V	62Rho Gem	
5351	214.09583	46.08833	4.18	+0.08	A0p	19Lam Boo	
5192	207.36125	-34.45083	4.19	+1.50	M4.5III	2 Cen	
5315	213.22417	-10.27361	4.19	+1.33	K2.5IIIFe-0.5	98Kap Vir	
7061	281.41542	20.54639	4.19	+0.46	F6V	110 Her	
8494	333.75833	57.04361	4.19	+0.28	F0IV	23Eps Cep	
8665	341.67333	12.17278	4.19	+0.50	F6III-IV	46Xi Peg	
1839	82.69625	5.94806	4.20	-0.14	B5V	32 Ori	
3102	119.21458	-22.88000	4.20	+0.72	F7II	11 Pup	
6168	248.52583	42.43694	4.20	-0.01	B9V	35Sig Her	
1035	52.26708	59.94028	4.21	+0.41	B9Ia		
1949	85.19000	-1.94278	4.21		B0III	50Zet Ori	
4100	156.97083	36.70722	4.21	+0.90	G9IIIab	31Bet LMi	
8720	343.98708	-32.53972	4.21	+0.97	G8III	23Del PsA	
8841	348.97292	-9.08778	4.21	+1.11	K0III	91Psi1Aqr	
1387	66.34208	22.29389	4.22	+0.13	A7IV-V	65Kap1Tau	
6920	275.18958	71.33778	4.22	-0.10	A0pSi:	43Phi Dra	
7063	281.79375	-4.74778	4.22	+1.10	G4IIa	Bet Sct	
7074	283.05417	-62.18750	4.22	-0.14	B2II-IIIe	Lam Pav	
7850	307.39542	62.99417	4.22	+0.20	A7III	2The Cep	
7942	311.41542	30.71972	4.22	+1.05	G9.5III	52 Cyg	
8181	321.61083	-65.36611	4.22	+0.49	F6V	Gam Pav	
8834	348.58083	-6.04889	4.22	+1.56	M1.5III	90Phi Aqr	
77	5.01792	-64.87472	4.23	+0.58	F9V	Zet Tuc	
840	42.64625	38.31861	4.23	+0.34	F2III	16 Per	
1087	54.12250	48.19278	4.23	-0.06	B5Ve	37Psi Per	
1173	56.71208	-23.24972	4.23	+0.42	F3III	27Tau6Eri	
5168	206.42167	-33.04389	4.23	+0.38	F3IV	1 Cen	
5987	241.64792	-36.80222	4.23	-0.17	B2.5Vn	The Lup	
6143	247.84542	-34.70444	4.23	-0.16	B2III-IV		
6322	251.49208	82.03722	4.23	+0.89	G5III	22Eps UMi	
7564	297.64125	32.91417	4.23	+1.82	S6+/1e	Chi Cyg	
8143	319.35417	39.39472	4.23	+0.12	B9Iab	67Sig Cyg	
8335	326.69833	49.30944	4.23	-0.12	B3III	81Pi 2Cyg	
3090	118.32583	-48.10306	4.24	-0.14	B0.5Ib		
6163	250.76917	-77.51750	4.24	+1.06	K0III	Bet Aps	
7747	304.41208	-12.50833	4.24	+1.07	G3Ib	5Alp1Cap	
285	17.18625	86.25694	4.25	+1.21	K2II-III		
335	17.37583	47.24194	4.25	-0.07	B7Ve	42Phi And	
721	36.74625	-47.70389	4.25	-0.14	B5IV	Kap Eri	
811	41.03083	-13.85861	4.25	-0.14	B7V	89Pi Cet	
1338	64.00667	-51.48667	4.25	+0.30	F4III	Gam Dor	
1454	69.17250	41.26472	4.25	+1.22	K4III+A3V	58 Per	
1458	68.91375	10.16083	4.25	+0.18	A5m	88 Tau	
3275	125.70875	43.18806	4.25	+1.55	K4.5III-IIIb	31 Lyn	
3572	134.62167	11.85778	4.25	+0.14	A5m	65Alp Cnc	Acubens
4104	156.78792	-31.06778	4.25	+1.45	K4III	Alp Ant	
5430	216.88125	75.69611	4.25	+1.44	K4-IIIBa0.3	5 UMi	
510	26.34833	9.15778	4.26	+0.96	G8III	110Omi Psc	
2091	89.98375	45.93694	4.26	+1.72	M3II	35Pi Aur	
4674	184.58625	-79.31222	4.26	-0.12	B5Vn	Bet Cha	
4785	188.43542	41.35750	4.26	+0.59	G0V	8Bet CVn	Chara
4983	197.96833	27.87806	4.26	+0.57	F9.5V	43Bet Com	
5264	210.41167	1.54444	4.26	+0.10	A3V	93Tau Vir	
6023	242.19250	44.93500	4.26	-0.07	B9p:Mn:	11Phi Her	
6581	265.35375	-12.87528	4.26	+0.08	A2V	56Omi Ser	
813	41.23542	10.11417	4.27	+0.31	F0IV	87Mu Cet	
1008	49.98208	-43.06972	4.27	+0.71	G8V		
1088	53.44708	-21.63278	4.27	-0.11	B8V+B8V	19Tau5Eri	
1473	69.53958	12.51083	4.27	+0.12	A6V	90 Tau	
1679	77.28667	-8.75417	4.27	-0.19	B2IVne	69Lam Eri	
3206	122.37208	-47.34583	4.27	-0.23	B1IV	Gam1Vel	
4889	193.35917	-40.17889	4.27	+0.21	A7III		
4942	196.72750	-49.90611	4.27	-0.19	B1.5V	Xi 2Cen	
5683	229.63333	-47.87500	4.27	-0.08	B8Ve	Mu Lup	
7948	311.66458	16.12417	4.27	+1.04	K1IV	12Gam2Del	
8418	331.60917	-13.86972	4.27	-0.07	B9IV-V	33Iot Aqr	
294	15.73583	7.89000	4.28	+0.96	K0III	71Eps Psc	
718	37.03958	8.46000	4.28	-0.06	B9III	73Xi 2Cet	
1101	54.21833	0.40167	4.28	+0.58	F9IV-V	10 Tau	
1392	66.57708	22.81361	4.28	+0.26	A8Vn	69Ups Tau	
1497	70.56125	22.95694	4.28	-0.13	B3V	94Tau Tau	
2973	115.82792	28.88361	4.28	+1.12	K1III	75Sig Gem	
4180	159.82667	-55.60333	4.28	+1.04	G2-3Ib		
4552	178.22750	-33.90806	4.28	-0.10	B9IIIpSi	Bet Hya	
6147	247.78458	-16.61278	4.28	+0.92	G8+IIIa	8Phi Oph	
8167	320.56167	-16.83444	4.28	+0.90	G7IIIFe-1.5	32Iot Cap	
8787	346.72000	-43.52056	4.28	+0.42	F5mDel Del	The Gru	
8916	351.99208	6.37889	4.28	+1.07	K1III	10The Psc	
1261	61.64583	50.35139	4.29	+0.02	A0IVn	47Lam Per	
1320	63.88375	8.89222	4.29	-0.06	B3IV	49Mu Tau	
1389	66.37250	17.92806	4.29	+0.05	A2IV	68Del3Tau	
1542	73.51250	66.34278	4.29	+0.03	O9.5Ia	9Alp Cam	
1756	79.89375	-13.17667	4.29	-0.26	B0.5IV	6Lam Lep	
3751	144.27167	81.32639	4.29	+1.48	K3IIIa		
6492	261.83875	-29.86694	4.29	+0.40	F5IVDel Sct*	45 Oph	
6546	264.13667	-38.63528	4.29	+1.09	K0IIIb		
7343	290.80500	-44.79972	4.29	+0.34	F2III	Bet2Sgr	
8334	326.36208	61.12083	4.29	+0.52	A2Ia	10Nu Cep	
8417	330.94750	64.62778	4.29	+0.34	A3/6Vm	17Xi Cep	
8454	332.49667	33.17833	4.29	+0.46	F5III	29Pi 2Peg	
8576	337.87625	-32.34611	4.29	+0.01	A0V	17Bet PsA	
8965	354.53417	43.26806	4.29	-0.10	B8V	17Iot And	
1145	56.30208	24.46722	4.30	-0.11	B6IV	19 Tau	
3454	130.80625	3.39861	4.30	-0.20	B3V	7Eta Hya	
4471	174.23708	-0.82389	4.30	+1.00	G8.5IIICN-0.5	91Ups Leo	
7139	283.62583	36.89889	4.30	+1.68	M4II	12Del2Lyr	
7740	303.34958	56.56778	4.30	+0.11	A3IV-Vn	33 Cyg	
280	14.65167	-29.35750	4.31	-0.16	B7IIIp	Alp Scl	
3773	142.93000	22.96806	4.31	+1.54	K5III	4Lam Leo	
4775	188.01750	-16.19611	4.31	+0.38	F2III-IV	8Eta Crv	
5733	231.12250	37.37722	4.31	+0.31	F2IVa	51Mu 1Boo	
1496	70.11042	-19.67167	4.32	+1.61	M4III	54 Eri	
2854	112.04083	8.92556	4.32	+1.43	K3-IIIFe-0.5	4Gam CMi	
3484	131.59375	-13.54778	4.32	+0.90	G8-IIIFe-1	12 Hya	
4537	177.42125	-63.78833	4.32	-0.15	B3Vne		
5339	216.72875	-83.66778	4.32	+1.31	K2III	Del Oct	
5528	222.91000	-43.57556	4.32	-0.15	B5IV	Omi Lup	
5903	236.01458	77.79444	4.32	+0.04	A3Vn	16Zet UMi	
5997	241.85125	-20.86861	4.32	+0.84	G3II-III	10Ome2Sco	
7884	309.58458	-1.10528	4.32	+0.95	G7.5IIIa	71 Aql	
343	17.77583	55.14972	4.33	+0.17	A7V	33The Cas	
596	30.51167	2.76361	4.33	+0.03	A0pSiSr	113Alp Psc	
2387	97.96375	-23.41833	4.33	-0.24	B0.5IV	4Xi 1CMa	
3457	130.15417	-59.76111	4.33	-0.11	B1.5III		
4599	180.75625	-63.31278	4.33	+0.27	Am	The1Cru	
4888	193.27875	-48.94333	4.33	+1.37	K3-4III		
5358	215.08125	-56.38667	4.33	+0.12	B6Ib		
5797	234.51333	-42.56750	4.33	+1.42	K4.5III	Ome Lup	
6446	260.20708	-12.84694	4.33	+0.03	A2V	53Nu Ser	
6872	274.96542	36.06444	4.33	+1.17	K2IIIabCN0.5	1Kap Lyr	
3188	122.14833	-2.98389	4.34	+0.97	G2Ib	29Zet Mon	
3696	139.05083	-57.54139	4.34	+1.63	M1III		
5260	210.43083	-45.60361	4.34	+0.60	F6II	Ups2Cen	
5686	229.45792	-30.14889	4.34	+1.10	G9IIIaFe1	2 Lup	
6498	261.62875	4.14028	4.34	+1.50	K2II	49Sig Oph	
8305	326.23667	-33.02583	4.34	-0.05	A0V	9Iot PsA	
8313	326.12792	17.35000	4.34	+1.17	G5Ib	9 Peg	
898	44.56792	-40.30444	4.35	+0.08	A1V	The2Eri	
951	47.90750	19.72667	4.35	+1.03	K2III	57Del Ari	
2015	86.19333	-65.73556	4.35	+0.21	A7V	Del Dor	
2219	93.84458	29.49806	4.35	+1.02	G8.5IIIb	44Kap Aur	
2560	104.31875	58.42250	4.35	+0.85	G5III-IV	15 Lyn	
3223	121.98250	-68.61722	4.35	-0.11	B6IV	Eps Vol	
3340	125.16042	-77.48444	4.35	+1.16	K2IIICN0.5	The Cha	
3836	144.20667	-49.35528	4.35	+0.17	A5IV-V		
5396	216.54500	-45.37944	4.35	+0.43	F4IV+A7:	Tau2Lup	
6745	272.14500	-63.66833	4.35	+0.22	A7pSr	Pi Pav	
154	9.22042	33.71944	4.36	-0.14	B5V	29Pi And	
191	10.83833	-57.46306	4.36	0.00	A0IV	Eta Phe	
1052	52.64375	47.99528	4.36	+1.35	K3III	35Sig Per	
1256	61.17375	22.08194	4.36	+1.07	K0+III-IIIaFe-0.2	37 Tau	
1544	72.65292	8.90028	4.36	+0.01	A1Vn	2Pi 2Ori	
1705	78.30792	-12.94139	4.36	-0.10	B9V	4Kap Lep	
2106	89.38417	-35.28333	4.36	-0.18	B2.5IV	Gam Col	
3492	132.10833	5.83778	4.36	-0.04	A0Vn	13Rho Hya	
4737	186.73458	28.26833	4.36	+1.13	K1IIIFe0.5	15Gam Com	
5285	211.51167	-41.17972	4.36	-0.19	B2V	Chi Cen	
6787	272.18958	20.81444	4.36	-0.16	B2IV	102 Her	
6789	263.05375	86.58639	4.36	+0.02	A1Vn	23Del UMi	Yildun
6855	275.80667	-61.49389	4.36	+1.48	K4III	Xi Pav	
7056	281.19333	37.60500	4.36	+0.19	A4m	6Zet1Lyr	
7069	281.75542	18.18139	4.36	+0.13	A5III	111 Her	
7314	289.09208	38.13361	4.36	+1.26	K0+II	21The Lyr	
7447	294.18042	-1.28639	4.36	-0.08	B5III	41Iot Aql	
8572	337.38250	47.70694	4.36	+1.68	M0II+B8V	5 Lac	
126	7.88625	-62.95806	4.37	-0.07	B9V	Bet1Tuc	
163	9.63875	29.31167	4.37	+0.87	G6IIIFe-3CH1	30Eps And	
649	33.25000	8.84667	4.37	+0.89	G6II-IIICN-2	65Xi 1Cet	
2256	94.13792	-35.14056	4.37	+1.00	K0.5IIIa	Kap Col	
2596	104.03417	-17.05417	4.37	-0.07	B3II	20Iot CMa	
3980	151.97625	9.99750	4.37	+1.45	K3.5IIIbFe-1	31 Leo	
7479	295.02417	18.01389	4.37	+0.78	G1II	5Alp Sge	
7488	295.26208	17.47611	4.37	+1.05	G8IIIaCN0.5	6Bet Sge	
7623	299.93417	-35.27639	4.37	-0.15	B3IV	The1Sgr	
8937	353.24292	-37.81833	4.37	-0.09	B9.5IVpHgMnEu	Bet Scl	
1845	83.05333	18.59444	4.38	+2.07	M2Iab-Ib	119 Tau	
4963	197.48750	-5.53889	4.38	-0.01	A1IV s+Am	51The Vir	
6281	253.50208	10.16528	4.38	-0.08	B8V	25Iot Oph	
1560	73.22375	-5.45278	4.39	+0.25	F4III+A6III	61Ome Eri	
2435	98.74417	-52.97556	4.39	-0.02	A0II		
3145	120.56625	2.33444	4.39	+1.25	K2III		
4293	165.03875	-42.22583	4.39	+0.11	A3IV		
6445	260.25083	-21.11278	4.39	+0.39	F1III-IV	40Xi Oph	
7298	288.43958	39.14611	4.39	-0.15	B2.5IV	20Eta Lyr	
7750	302.22208	77.71139	4.39	-0.05	B9III	1Kap Cep	
8140	319.96667	-53.44972	4.39	+0.19	A5V	The Ind	
8858	349.47583	-9.18250	4.39	-0.15	B5V	93Psi2Aqr	
8906	351.51167	-20.64194	4.39	+1.47	K5III	99 Aqr	
2554	102.46375	-53.62222	4.40	+0.92	G6II		
2782	109.67667	-24.95417	4.40	-0.15	O9Ib	30Tau CMa	
3192	122.25667	-19.24500	4.40	-0.15	B5IV	16 Pup	
5601	225.72500	2.09139	4.40	+1.04	K0.5IIIbFe-0.5	110 Vir	
8368	329.47958	-54.99250	4.40	+0.28	F0IV	Del Ind	
8905	351.34500	23.40417	4.40	+0.61	F8III	68Ups Peg	
555	28.41167	-46.30250	4.41	+1.59	M4III	Psi Phe	
1876	83.70500	9.48944	4.41	-0.16	B0III	37Phi1Ori	
2047	88.59542	20.27611	4.41	+0.59	G0V	54Chi1Ori	
2697	107.78500	30.24528	4.41	+1.26	K2-III	46Tau Gem	
3129	119.56000	-49.24500	4.41	-0.17	B1Vp+B3IV:		
4375	169.54583	31.52917	4.41	+0.59	G0V	53Xi UMa	Alula Australis
5526	222.57208	-27.96028	4.41	+1.40	K4III	58 Hya	
6526	262.68458	26.11056	4.41	+1.44	K3.5III	76Lam Her	
6707	269.62583	30.18944	4.41	+0.39	F2II	94Nu Her	
8819	346.97458	75.38750	4.41	+0.80	G2III	33Pi Cep	
8863	349.70583	-32.53194	4.41	+1.13	K1III	Gam Scl	
9089	0.49000	-6.01417	4.41	+1.63	M3III	30 Psc	
271	14.30167	23.41750	4.42	+0.94	G8IIIb	38Eta And	
1162	56.53542	-12.10167	4.42	+1.63	M2III	26Pi Eri	
2159	91.89292	14.76833	4.42	-0.17	B3V	67Nu Ori	
4300	165.58250	20.17972	4.42	+0.05	A1m	60 Leo	
5378	215.75917	-39.51222	4.42	-0.18	B7IIIp		
5425	218.15375	-50.45694	4.42	-0.19	B2III	Sig Lup	
6118	246.75583	-18.45639	4.42	+0.28	B2IV:pe	7Chi Oph	
7951	311.93417	-5.02778	4.42	+1.65	M3III	3 Aqr	
8559	337.20875	-0.02000	4.42	+0.38	F3V	55Zet2Aqr	
224	12.17083	7.58500	4.43	+1.50	K4IIIb	63Del Psc	
1325	63.81792	-7.65278	4.43	+0.82	K1-V	40Omi2Eri	
2443	99.47250	-18.23750	4.43	+1.15	K1-II-III	8Nu 3CMa	
5478	220.28708	13.72833	4.43	+0.05	A2III	30Zet Boo	
5868	236.61083	7.35306	4.43	+0.60	G0-V	27Lam Ser	
7806	305.96542	32.19000	4.43	+1.33	K2.5IIIFe-0.5	39 Cyg	
7928	310.86458	15.07444	4.43	+0.32	A7IIIpDel Del	11Del Del	
8146	319.47958	34.89694	4.43	-0.11	B2Vne	66Ups Cyg	
8538	335.89000	52.22917	4.43	+1.02	G8.5IIIbCa1	3Bet Lac	
48	3.66000	-18.93278	4.44	+1.66	M3III	7 Cet	
489	25.35792	5.48750	4.44	+1.36	K3IIIbBa0.1	106Nu Psc	
1355	64.12042	-59.30194	4.44	+1.08	K2IVa	Eps Ret	
2298	95.94208	4.59278	4.44	+0.18	A5IV	8Eps Mon	
3243	123.51208	-40.34806	4.44	+1.17	K1II-III		
3418	129.68917	3.34139	4.44	+1.21	K1+III	5Sig Hya	
7107	284.23750	-67.23361	4.44	+0.71	F5I-II	Kap Pav	
7405	292.17625	24.66500	4.44	+1.50	M0III	6Alp Vul	
1502	70.14042	-41.86389	4.45	+0.34	F2V	Alp Cae	
1696	78.07458	-11.86917	4.45	-0.10	B8V	3Iot Lep	
2906	113.51333	-22.29611	4.45	+0.51	F6IV		
3225	122.83958	-39.61861	4.45	+1.62	K3Ib		
3270	124.63875	-36.65944	4.45	+0.22	A7III		
3591	135.02250	-41.25389	4.45	+0.65	G8-K1III+A		
4159	158.89708	-57.55778	4.45	+1.62	K3-4II		
4234	161.44500	-80.54028	4.45	-0.19	B2.5IV	Del2Cha	
6153	248.03417	-21.46639	4.45	+0.13	A7p	9Ome Oph	
6723	270.43833	1.30528	4.45	+0.02	A2Vn	68 Oph	
7352	288.88750	73.35556	4.45	+1.25	K2+IIIbCN1Fe1	60Tau Dra	
7429	293.52250	7.37889	4.45	+1.17	K3-IIIbCN0.5	38Mu Aql	
841	42.27250	-32.40583	4.46	+0.99	K0-IIIFe-0.5	Bet For	
1698	78.32292	2.86111	4.46	+1.19	K0.5III	17Rho Ori	
3731	141.16375	26.18222	4.46	+1.23	K2III	1Kap Leo	
4546	177.78625	-45.17361	4.46	+1.30	K3III		
5447	218.67000	29.74500	4.46	+0.36	F2V	28Sig Boo	
8411	331.52875	-39.54333	4.46	+1.37	K3III	Lam Gru	
8632	340.12875	44.27639	4.46	+1.33	K2+III-IIIb	11 Lac	
8695	343.13167	-32.87556	4.46	-0.04	A0III*	22Gam PsA	
818	41.27583	-18.57250	4.47	+0.48	F6V	1Tau1Eri	
999	50.08500	29.04833	4.47	+1.55	K2II-III		
1155	57.38000	65.52611	4.47	+1.88	M2+IIab		
1568	74.32167	53.75222	4.47	-0.02	A1V	7 Cam	
1601	74.63708	1.71417	4.47	+1.40	K2-II	10Pi 6Ori	
2506	101.96500	2.41222	4.47	+1.11	K0+IIIaBa0.2	18 Mon	
4368	169.16542	-3.65167	4.47	+0.21	A7IVn	74Phi Leo	
4618	182.02167	-50.66139	4.47	-0.15	B6IIIe		
6115	246.79625	-47.55500	4.47	-0.07	B4V	Eps Nor	
8789	346.67042	-23.74306	4.47	+0.90	G9III	86 Aqr	
2199	92.98500	14.20889	4.48	-0.18	B3IV	70Xi Ori	
2238	94.90583	59.01083	4.48	+0.01	A2V s	2 Lyn	
2361	97.04208	-32.58000	4.48	-0.17	B4V	Lam CMa	
3619	137.21792	51.60472	4.48	+0.27	F0IVm vs	15 UMa	
3643	136.28667	-72.60278	4.48	+0.61	F9II		
3974	151.85750	35.24472	4.48	+0.18	A7V	21 LMi	
4343	167.91458	-22.82583	4.48	+0.03	A2III	11Bet Crt	
7469	294.11042	50.22111	4.48	+0.38	F4V	13The Cyg	
8540	336.83333	-64.96639	4.48	-0.03	B9.5V	Del Tuc	
1394	66.58667	15.61833	4.49	+0.25	F0V	71 Tau	
2478	100.99708	13.22778	4.49	+1.16	K0IIICN1Ca1	30 Gem	
2740	108.14000	-46.75944	4.49	+0.32	F0IV		
3084	118.16125	-38.86306	4.49	-0.19	B2.5V		
3498	131.67708	-56.76972	4.49	-0.17	B3Vne		
3981	151.98458	-0.37167	4.49	-0.04	A0III	15Alp Sex	
5570	224.29583	-4.34639	4.49	+0.32	F0V	16 Lib	
8123	318.62042	10.00694	4.49	+0.50	F5V+G0V	7Del Equ	
8485	333.46958	39.71500	4.49	+1.39	K3III		
8988	355.68042	-14.54500	4.49	-0.04	B9.5V	105Ome2Aqr	
2385	98.22583	7.33306	4.50	0.00	A0Ib	13 Mon	
2948	114.70542	-26.80167	4.50	-0.17	B6V		
3034	117.02167	-25.93722	4.50	-0.05	B0V:pe:	Omi Pup	
3799	143.70625	52.05139	4.50	+0.01	A2V	26 UMa	
4074	155.22833	-56.04306	4.50	-0.12	B3IIIe		
4259	163.90333	24.74972	4.50	+0.01	A1V	54 Leo	
5185	206.81542	17.45667	4.50	+0.48	F6IV	4Tau Boo	
6104	246.02583	-20.03750	4.50	+1.01	K0II-III	4Psi Oph	
8080	316.78208	-25.00583	4.50	+1.61	M0.5III	24 Cap	
8431	332.09583	-32.98861	4.50	+0.05	A2V	14Mu PsA	
8984	355.51167	1.78000	4.50	+0.20	A7V	18Lam Psc	
9076	359.97917	-65.57722	4.50	-0.08	B9IV	Eps Tuc	
352	17.91500	30.08972	4.51	+1.09	K0.5IIIb	83Tau Psc	
824	41.97708	29.24722	4.51	+1.11	K1.5III	39 Ari	
1264	60.22417	-62.15944	4.51	+1.65	M4III	Gam Ret	
1453	68.37750	-29.76667	4.51	+0.98	K0IIICN-1	50Ups1Eri	
2042	87.45708	-56.16667	4.51	+1.10	K1III	Gam Pic	
3765	142.31125	-35.95139	4.51	+1.44	K3IIIa	Eps Ant	
5704	230.84458	-59.32083	4.51	+0.19	B5IV+F8	Gam Cir	
7685	300.70458	67.87361	4.51	+1.32	K3III	67Rho Dra	
7920	311.00958	-51.92111	4.51	+0.27	A7III-IV-A9	Eta Ind	
7955	311.33792	57.57972	4.51	+0.54	F8IV-V		
8093	317.39875	-11.37167	4.51	+0.94	G8III	13Nu Aqr	
8213	322.18083	-21.80722	4.51	+0.91	G5III	36 Cap	
8579	337.62208	43.12333	4.51	-0.09	B2IV	6 Lac	
68	4.58208	36.78528	4.52	+0.05	A2V	25Sig And	
707	37.26667	67.40250	4.52	+0.12	A5pSr	Iot Cas	
1995	87.29375	39.18111	4.52	+0.94	G8IIIFe-1	29Tau Aur	
3856	144.83750	-61.32806	4.52	-0.07	B9IV-V		
5359	214.77750	-13.37111	4.52	+0.13	A2m	100Lam Vir	
5842	235.38792	19.67028	4.52	+0.04	A1V	21Iot Ser	
6485	260.92083	37.14583	4.52	-0.03	B9.5III	75Rho Her	
7604	299.23667	-27.17000	4.52	+1.46	K2.5IIb	59 Sgr	
7744	303.94208	27.81417	4.52	+1.26	K3-IIIFe-1	23 Vul	
8795	346.75125	9.40944	4.52	+1.57	M1IIIab	55 Peg	
8830	348.13750	49.40639	4.52	+0.29	F0V	7 And	
226	12.45333	41.07889	4.53	-0.15	B5V+F8V	35Nu And	
843	42.87833	35.05972	4.53	+1.56	K5+III	17 Per	
2113	90.01417	-3.07417	4.53	+1.22	K1.5IIIFe-1.5		
2937	114.34208	-34.96861	4.53	-0.09	B8IV		
4527	176.99625	20.21889	4.53	+0.55	G5III-IVe+A7V	93 Leo	
5035	200.65792	-60.98833	4.53	-0.13	B3V		
5041	201.00208	-64.53583	4.53	+0.85	G6II		
6783	272.80750	-45.95444	4.53	+1.01	K0III	Eps Tel	
7963	311.85208	36.49083	4.53	-0.11	B5Ve	54Lam Cyg	
8773	345.96917	3.82000	4.53	-0.12	B6Ve	4Bet Psc	
127	7.89000	-62.96583	4.54	+0.15	A2V+A7V	Bet2Tuc	
193	11.18125	48.28444	4.54	-0.07	B5IIIe	22Omi Cas	
575	30.48917	70.90694	4.54	+0.16	A3IV	48 Cas	
1040	52.47875	58.87861	4.54	+0.56	A0Ia		
1726	79.54458	33.37167	4.54	+1.27	K2.5IIIbFe-1	16 Aur	
2414	98.76417	-22.96472	4.54	-0.05	A0V	5Xi 2CMa	
2864	112.44917	12.00667	4.54	+1.28	K1+IIIBa0.4	6 CMi	
5329	213.37083	51.79028	4.54	+0.20	A8IV	17Kap2Boo	
5616	226.11125	26.94750	4.54	+1.24	K2III	43Psi Boo	
5652	228.05542	-19.79167	4.54	-0.08	A0pSi	24Iot1Lib	
5712	230.78917	-36.85861	4.54	-0.15	B4V	Phi2Lup	
5781	233.97167	-44.95861	4.54	-0.18	B3IVp		
6493	261.65792	-5.08667	4.54	+0.39	F3V		
6616	266.89000	-27.83083	4.54	+0.80	F7II	3 Sgr	
9045	358.59583	57.49944	4.54	+1.22	G20e	7Rho Cas	
1652	76.10167	-35.48333	4.55	+1.20	K3III	Gam1Cae	
2527	105.01667	76.97750	4.55	+1.36	K4III		
3800	143.55583	36.39750	4.55	+0.92	G8.5III	10 LMi	
5544	222.84708	19.10111	4.55	+0.76	G8Ve+K4Ve	37Xi Boo	
6081	245.15917	-24.16944	4.55	+0.84	A5II	19Omi Sco	
8089	316.65042	47.64833	4.55	+1.57	K4Ib-IIa	63 Cyg	
8923	352.28875	12.76056	4.55	+0.94	G7+III	70 Peg	
9098	0.93500	-17.33611	4.55	-0.05	B9.5Vn	2 Cet	
1247	59.68625	-61.40028	4.56	+1.62	M2IIIab	Del Ret	
3612	136.63250	38.45222	4.56	+1.04	G7Ib-II		
3771	143.62042	69.83028	4.56	+0.77	G4III-IV	24 UMa	
5210	207.95667	-32.99444	4.56	-0.13	B5IIIp	3 Cen	
5395	216.53417	-45.22139	4.56	-0.15	B2IV	Tau1Lup	
8317	325.48042	71.31139	4.56	+1.10	K1III	11 Cep	
1934	84.79625	4.12139	4.57	-0.11	B3IIIe	47Ome Ori	
3787	142.99542	-1.18500	4.57	+0.10	A3V	32Tau2Hya	
4063	154.90333	-55.02944	4.57	+1.62	K3II		
4200	160.88375	-60.56667	4.57	+1.71	K4III		
6117	246.35417	14.03333	4.57	0.00	B9pCr	24Ome Her	
6766	272.02083	-28.45722	4.57	+0.94	G7:IIIb*		
8225	322.48708	23.63889	4.57	+1.62	M1+III	2 Peg	
8523	335.25667	46.53667	4.57	-0.10	B6V	2 Lac	
8541	336.12917	49.47639	4.57	+0.09	B9Iab	4 Lac	
9016	357.23167	-28.13028	4.57	+0.01	A0V	Del Scl	
1106	54.27375	-40.27472	4.58	+1.04	K1III		
2034	88.33167	27.61222	4.58	-0.02	A0V	136 Tau	
3628	137.01208	-25.85833	4.58	+1.59	K4III	Kap Pyx	
3912	147.92000	-46.54778	4.58	+1.20	G5Ib		
6636	265.48458	72.14889	4.58	+0.42	F5IV-V	31Psi1Dra	
7592	298.36542	24.07972	4.58	-0.06	B9.5III	13 Vul	
7650	300.66458	-27.70972	4.58	+1.65	M4III	62 Sgr	
180	10.33167	-46.08500	4.59	+0.97	G8III	Mu Phe	
1143	55.70875	-37.31361	4.59	+1.20	K2.5III		
1811	81.70917	3.09556	4.59	-0.21	B2IV	30Psi2Ori	
1892	83.84667	-4.83833	4.59	-0.19	B1V	42 Ori	
2993	115.88500	-28.41111	4.59	+1.63	K3Ib	1 Pup	
3894	148.02667	54.06444	4.59	+0.03	A3IV	30Phi UMa	
5904	238.40292	-25.32722	4.59	-0.07	B2.5Vn	2 Sco	
6028	243.07583	-27.92639	4.59	-0.16	B2V	13 Sco	
6537	263.91500	-46.50556	4.59	-0.03	A0V	1Sig Ara	
7133	283.68708	22.64500	4.59	+0.78	G4III+A6V	113 Her	
7242	287.08708	-40.49667	4.59	+1.09	K1III	Del CrA	
7371	290.16708	65.71472	4.59	+0.02	A2III s	58Pi Dra	
7995	313.03208	27.09694	4.59	+0.83	G7IIIFe-1	31 Vul	
8558	337.20708	-0.02028	4.59		F6IV	55Zet1Aqr	
2356	97.20417	-7.03278	4.60	-0.10	B3Ve	11Bet Mon	
3403	130.05333	64.32778	4.60	+1.17	K1+IIIb	4Pi 2UMa	
3759	142.28708	-2.76889	4.60	+0.46	F6V	31Tau1Hya	
3970	151.28125	-13.06472	4.60	-0.09	B9III-IV	40Ups2Hya	
4273	164.17958	-37.13778	4.60	+1.03	K1III	Iot Ant	
4352	168.15000	-60.31750	4.60	+0.55	A6Iae		
4975	198.07250	-59.92083	4.60	-0.08	B8V		
5502	221.31042	16.96444	4.60	+0.98	G8.5III	35Omi Boo	
5589	224.39583	65.93250	4.60	+1.59	M4.5III		
5724	231.33417	-38.73361	4.60	0.00	A0IV		
7440	294.17667	-24.88361	4.60	-0.07	B9	52 Sgr	
8880	350.15917	23.74028	4.60	+0.17	A5Vp	62Tau Peg	
3	1.33375	-5.70750	4.61	+1.04	K0IIIbCN-0.5	33 Psc	
63	4.27292	38.68167	4.61	+0.06	A2V	24The And	
1324	64.56083	50.29556	4.61	+0.04	A2V		
3131	119.96667	-18.39917	4.61	+0.08	A2Vn		
4325	166.63500	-62.42417	4.61	+1.03	G8III		
7342	290.43167	-15.95500	4.61	+0.10	B2Vpe+A2IaShell	46Ups Sgr	
7866	308.47583	35.25083	4.61	+1.60	K2Ib+B3V	47 Cyg	
549	28.38875	3.18750	4.62	+0.94	K0III	111Xi Psc	
1855	82.98250	-7.30139	4.62	-0.26	B0V	36Ups Ori	
2949	114.70750	-26.80361	4.62		B5IVn		
3459	130.91833	-7.23361	4.62	+0.84	G1Ib		
3684	138.93792	-37.41333	4.62	+0.45	F5III		
4460	173.69042	-54.26417	4.62	-0.08	B9Ve		
4897	193.66333	-59.14667	4.62	-0.15	B4Vne	Lam Cru	
5777	233.54458	-10.06444	4.62	+1.01	K1III-IV	37 Lib	
5914	238.16875	42.45167	4.62	+0.56	F8VFe-2Hdel -1	1Chi Her	
6567	264.46125	-8.11889	4.62	+0.11	B8II-IIIp:Mn	57Mu Oph	
6710	270.12083	-3.69028	4.62	+0.38	F2IV	57Zet Ser	
7141	284.05500	4.20361	4.62	+0.17	A5V	63The1Ser	
265	14.16583	59.18111	4.63	+0.96	G8IIIbFe-0.5	28Ups2Cas	
887	44.80292	21.34028	4.63	+0.04	A2V s	48Eps Ari	
888	44.80292	21.34028	4.63	+0.04	A2V s	48Eps Ari	
947	47.82250	39.61167	4.63	+1.11	K1III	28Ome Per	
1148	57.58958	71.33222	4.63	+0.03	A2IVn	Gam Cam	
2135	90.98000	20.13833	4.63	+0.28	B2Ia	62Chi2Ori	
3089	118.26542	-49.61306	4.63	-0.23	B1.5Vp		
4310	166.25417	7.33611	4.63	+0.33	F2III-IV	63Chi Leo	
4362	168.80083	23.09556	4.63	+1.66	M3IIb	72 Leo	
5889	237.39875	26.06833	4.63	+0.80	G3.5III-IVFe-1	10Del CrB	
5961	240.88292	-57.77528	4.63	+0.24	A7IV	Iot1Nor	
6129	246.95042	-8.37167	4.63	+0.17	A3m	3Ups Oph	
8613	339.34333	51.54528	4.63	+0.24	A8IV	9 Lac	
1620	75.77375	21.59000	4.64	+0.16	A7V	102Iot Tau	
2766	109.14583	-27.88111	4.64	+1.60	M3III		
2818	111.67833	49.21139	4.64	-0.02	A1V	21 Lyn	
2922	113.84500	-28.36944	4.64	-0.11	B8V		
4817	189.96875	-39.98750	4.64	-0.08	B8II/III		
5825	235.29708	-44.66111	4.64	+0.40	F5IV-V		
5885	237.74458	-25.75139	4.64	-0.05	B3V	1 Sco	
6712	270.06583	4.36861	4.64	-0.03	B2Ve	66 Oph	
6770	271.82667	8.73389	4.64	+0.96	G8III	71 Oph	
6916	277.84333	-62.27833	4.64	-0.11	B7-8III	Nu Pav	
6951	278.37583	-42.31250	4.64	+1.01	G8III	The CrA	
7653	300.27542	27.75361	4.64	+0.18	A4III	15 Vul	
360	18.43708	24.58361	4.65	+1.04	K0III	85Phi Psc	
1213	58.42750	-24.61250	4.65	-0.13	B6V	33Tau8Eri	
1444	68.46208	14.84444	4.65	+0.25	A8V	86Rho Tau	
1570	73.72417	10.15083	4.65	+0.09	A0Vp	7Pi 1Ori	
2102	88.52542	-63.09000	4.65	+1.05	K1III-IV		
2564	103.66125	13.17778	4.65	+0.30	F0Vp	38 Gem	
2881	112.67708	-30.96222	4.65	+0.93	G3Ib		
4848	191.59458	-56.48889	4.65	-0.16	B3V		
5172	206.66375	-51.43278	4.65	+0.96	G8-K0III		
5226	207.85792	64.72333	4.65	+1.58	M3.5III	10 Dra	
5962	240.80375	-49.22972	4.65	+0.92	G8III	Eta Nor	
6243	252.45833	-10.78306	4.65	+0.47	F7IV	20 Oph	
6436	259.41792	37.29167	4.65	+0.05	A2V	69 Her	
6842	274.51333	-27.04250	4.65	+1.66	K3II		
8780	346.04583	50.05222	4.65	+1.06	K0IIIbFe-0.5	3 And	
351	17.86333	21.03472	4.66	+1.03	G8.5III-IIIa	84Chi Psc	
801	40.86292	27.70722	4.66	-0.13	B3V	35 Ari	
1240	59.98125	-24.01639	4.66	-0.13	B6V+B9.5V	36Tau9Eri	
2456	100.24458	9.89556	4.66	-0.25	O7V((f))	15 Mon	
2745	108.56333	-26.35250	4.66	-0.19	B3IIIe	27 CMa	
2787	109.57667	-36.73417	4.66	-0.10	B2V+B3IVne		
3449	130.82125	21.46861	4.66	+0.02	A1IV	43Gam Cnc	Asellus Borealis
4110	156.85167	-57.63889	4.66	+0.51	A9Ia		
4177	159.68792	-59.18306	4.66	+1.48	K4-5III:		
4589	180.21833	6.61417	4.66	+0.13	A5V	8Pi Vir	
4813	189.81167	-7.99556	4.66	+1.23	K2III-IIIbCN1	26Chi Vir	
4831	190.64750	-48.81306	4.66	+1.09	K0III		
5154	205.18458	54.68167	4.66	+1.64	M2IIIabBa0.5	83 UMa	
7125	282.80042	59.38833	4.66	+1.19	G9IIIFe-0.5	47Omi Dra	
7387	291.62958	0.33861	4.66	+0.60	F2Ib	32Nu Aql	
8539	336.31917	1.37750	4.66	-0.03	B1Ve	52Pi Aqr	
9064	359.43958	25.14139	4.66	+1.59	M3III	84Psi Peg	
531	27.39625	-10.68639	4.67	+0.33	F3III	53Chi Cet	
1044	52.34208	49.50889	4.67	-0.09	B3V	34 Per	
2155	91.53875	-14.93528	4.67	+0.05	A1Vn	18The Lep	
3624	137.72958	63.51361	4.67	+0.35	F3-4IIIm vs	14Tau UMa	
5820	234.94167	-34.41194	4.67	+0.99	G8III	3Psi1Lup	
6713	270.01417	16.75083	4.67	+1.26	K0.5IIb	93 Her	
8039	315.32292	-32.25778	4.67	+0.89	G6III	Gam Mic	
8301	325.52375	51.18972	4.67	-0.12	B3IV	80Pi 1Cyg	
1638	76.14208	15.40417	4.68	-0.06	A0pSi	11 Ori	
2590	103.90583	-20.13639	4.68	+0.37	gF2	19Pi CMa	
3141	120.30542	-1.39250	4.68	+1.49	K4III	28 Mon	
3834	144.61375	4.64917	4.68	+1.32	K3III		
6020	245.08667	-78.69583	4.68	+1.69	M5IIIb	Del1Aps	
6884	275.91458	-8.93417	4.68	+0.95	G9-IIIbFe-0.5	Zet Sct	
7462	293.09000	69.66111	4.68	+0.79	K0V	61Sig Dra	
7871	308.82708	14.67417	4.68	+0.11	A3V	4Zet Del	
8260	324.27000	-19.46611	4.68	-0.17	B2.5Vpe	39Eps Cap	
570	28.73375	-67.64722	4.69	+0.95	G8.5III	Eta2Hyi	
612	31.12250	-29.29694	4.69	-0.17	B9.5pSi	Nu For	
1396	66.65167	14.71361	4.69	+0.98	G7IIIaFe-1	73Pi Tau	
1479	69.81875	15.91806	4.69	+0.15	A5Vn	92Sig2Tau	
3574	134.08083	-52.72361	4.69	-0.12	B5V		
3733	140.80125	-28.83389	4.69	+0.92	G8.5IIICN-1.5*	Lam Pyx	
3749	141.82667	-22.34389	4.69	+1.14	K2.5III		
4842	191.40792	-60.98111	4.69	+1.05	K0III	Iot Cru	
5095	202.99125	-6.25583	4.69	+1.62	M2III	74 Vir	
6742	271.25542	-29.58000	4.69	+0.78	F4-G1Ib	Gam1Sgr	
7478	294.84417	30.15333	4.69	+0.97	G8III-IV	12Phi Cyg	
8097	317.58542	10.13167	4.69	+0.26	F0IIIp	5Gam Equ	
8264	324.43792	-7.85417	4.69	+0.17	A7V	23Xi Aqr	
8387	330.84000	-56.78611	4.69	+1.06	K4-5V	Eps Ind	
8402	330.82875	-2.15528	4.69	-0.06	B7IVe	31Omi Aqr	
8649	340.89708	-18.83028	4.69	+1.37	K4III	66 Aqr	
8817	347.47833	-22.45750	4.69	+0.65	G2IV+A2V	89 Aqr	
879	44.69042	39.66278	4.70	+0.06	A2Vn	22Pi Per	
896	44.92875	8.90750	4.70	-0.12	B6III	91Lam Cet	
2944	114.57500	-25.36472	4.70	-0.11	B8IV		
3950	150.05333	8.04417	4.70	+1.60	M2-IIIab	29Pi Leo	
4468	174.17042	-9.80222	4.70	-0.08	B9.5Vn	21The Crt	
4494	175.05333	-34.74472	4.70	-0.07	B9V	Omi Hya	
5112	203.61375	49.01611	4.70	+0.12	A5V	24 CVn	
6930	277.29958	-14.56583	4.70	+0.06	A3Vn	Gam Sct	
7597	298.96000	-26.29944	4.70	+0.75	G5V	58Ome Sgr	
442	23.48292	59.23194	4.71	+1.00	G9IIIb	39Chi Cas	
699	36.40583	50.27861	4.71	+1.53	K4+III	65 And	
1306	63.72208	40.48361	4.71	+1.01	G5Ib+A2V	52 Per	
1729	79.78542	40.09917	4.71	+0.63	G1.5IV-VFe-1	15Lam Aur	
1762	80.11208	-21.23944	4.71	-0.05	A0V		
1834	82.43333	-1.09222	4.71	+1.57	K5III	31 Ori	
3046	117.08458	-47.07778	4.71	+1.06	K0III		
3642	136.40958	-70.53889	4.71	-0.15	B2IVe		
4166	159.68000	31.97611	4.71	+0.81	G2.5IIa	37 LMi	
4248	163.49458	43.19000	4.71	-0.05	A1V s	45Ome UMa	
4940	196.56958	-48.46361	4.71	-0.14	B5V		
5241	209.41208	-63.68667	4.71	+1.11	K1.5III		
7595	298.56208	8.46139	4.71	+1.05	G9+IIIb	59Xi Aql	
8135	319.48458	-32.17250	4.71	+0.06	A1V	Eps Mic	
8748	343.60333	84.34611	4.71	+1.43	K4III		
8939	353.31917	-20.91444	4.71	+0.02	A1n	101 Aqr	
8949	353.76917	-42.61500	4.71	+0.08	A2VpSrCrEu	Iot Phe	
1083	52.34458	-62.93750	4.72	+0.40	F5IV-V	Kap Ret	
1674	76.37750	-57.47278	4.72	+0.52	F7V	Zet Dor	
3211	122.81792	-12.92694	4.72	+0.95	G9III-IIIb	19 Pup	
3718	140.37333	-25.96556	4.72	+1.63	M1III	The Pyx	
4530	177.05958	-66.81472	4.72	+1.54	K4III	Mu Mus	
4603	181.08000	-63.16556	4.72	-0.08	B2IV	The2Cru	
5605	226.28000	-47.05111	4.72	-0.14	B5V	Pi Lup	
5980	241.62250	-45.17333	4.72	+0.23	Am	Del Nor	
7020	280.56833	-9.05250	4.72	+0.35	F2IIIpDel Del	Del Sct	
123	7.94333	54.52222	4.73	-0.10	B8Vn	14Lam Cas	
1070	52.65458	-5.07528	4.73	-0.09	B9V s	17 Eri	
1190	57.14958	-37.62056	4.73	-0.03	B9V		
1765	80.44042	-0.38250	4.73	-0.17	B2IV-V	22 Ori	
4514	176.19083	-18.35083	4.73	+0.97	G8IIIa	27Zet Crt	
5017	199.38542	40.57250	4.73	+0.30	F3III	20 CVn	
5221	208.30208	-31.92778	4.73	-0.14	B4IV	4 Cen	
6262	253.49875	-42.36222	4.73	+0.49	B1Iape	Zet1Sco	
6415	259.15292	-0.44528	4.73	+1.14	K2III	41 Oph	
7990	313.16333	-8.98333	4.73	+0.32	A3m	6Mu Aqr	
8279	324.48000	62.08194	4.73	+0.30	B2Ib	9 Cep	
8288	325.66458	-18.86639	4.73	+0.88	G8III	43Kap Cap	
8309	326.03583	28.74278	4.73	+0.48	F6V	78Mu 1Cyg	
399	21.48333	68.13000	4.74	+1.05	K0III	36Psi Cas	
1556	73.13333	14.25056	4.74	+1.84	S3.5/1-	4Omi1Ori	
2011	87.76000	37.30556	4.74	+1.62	M0+III-IIIbFe-0.5	31Ups Aur	
4090	156.47875	33.79611	4.74	+0.25	F0V	30 LMi	
4138	157.58375	-71.99306	4.74	+0.04	A1V		
4299	165.45708	-2.48472	4.74	+1.62	M0IIIBa0.2	61 Leo	
4697	185.17917	17.79278	4.74	+1.01	G8+III	11 Com	
5019	199.60125	-18.31139	4.74	+0.71	G6V	61 Vir	
5219	207.94792	34.44417	4.74	+1.66	K5III		
5838	235.48667	-19.67889	4.74	+1.57	M0-IIIb	43Kap Lib	
7426	292.94292	34.45306	4.74	-0.14	B3IV	8 Cyg	
8047	314.95667	47.52111	4.74	-0.05	B1ne	59 Cyg	
8702	341.87083	83.15389	4.74	+1.26	K3III		
8959	354.46250	-45.49250	4.74	+0.08	A2V		
546	28.38250	19.29361	4.75	-0.04	A1pSi	5Gam2Ari	
740	38.02167	-15.24472	4.75	+0.45	F4IV	76Sig Cet	
789	39.95000	-42.89167	4.75	+0.06	A2V		
850	42.75958	-21.00417	4.75	+0.91	K0III	2Tau2Eri	
872	42.61875	-75.06694	4.75	+1.33	K3III	Nu Hyi	
3226	122.85792	-42.98722	4.75	+0.18	A5Ib		
4132	158.30792	40.42556	4.75	+0.23	A7IV		
5297	212.47833	-53.43917	4.75	+0.94	G9-III		
5350	214.04125	51.36722	4.75	+0.20	A9V	21Iot Boo	
5839	235.67083	-34.71056	4.75	-0.14	B5V	4Psi2Lup	
7188	285.77875	-42.09528	4.75	-0.02	B9.5V	Zet CrA	
8872	349.65625	68.11167	4.75	+0.84	K0III	34Omi Cep	
194	11.04750	-10.60944	4.76	+1.01	K0III	17Phi1Cet	
383	19.86667	27.26417	4.76	+0.03	A3V	90Ups Psc	
918	46.38500	56.70583	4.76	+1.02	G9.5III		
1843	83.18208	32.19194	4.76	+0.34	B5Iab	25Chi Aur	
2762	108.65917	-48.27167	4.76	-0.10	B8-9V		
3220	122.25292	-61.30250	4.76	+0.43	F5V		
3576	135.63625	67.62972	4.76	+1.53	M3III-IIIbCa1	8Rho UMa	
5068	201.86333	-15.97361	4.76	+1.09	K0-III-IVCN2Fe0.5	69 Vir	
5618	225.94750	47.65444	4.76	+0.65	F9-G1Vn	44 Boo	
5899	237.81625	20.97778	4.76	+1.54	K5-III	38Rho Ser	
5982	240.69958	46.03667	4.76	-0.11	B9III	6Ups Her	
6018	242.24292	36.49083	4.76	+1.01	K1-III-IV	16Tau CrB	
6700	269.94833	-23.81611	4.76	-0.04	B9V	4 Sgr	
7773	305.16583	-12.75917	4.76	-0.05	B9.5V	8Nu Cap	
7848	308.89500	-60.58167	4.76	+0.28	F1III	Phi1Pav	
8796	346.77833	25.46833	4.76	+1.34	G8Ib	56 Peg	
125	7.85417	-48.80361	4.77	+0.02	A0V	Lam1Phe	
248	13.25208	-1.14417	4.77	+1.57	M0III	20 Cet	
2503	101.83250	8.03722	4.77	+1.40	K4III	17 Mon	
3452	130.30458	-47.31694	4.77	+0.12	A5II		
3858	145.32083	-23.59167	4.77	-0.12	B6Ve		
4432	172.57875	-3.00361	4.77	+1.54	K3.5IIIFe-1	87 Leo	
5364	215.17708	-45.18722	4.77	+0.31	F0IV		
5381	215.77417	-27.75389	4.77	+1.31	K4III	51 Hya	
5978	241.09208	-11.37306	4.77	+0.47	F5IV	Xi Sco	
6569	265.09833	-49.41556	4.77	+0.40	F3IV	Lam Ara	
6978	278.14375	57.04556	4.77	+0.61	F7Ib	45 Dra	
7306	289.05417	21.39028	4.77	-0.05	B4IV	1 Vul	
7652	300.88958	-37.94083	4.77	+1.41	K5III		
1427	67.64042	16.19389	4.78	+0.17	A6IV		
1551	73.15833	36.70306	4.78	+1.41	K2.5IIIbBa0.4	2 Aur	
1887	83.76125	-6.00194	4.78	-0.25	B0.5V		
2037	88.11000	1.85500	4.78	+1.38	K1.5IIb	56 Ori	
3237	123.37333	-35.89972	4.78	-0.11	B1.5IIIe		
4380	169.78292	38.18556	4.78	+0.12	A1Vp:	55 UMa	
4920	194.73083	17.40944	4.78	+1.56	M1-IIIb	36 Com	
6070	244.57458	-28.61389	4.78	+0.02	A0V		
6417	260.49750	-67.77056	4.78	+1.21	K2-III	Zet Aps	
7739	303.81625	25.59194	4.78	-0.18	B3Ve		
7822	307.21500	-17.81361	4.78	+0.38	F2IV	11Rho Cap	
8001	313.31167	44.38722	4.78	-0.14	B5V	57 Cyg	
9084	0.39875	-77.06583	4.78	+1.27	K3III	The Oct	
569	29.48208	23.59611	4.79	+0.28	F0V	9Lam Ari	
1212	58.57292	-2.95472	4.79	+0.94	G8III	32 Eri	
1611	74.98250	-12.53750	4.79	+0.26	F0IV	64 Eri	
2427	99.83292	42.48889	4.79	+1.23	K3III	50Psi2Aur	
2764	109.15333	-23.31556	4.79	+1.71	K3Ib-II		
3113	119.41708	-30.33472	4.79	+0.15	A2V		
3706	139.94333	-11.97500	4.79	+0.93	G8III	26 Hya	
3871	146.05042	-27.76944	4.79	+0.51	A8V+F7II-III	The Ant	
4054	154.93375	19.47083	4.79	+0.45	F6IV	40 Leo	
4902	193.58833	-9.53889	4.79	+1.60	M3-IIICa-1	40Psi Vir	
6141	247.55167	-25.11500	4.79	-0.11	B2V	22 Sco	
7012	281.36208	-64.87139	4.79	+0.20	A5IV-V		
8468	332.45167	72.34111	4.79	+0.92	G7II-III	24 Cep	
8486	333.90375	-41.34667	4.79	+0.80	G8III+G	Mu 1Gru	
8551	336.96458	4.69556	4.79	+1.05	K0III	35 Peg	
8641	340.43917	29.30750	4.79	-0.01	A1IV	43Omi Peg	
45	3.65083	20.20667	4.80	+1.57	M2+III	89Chi Peg	
179	10.51625	50.51250	4.80	-0.11	B2V	19Xi Cas	
984	48.95833	-8.81972	4.80	+0.23	A5m	13Zet Eri	
1129	56.50958	63.34500	4.80	+0.80	G0III+A3V		
1380	66.02417	17.44389	4.80	+0.15	A7V	64Del2Tau	
1937	84.72125	-7.21306	4.80	+0.13	A4V	49 Ori	
2209	94.71167	69.31972	4.80	+0.03	A0Vn		
3616	137.59667	67.13472	4.80	+0.49	F6IV	13Sig2UMa	
3709	140.12083	-9.55583	4.80	+0.93	G8III-IV+F5V	27 Hya	
4716	186.00625	51.56222	4.80	+0.87	G6IIIBa0.2	5 CVn	
4954	196.79458	27.62472	4.80	+1.48	K5III	41 Com	
4993	198.81208	-67.89444	4.80	-0.08	B8V	Eta Mus	
5015	199.40125	5.46972	4.80	+1.67	M1III	60Sig Vir	
6596	264.23792	68.75806	4.80	+0.43	F5V	28Ome Dra	
9066	359.60333	51.38861	4.80	+1.83	M7IIIe		
105	6.98208	-33.00722	4.81	+1.64	M4III	Eta Scl	
1617	75.35958	-7.17389	4.81	-0.19	B3V	65Psi Eri	
2212	92.57458	-54.96861	4.81	-0.23	B3III+O9V	Del Pic	
3728	140.23667	-62.40472	4.81	+0.94	G6III		
3809	143.76583	39.62139	4.81	+0.99	G9.5IIIFe-1		
4707	185.62625	25.84611	4.81	+0.49	G0III-IV+A3V	12 Com	
4789	188.71292	22.62917	4.81	0.00	A0IV	23 Com	
5361	214.49917	35.50944	4.81	+1.06	K0III		
5409	217.05042	-2.22806	4.81	+0.70	G2IV	105Phi Vir	
5490	220.85583	26.52778	4.81	+1.66	M3-III	34 Boo	
5600	225.52708	25.00806	4.81	+1.50	K4-IIIabCa0.5	41Ome Boo	
6519	262.85417	-23.96278	4.81	0.00	B9.5Ve	51 Oph	
6631	267.54667	-40.09056	4.81	+0.26	A2Ib	Iot2Sco	
6896	276.33750	-20.54167	4.81	+1.31	K2II	21 Sgr	
7763	304.44667	38.03306	4.81	+0.42	B2pe	34 Cyg	
8522	335.33042	28.33056	4.81	0.00	B9III	32 Peg	
8582	338.25042	-61.98222	4.81	+1.61	M4III	Nu Tuc	
244	13.26708	61.12417	4.82	+0.53	F8V		
620	32.12208	37.85917	4.82	+0.12	A5IV-V	58 And	
991	49.68250	34.22278	4.82	+1.49	K2IICN1		
1676	77.42500	15.59722	4.82	+0.32	F2IV	15 Ori	
2084	89.49875	25.95389	4.82	-0.06	B0.5II	139 Tau	
2450	99.81958	-14.14583	4.82	+1.50	K2II		
3159	120.08333	-63.56750	4.82	-0.17	B3V		
3294	125.63167	-48.49028	4.82	-0.15	B1V		
4163	159.38833	-13.38444	4.82	+2.68	C5II		
4196	160.55833	-64.46639	4.82	-0.14	B4V		
4205	161.02875	-63.96111	4.82	-0.13	B5Vn		
4732	186.63167	-51.45083	4.82	-0.14	B3Vn		
5127	204.36500	36.29500	4.82	+0.23	A7III	25 CVn	
5321	212.21208	77.54750	4.82	+1.36	K3III	4 UMi	
5606	226.28000	-47.05111	4.82		B5IV	Pi Lup	
5651	228.20625	-44.50056	4.82	-0.17	B3IV		
5901	237.80792	35.65750	4.82	+1.00	K1IVa	11Kap CrB	
6093	245.51833	1.02917	4.82	+0.34	F0V	50Sig Ser	
6254	252.30917	45.98333	4.82	+0.09	A2VpSrCrEu	52 Her	
6318	255.26500	-4.22250	4.82	+1.48	K4III	30 Oph	
6431	259.33125	33.10000	4.82	-0.17	B1.5Vp+B5III	68 Her	
6945	276.49625	65.56361	4.82	+1.19	K1.5IIIFe-0.5	42 Dra	
7180	283.59958	71.29722	4.82	+1.15	K0IIIBa0.2	52Ups Dra	
7891	309.63042	21.20111	4.82	-0.02	A0V	29 Vul	
8151	320.19000	-40.80972	4.82	+0.02	ApCrEuSr	The1Mic	
8573	337.66167	-10.67806	4.82	-0.06	A0IV s	57Sig Aqr	
8982	355.44083	-17.81639	4.82	+0.82	G0Ib-II	104 Aqr	
253	13.75042	58.97278	4.83	+1.21	K2III	26Ups1Cas	
417	21.91417	45.40667	4.83	+0.42	F5IV	48Ome And	
545	28.38250	19.29583	4.83		B9V	5Gam1Ari	
574	29.29167	-47.38500	4.83	+0.88	G8III		
643	33.30542	44.23167	4.83	+1.48	K3.5IIIBa0.5:	60 And	
996	49.84042	3.37028	4.83	+0.68	G5V	96Kap1Cet	
1743	79.37125	-34.89528	4.83	+1.00	K0IV	Omi Col	
1744	78.43917	-67.18528	4.83	+1.28	K2.5IIIa	The Dor	
2571	103.38708	-20.22417	4.83	-0.21	B1IV	15 CMa	
2702	107.21292	-39.65583	4.83	-0.18	B2IV-V		
3282	125.34583	-33.05444	4.83	+1.45	K2.5II-III		
3662	139.04708	54.02194	4.83	+0.19	A5V	18 UMa	
4080	155.58167	-41.65000	4.83	+1.12	K1III		
4402	171.15250	-10.85944	4.83	+1.56	K5III	14Eps Crt	
5304	212.59958	25.09167	4.83	+0.54	F9IV w	12 Boo	
5477	220.28708	13.72833	4.83		A2III	30Zet Boo	
5972	240.57375	22.80444	4.83	+0.07	A3V	44Pi Ser	
6223	250.22958	64.58917	4.83	+1.22	K0III*	18 Dra	
6628	267.29375	-31.70333	4.83	-0.04	B8V		
7064	281.51875	26.66222	4.83	+1.20	K3III		
7116	283.54250	-22.74500	4.83	+1.41	K2I+B9V:	32Nu 1Sgr	
7149	284.26542	-5.84611	4.83	+1.08	K2III	Eta Sct	
7618	299.73833	-26.19556	4.83	+0.90	G6IIIBa0.2	60 Sgr	
7730	303.32500	46.81583	4.83	+0.09	A5IIIn	30 Cyg	
434	22.54625	6.14389	4.84	+1.37	K4III	98Mu Psc	
604	30.97792	42.33083	4.84	+0.03	B8V+A0V	57Gam2And	
781	39.89083	-11.87222	4.84	+0.45	F5V+F6V	83Eps Cet	
837	41.38583	-67.61667	4.84	+0.06	A2IV-V	Zet Hyi	
985	49.99750	65.65222	4.84	-0.15	B2.5Ven		
1311	63.48500	9.26361	4.84	+0.80	G5III+A7V?	47 Tau	
2961	114.86417	-38.30833	4.84	-0.19	B2.5V		
3173	122.11417	51.50667	4.84	+0.05	A2V	27 Lyn	
4112	157.65667	55.98056	4.84	+0.52	F8V	36 UMa	
4126	158.77292	75.71306	4.84	+0.96	G8.5III		
4291	165.14000	3.61750	4.84	+1.16	K1IIICN-0.5	58 Leo	
6159	248.15125	11.48806	4.84	+1.49	K7III	29 Her	
7977	312.23458	46.11417	4.84	+0.41	B3Ia	55 Cyg	
8060	316.10125	-19.85500	4.84	+0.17	A5V	22Eta Cap	
8413	331.42000	5.05861	4.84	+1.44	K4III	22Nu Peg	
565	29.16750	-22.52694	4.85	+1.42	K4III	56 Cet	
1350	65.38833	46.49889	4.85	-0.03	B4IV	53 Per	
2874	112.46417	-23.02444	4.85	+0.23	A5Ib		
4222	161.71333	-64.38333	4.85	-0.15	B3IV		
4515	176.32125	8.25833	4.85	+0.18	A4V	2Xi Vir	
4933	195.88833	-49.52722	4.85	+0.02	A0V	Xi 1Cen	
4979	198.01333	-37.80306	4.85	+0.70	G3V		
6103	245.52417	30.89194	4.85	+0.97	K0III	19Xi CrB	
6237	251.32417	56.78194	4.85	+0.38	F2V		
7292	288.88500	-25.25667	4.85	+0.56	G8:III+A8V	42Psi Sgr	
8644	340.87500	-41.41444	4.85	+1.03	K0III	Rho Gru	
8655	341.40792	-53.50028	4.85	+1.18	K2IIICNIV	Eta Gru	
8797	346.65375	59.41972	4.85	-0.03	B0.5IV	1 Cas	
8860	349.43625	49.01528	4.85	+1.67	M2+IIIBa0.3	8 And	
377	18.94208	-68.87611	4.86	+0.47	F6IV	Kap Tuc	
754	38.96875	5.59333	4.86	+0.87	G8III	78Nu Cet	
1689	78.35708	38.48444	4.86	+0.18	A4Vm	11Mu Aur	
1946	85.32375	16.53389	4.86	-0.13	B3IV	126 Tau	
2002	87.25417	24.56750	4.86	+1.01	G8III	132 Tau	
3414	128.83167	-58.00917	4.86	+1.00	K0III		
3467	130.60625	-53.11389	4.86	-0.17	B3IV		
3990	152.23458	-51.81111	4.86	-0.12	B3IV		
4729	186.62875	-63.12250	4.86	-0.12	B4IV		
5370	214.93833	16.30694	4.86	+1.23	K3III	20 Boo	
5480	220.41167	8.16167	4.86	+1.00	G7+IIIHdel -0.5	31 Boo	
5666	229.41208	-63.61056	4.86	+1.25	K2.5III	Eps Cir	
6675	269.19750	-44.34222	4.86	+1.21	K2III		
6866	275.21708	3.37722	4.86	+0.91	G8III	74 Oph	
7515	296.59042	-19.76111	4.86	+0.93	K1III	56 Sgr	
9067	359.66833	-3.55611	4.86	+0.93	G9III	27 Psc	
660	34.26333	34.22417	4.87	+0.61	G0.5V	8Del Tri	
932	47.98458	74.39361	4.87	+0.02	A2Vnn		
1318	63.59875	-10.25639	4.87	+1.17	K3III	39 Eri	
2056	88.27875	-33.80139	4.87	-0.15	B5V	Lam Col	
2470	101.55875	59.44167	4.87	+0.08	A3V	12 Lyn	
4374	169.54542	31.52917	4.87		G0V	53Xi UMa	
5002	199.30417	-66.78361	4.87	+1.50	K2Ib-II		
6334	256.20583	-34.12278	4.87	+0.26	B1Ia		
6555	263.06667	55.17306	4.87	+0.28	A4m	25Nu 2Dra	
6595	265.85750	-21.68333	4.87	+0.47	F6V	58 Oph	
7029	281.08083	-35.64194	4.87	-0.18	B2.5V		
7134	284.61542	-52.93861	4.87	-0.05	A0V	Lam Tel	
7152	284.68083	-37.10750	4.87	+0.41	F2V	Eps CrA	
9008	356.76458	58.65194	4.87	+1.11	K1IIIa	5Tau Cas	
390	20.58500	45.52889	4.88	+1.08	K0-IIIb	46Xi And	
994	49.59208	-22.51139	4.88	+0.90	G6III	15 Eri	
1533	72.47750	37.48833	4.88	+1.44	K3.5IIIBa0.2:		
1810	81.90875	21.93694	4.88	-0.15	B2.5IV	114 Tau	
3003	116.53083	18.51000	4.88	+1.45	K4III-IIIb	81 Gem	
3441	130.43042	-15.94333	4.88	+1.06	G9.5III	9 Hya	
3919	148.55125	-25.93250	4.88	+1.23	K2+III-IIIb		
4828	190.47125	10.23556	4.88	+0.09	A0V	30Rho Vir	
5941	239.54750	-14.27944	4.88	-0.10	B5IIIp	48 Lib	
6554	263.04417	55.18417	4.88	+0.26	A6V	24Nu 1Dra	
6682	269.44875	-41.71611	4.88	+1.65	M0III		
7859	309.39708	-61.53000	4.88	+0.43	F5Del Del	Rho Pav	
8622	339.81542	39.05028	4.88	-0.20	O9V	10 Lac	
9071	359.75208	55.75500	4.88	-0.07	B1V	8Sig Cas	
33	2.81625	-15.46806	4.89	+0.49	F7V	6 Cet	
223	12.20875	50.96833	4.89	-0.11	B9III	25Nu Cas	
708	36.48750	-12.29056	4.89	-0.03	B9.5Vn	72Rho Cet	
972	48.72542	21.04444	4.89	-0.01	A1V	58Zet Ari	
2746	108.30583	-45.18306	4.89	-0.02	A0pSi		
3433	129.92708	-29.56111	4.89	+0.90	G4III	Zet Pyx	
3556	133.88125	-27.68194	4.89	+0.11	A3IV	Del Pyx	
4134	157.84083	-53.71556	4.89	+0.50	F6V		
4162	159.30708	-27.41250	4.89	+1.62	M2III		
5967	240.85083	-38.60250	4.89	-0.14	B6IV		
6315	254.00708	65.13472	4.89	+0.48	F6V	19 Dra	
7517	296.06917	37.35444	4.89	+0.95	G7+III	15 Cyg	
7873	309.18167	-2.55000	4.89	+1.60	K5II	70 Aql	
7952	312.37083	-46.22694	4.89	+1.52	K5III	Zet Ind	
412	21.40500	-14.59889	4.90	+1.23	K2.5IIIb	46 Cet	
749	38.46125	-28.23250	4.90	-0.05	B9.5V	Ome For	
2275	94.99833	-2.94444	4.90	+1.60	M1III		
2585	104.40458	45.09417	4.90	+0.03	A2Vn	16 Lyn	
2696	107.91375	39.32056	4.90	+1.45	K4III-IIIa	63 Aur	
2930	114.79125	34.58417	4.90	+0.40	F3III	71Omi Gem	
4549	177.96333	-65.20611	4.90	-0.11	B4V		
4894	193.32417	21.24500	4.90	+0.90	G8III+F6V	35 Com	
4924	195.06875	30.78500	4.90	+1.17	G9IIICH-2Fe1Ca1	37 Com	
6200	249.68708	48.92833	4.90	+1.55	M2.5IIIab	42 Her	
7032	280.88042	-8.27528	4.90	+1.12	G8IIb	Eps Sct	
7424	293.80417	-48.09917	4.90	+1.09	K0III	Iot Tel	
7965	312.49208	-33.77972	4.90	+1.00	G7III	Alp Mic	
8255	323.69417	38.53417	4.90	+1.08	K0.5III	72 Cyg	
8717	343.80708	8.81583	4.90	0.00	A1V	50Rho Peg	
788	40.56208	40.19389	4.91	+0.59	F9V	12 Per	
1437	67.96958	-0.04389	4.91	+1.32	K3II-III	45 Eri	
1621	75.35667	-20.05194	4.91	-0.05	B9.5Vn		
1963	85.61917	1.47472	4.91	+1.17	K1III	51 Ori	
2010	87.38708	12.65111	4.91	-0.07	B9IV	134 Tau	
2289	96.22458	49.28806	4.91	+1.97	K5-M0Iab-Ib	46Psi1Aur	
4171	159.64583	-16.87667	4.91	+0.92	G8IIIFe-0.5	Phi3Hya	
4523	176.62958	-40.50056	4.91	+0.66	G3V		
4583	179.90542	-78.22194	4.91	-0.06	B9Vn	Eps Cha	
4874	192.67167	-33.99944	4.91	-0.04	A0IV		
5201	207.42833	21.26417	4.91	+1.43	K4III	6 Boo	
5301	212.71042	-16.30194	4.91	+1.72	M2IIIa		
5303	214.55750	-81.00778	4.91	+0.25	A2m	Eta Aps	
5660	228.65542	-31.51917	4.91	+0.37	F1II	1 Lup	
6098	247.11708	-70.08444	4.91	+0.55	F9V	Zet TrA	
6355	256.34458	12.74083	4.91	+0.12	A4IV	60 Her	
7831	307.41250	-2.88556	4.91	+1.15	K2III	69 Aql	
7939	311.21875	25.27056	4.91	+1.18	K2III	30 Vul	
8383	329.16292	63.62556	4.91	+1.77	M2Iaep+B8Ve		
8926	352.50833	58.54889	4.91	-0.12	B3IV		
2701	107.55708	-4.23722	4.92	+1.03	K0III	20 Mon	
3582	134.24333	-59.22944	4.92	-0.19	B2IV-V		
4989	198.56167	-59.10333	4.92	+0.48	F7IV		
4997	198.42917	40.15278	4.92	+1.06	G8IIIaCN0.5		
5371	215.65417	-58.45944	4.92	+0.86	G8III+F5V		
5489	221.24667	-35.19194	4.92	+0.01	A0V		
5586	225.24333	-8.51889	4.92	0.00	B9.5V	19Del Lib	
5985	241.36042	-19.80194	4.92	-0.02	B2V	8Bet2Sco	
7137	283.30667	50.70833	4.92	+0.90	G7IIIaFe-1		
7619	298.90750	52.43889	4.92	+0.12	A4Vn	24Psi Cyg	
7956	311.79500	34.37417	4.92	+1.32	K3III		
8447	332.53667	-32.54833	4.92	+0.48	F6V	15Tau PsA	
882	44.76542	35.18306	4.93	+1.23	K2III	24 Per	
1302	62.71083	-41.99361	4.93	+0.33	A9V	Del Hor	
1343	65.10250	34.56667	4.93	+0.94	G8III	54 Per	
2148	91.24625	-16.48444	4.93	+0.24	A2eShell	17 Lep	
2462	99.65667	-48.22028	4.93	+0.87	G8III		
2672	105.97375	-49.58389	4.93	+0.13	A4IV		
3122	119.93375	-3.67972	4.93	+1.21	K2III	27 Mon	
3520	132.44875	-45.30806	4.93	+0.05	A2III		
4142	157.75833	-73.22167	4.93	+1.68	K4-5III		
4823	190.48583	-59.68583	4.93	-0.04	B6IVe		
4931	195.18250	56.36639	4.93	+0.36	F2V	78 UMa	
5634	226.82542	24.86917	4.93	+0.43	F5V	45 Boo	
7192	285.00375	32.14556	4.93	+1.47	K2.5IIIBa0.5	15Lam Lyr	
7226	286.60458	-37.06333	4.93	+0.52	F8V	Gam CrA	
7708	302.35667	36.83972	4.93	-0.13	B2.5Ve	28 Cyg	
8997	355.99792	29.36167	4.93	+0.95	K0III	78 Peg	
184	10.86708	47.02472	4.94	+0.18	A5V	20Pi Cas	
477	25.14500	40.57694	4.94	-0.09	B8III	53Tau And	
642	33.09292	30.30306	4.94	+0.78	G5III+F5V	6 Tri	
1329	64.31500	20.57861	4.94	+0.26	A3m	50Ome2Tau	
1592	74.81417	37.89028	4.94	+0.04	A1V	4Ome Aur	
1739	79.81917	22.09639	4.94	+0.93	G8III	109 Tau	
2934	113.91542	-52.53389	4.94	+1.40	K3III		
2959	115.09667	-15.26361	4.94	+1.56	K3II		
3149	120.87958	27.79417	4.94	+1.12	K1.5III	Chi Gem	
3682	138.90292	-38.57000	4.94	+1.11	K0III		
3862	145.56000	-23.91556	4.94	+0.53	F9IV		
3923	148.71750	-19.00944	4.94	+1.57	M1III		
4314	166.33292	-27.29361	4.94	+0.36	F3IV	Chi1Hya	
4499	175.22333	-62.09000	4.94	+1.15	G3Ib		
4795	188.68333	70.02194	4.94	+1.31	K3III*	6 Dra	
4883	192.92458	27.54056	4.94	+0.67	G0III	31 Com	
5105	203.53292	3.65889	4.94	+0.03	A1pSrCrEu	78 Vir	
5475	220.18167	16.41833	4.94	-0.03	B9pMnHgSi	29Pi 1Boo	
5497	221.50042	-25.44306	4.94	+0.35	F2III-IV	54 Hya	
5535	222.75417	-2.29917	4.94	+0.98	G8III-IV	11 Lib	
5723	231.04958	-10.32222	4.94	+0.44	F5IV	31Eps Lib	
6024	243.36958	-54.63056	4.94	+1.04	G8III	Kap Nor	
6031	243.00000	-10.06417	4.94	+0.09	A3IV	15Psi Sco	
6155	248.52083	-44.04528	4.94	+0.05	B0Ia	Mu Nor	
7613	298.96542	38.48667	4.94	-0.08	B5IV	22 Cyg	
7673	301.84667	-52.88083	4.94	+1.62	M1IIab	Xi Tel	
8699	343.00833	43.31250	4.94	+1.56	M0III	15 Lac	
8911	351.73333	1.25556	4.94	+0.03	A0pCrSi:Sr:	8Kap Psc	
9103	1.12542	-10.50944	4.94	+1.63	K3Ib	3 Cet	
483	25.44667	42.61361	4.95	+0.62	G1.5V		
1002	50.36042	43.32944	4.95	+0.04	A3V	32 Per	
1348	65.08875	27.35083	4.95	+1.15	K1III	52Phi Tau	
1789	81.18667	1.84639	4.95	-0.20	B1Vpe	25Psi1Ori	
1952	85.21083	-1.12889	4.95	-0.21	B2IV-V		
2128	90.46000	-10.59806	4.95	-0.12	B5III	3 Mon	
2198	93.01375	16.13056	4.95	-0.14	B5Vn	69 Ori	
2608	104.06667	-48.72111	4.95	+1.69	M1III		
4418	171.98417	2.85611	4.95	+1.00	G7.5IIIa	84Tau Leo	
4667	184.08542	23.94528	4.95	+0.97	G8IIIFe-0.5	7 Com	
4733	186.60042	27.26833	4.95	+0.27	F0p	14 Com	
4765	187.52792	69.20111	4.95	+1.62	M3IIIa	4 Dra	
4958	197.26375	-23.11806	4.95	+1.05	K1III	45Psi Hya	
5960	239.44750	54.74972	4.95	+0.26	F0IV		
6116	244.37625	75.75528	4.95	+0.37	F5V	21Eta UMi	
6868	275.07458	21.96139	4.95	+1.59	M1III	106 Her	
7446	294.22292	-7.02750	4.95	0.00	B0.5III	39Kap Aql	
7565	297.76708	22.61000	4.95	-0.14	B2.5Ve	12 Vul	
7724	303.56917	15.19750	4.95	+0.08	A2V	67Rho Aql	
7844	307.51458	48.95167	4.95	-0.09	B2.5IV	45Ome1Cyg	
8726	344.10833	49.73361	4.95	+1.78	K5Ib		
9003	356.50875	46.42028	4.95	+1.11	G5Ib+A0V	20Psi And	
370	18.79625	-45.53139	4.96	+0.58	F8V	Nu Phe	
2742	112.76833	82.41139	4.96	+1.66	M4IIIa		
2812	110.55625	-19.01667	4.96	-0.04	B7IV		
4695	185.08750	3.31250	4.96	+1.16	K0-IIIbFe-1	16 Vir	
5824	235.07042	-23.81806	4.96	+1.33	K3IIICN1	42 Lib	
5826	232.85375	77.34944	4.96	+1.58	K5III	15The UMi	
6196	250.39333	-17.74222	4.96	+1.11	G7.5IICN1Ba0.4		
6730	270.37667	21.59556	4.96	+0.12	A5IIIn	95 Her	
6934	277.93917	-45.91500	4.96	-0.11	B6IV	Del1Tel	
7304	289.40875	-18.95306	4.96	+1.02	G8II-III	43 Sgr	
7633	298.98083	58.84611	4.96	+1.59	K5II-III		
1123	55.59375	33.96500	4.97	-0.01	B0.5V	40 Per	
1266	60.32583	-61.07889	4.97	+1.42	K4III	Iot Ret	
1407	67.11000	16.35972	4.97	+1.13	K2III	75 Tau	
2087	88.87458	-37.12083	4.97	+1.11	K1III	Xi Col	
2902	113.44958	-14.52389	4.97	+1.41	M2Iabpe+B2V		
3067	118.37417	26.76583	4.97	+0.09	A3V	83Phi Gem	
3613	136.49333	5.09222	4.97	+1.22	K2II-III	18Ome Hya	
3782	142.98625	11.29972	4.97	+1.05	K0-III-IIIb	5Xi Leo	
4072	156.03292	65.56639	4.97	-0.06	A0pSiSr:Hg:		
4538	177.48583	-70.22583	4.97	+1.40	G6Ib		
5080	202.42833	-23.28139	4.97	+1.60	M7IIIe		
5196	207.46792	-18.13417	4.97	+1.06	K0.5III-IIIb	89 Vir	
5407	217.04333	-29.49167	4.97	-0.07	B8V	52 Hya	
6815	272.97583	31.40528	4.97	+1.65	M3III	104 Her	
7372	291.03167	29.62139	4.97	-0.10	B3IV	2 Cyg	
7736	303.63333	36.80639	4.97	+0.14	A2V	29 Cyg	
382	20.02042	58.23167	4.98	+0.68	F0Ia	34Phi Cas	
469	24.83750	44.38611	4.98	+0.89	G8III	52Chi And	
623	32.35542	25.93972	4.98	+0.33	F2III	14 Ari	
1034	52.01292	49.06278	4.98	-0.09	B5V		
2215	94.47833	61.51528	4.98	+1.83	M3IIIab	1 Lyn	
2781	109.66792	-24.55889	4.98	-0.15	O7Ia:fp	29 CMa	
3431	130.00625	-12.47528	4.98	+1.42	K4III	6 Hya	
5072	202.10750	13.77889	4.98	+0.71	G4V	70 Vir	
5110	203.69917	37.18250	4.98	+0.40	F2IV		
6337	255.78250	14.09194	4.98	+1.60	M3III		
6801	272.93083	-23.70111	4.98	+1.05	K0III	11 Sgr	
6923	275.97708	58.80056	4.98	+0.08	A1V	39 Dra	
7142	284.06083	4.20194	4.98	+0.20	A5Vn	63The2Ser	
8865	349.74042	-9.61083	4.98	-0.02	A0V	95Psi3Aqr	
8904	351.20958	62.28278	4.98	+1.68	M1III	4 Cas	
8943	353.48833	31.32528	4.98	+1.38	K4IIIb	72 Peg	
500	25.68125	-3.69028	4.99	+1.38	K3II-III		
548	29.00000	68.68528	4.99	-0.10	B8III	46Ome Cas	
909	44.69917	-64.07139	4.99	+0.13	A3-5IIIm:	Bet Hor	
1773	81.16333	37.38556	4.99	+1.42	K4III	21Sig Aur	
1780	81.10583	17.38333	4.99	+0.53	F8V	111 Tau	
2029	88.71167	55.70694	4.99	+0.05	A2V	30Xi Aur	
2549	102.71833	-34.36722	4.99	+1.38	K5III		
2648	105.72833	-4.23917	4.99	-0.20	B1V	19 Mon	
2828	111.41208	9.27611	4.99	+1.01	G6.5IIb	2Eps CMi	
2946	115.75167	58.71028	4.99	+0.08	A3IVn	24 Lyn	
3229	123.33333	-15.78833	4.99	+1.07	G5II	20 Pup	
3359	127.36500	-44.72500	4.99	-0.16	B2IV		
4089	155.74208	-66.90167	4.99	-0.13	B8V		
4294	165.18667	6.10139	4.99	+0.16	A5III	59 Leo	
4392	170.70667	43.48278	4.99	+0.99	G7.5IIIa:Ba0.3	56 UMa	
4846	191.28250	45.44028	4.99	+2.54	C7I		
5943	239.87625	-41.74444	4.99	+1.00	K0II-III		
5971	240.36083	29.85111	4.99	-0.07	A0p:Hg:	14Iot CrB	
6058	244.25375	-50.06833	4.99	+0.80	F9Ia	Gam1Nor	
7120	283.77958	-22.67139	4.99	+1.33	K3II-IIIBa0.8CN2	35Nu 2Sgr	
7227	286.60458	-37.06333	4.99	+0.52	F8V	Gam CrA	
7309	288.48000	57.70500	4.99	+1.16	K2III	54 Dra	
7534	296.60667	33.72778	4.99	+0.47	F7V	17 Cyg	
7659	301.08167	-32.05639	4.99	+1.21	K1III		
8433	332.10833	-34.04389	4.99	+1.48	M1III	Ups PsA	
1134	55.56208	-31.93833	5.00	-0.16	B5IV	Del For	
1205	59.28458	61.10889	5.00	+1.45	K3I-II+A3V:		
1637	76.66917	51.59778	5.00	+0.33	F0V	9 Aur	
1656	76.86250	18.64500	5.00	+0.65	G4V	104 Tau	
1770	80.70833	3.54444	5.00	-0.15	B1V	23 Ori	
2593	104.02750	-14.04361	5.00	+1.18	G5III+A2	18Mu CMa	
2717	108.34292	16.15889	5.00	+1.66	M4IIIab	51 Gem	
3654	137.76833	-44.86806	5.00	+0.23	B5Ia		
3827	144.30292	6.83583	5.00	+1.05	K1III	10 Leo	
4181	160.76708	69.07611	5.00	+1.38	K3III-IIIb		
4396	170.80292	-36.16472	5.00	+1.46	K6III		
4668	184.12542	33.06139	5.00	+1.14	K0.5IIIb		
4682	184.74875	-55.14306	5.00	+1.59	M1III		
4738	186.74708	26.82556	5.00	+0.08	A4V	16 Com	
5698	230.53458	-47.92778	5.00	+0.50	F8V	Nu 1Lup	
5969	240.83583	-25.86528	5.00	+1.22	K5III		
6008	242.01875	17.04694	5.00	+0.95	G8III	7Kap Her	
6161	246.99583	68.76806	5.00	-0.06	A0III	15 Dra	
6452	260.07875	18.05722	5.00	+1.62	M2IIIab		
6791	271.87000	43.46167	5.00	+0.91	G8IIICN-1CH-3		
7437	293.64542	19.77333	5.00	-0.09	B8IIIn	9 Vul	
7546	297.24458	19.14222	5.00	+0.10	A3V	8Zet Sge	
8154	319.61333	43.94583	5.00	-0.01	O7.5III:n((f))	68 Cyg	
8752	345.02125	56.94528	5.00	+1.42	G40		
8968	354.94625	-14.22167	5.00	+0.24	F0IV	102Ome1Aqr	
9062	359.39667	-64.29833	5.00	+0.06	A1V	Eta Tuc	
715	35.71792	-73.64583	5.01	+1.09	K1III	Kap Hyi	
1483	69.72333	-12.12306	5.01	+0.07	A2IV		
2244	93.93708	-13.71833	5.01	-0.08	B9Vn		
2245	92.81250	-65.58944	5.01	+1.62	M2.5III	Eta2Dor	
2861	112.45292	27.91611	5.01	+1.11	K2III	65 Gem	
3079	118.06542	-34.70528	5.01	+0.44	F5V		
3407	128.68167	-49.94417	5.01	+1.33	K1-2II		
3808	143.30208	-21.11583	5.01	+1.02	K0IV		
3819	143.53667	-51.25528	5.01	-0.18	B1.5IV		
5141	205.43625	-54.56000	5.01	-0.05	B8Vn		
5150	205.40333	-8.70306	5.01	+1.63	M1.5III	82 Vir	
5247	209.14250	27.49194	5.01	+1.42	K3III	9 Boo	
5313	213.06583	2.40944	5.01	-0.12	A0VpSi		
7215	285.36000	46.93472	5.01	+0.19	A7V	16 Lyr	
7333	290.13708	-5.41583	5.01	+0.92	G8III-IV	26 Aql	
8008	313.64000	28.05750	5.01	+1.48	K4III	32 Vul	
8266	324.23750	40.41361	5.01	+0.18	A5V	74 Cyg	
8326	326.93417	-30.89833	5.01	+0.04	A2V	10The PsA	
8520	335.37958	12.20528	5.01	-0.13	B2IV-Ve	31 Peg	
9091	0.58292	-29.72028	5.01	-0.15	B4III	Zet Scl	
1628	75.54083	-26.27500	5.02	+1.07	K1III		
1706	78.85167	32.68778	5.02	+0.23	A9IVDel Del	14 Aur	
2177	91.88167	-37.25306	5.02	-0.11	B9IV	The Col	
2459	100.77083	44.52444	5.02	+1.48	K5III	55Psi4Aur	
2516	102.69125	41.78139	5.02	+1.27	K3III	58Psi7Aur	
4143	158.23708	-47.00333	5.02	+1.04	K4III		
4728	186.46208	39.01861	5.02	+0.96	G9III	6 CVn	
4792	188.78250	18.37694	5.02	+1.15	K2III	24 Com	
5714	229.27458	71.82389	5.02	+1.37	K4III	11 UMi	
5763	232.73250	40.83306	5.02	+1.59	K4.5IIIbBa0.4	52Nu 1Boo	
5774	232.94583	40.89944	5.02	+0.07	A5V	53Nu 2Boo	
6112	246.39667	-23.44722	5.02	+0.24	B2IV	5Rho Oph	
6656	267.26792	50.78111	5.02	+0.02	A2V	30 Dra	
7040	281.20792	2.06000	5.02	-0.06	B9V	4 Aql	
7614	299.48750	-15.49139	5.02	+0.05	A3IV	61 Sgr	
8092	318.33542	-70.12639	5.02	+1.58	M1-2III	Omi Pav	
27	2.58042	46.07222	5.03	+0.40	F2II	22 And	
324	17.00375	43.94194	5.03	+0.11	A3m	41 And	
613	31.64125	22.64833	5.03	+0.11	A2m	12Kap Ari	
675	34.73750	28.64250	5.03	+0.04	A2V	10 Tri	
969	49.05083	50.93778	5.03	+1.15	G6Ib-IIa		
989	49.78167	50.09500	5.03	-0.06	B5V	31 Per	
1204	59.35625	63.07222	5.03	-0.09	B9.5V		
1414	67.20917	13.04750	5.03	+0.23	A7V	79 Tau	
1549	72.54833	-16.21722	5.03	+0.98	K0III	60 Eri	
1663	76.24167	-49.57778	5.03	+1.49	K5III	Eta2Pic	
1740	80.00375	33.95806	5.03	+0.27	A5II	19 Aur	
2108	89.76792	-9.55833	5.03	+0.19	A6IIIm vs	2 Mon	
2770	109.20625	-36.59278	5.03	-0.17	B2IV-V		
2808	110.86875	25.05056	5.03	+0.90	G8III	57 Gem	
4258	163.93500	33.50694	5.03	+1.10	K1III	46 UMa	
4511	175.88000	-62.48944	5.03	+0.80	G00-IaFe1		
5543	223.21292	-37.80333	5.03	-0.16	B7IIIp		
5902	238.33375	-20.16722	5.03	-0.01	B2.5V	45Lam Lib	
6316	255.46958	-32.14361	5.03	-0.10	B8V		
6433	259.65417	10.86444	5.03	+1.55	K4II-III		
6850	273.47417	64.39722	5.03	+0.38	F5V	36 Dra	
7362	291.31875	-24.50861	5.03	+0.23	Am	47Chi1Sgr	
7414	292.66583	-2.78889	5.03	+1.75	M1III	36 Aql	
7576	297.65708	52.98806	5.03	+1.28	K3IIICN1	20 Cyg	
8400	329.81250	73.18000	5.03	+0.44	F5V	16 Cep	
8610	339.43917	-4.22806	5.03	+1.14	K2III	63Kap Aqr	
520	26.52625	-53.52194	5.04	+0.04	A1V		
590	30.57542	54.48750	5.04	-0.08	B8III	4 Per	
2140	90.81458	-26.28444	5.04	+1.34	K3III		
2241	94.11083	12.27222	5.04	+0.42	F5IV-V	74 Ori	
3015	116.48708	-14.56389	5.04	+0.33	F0V	4 Pup	
4449	173.22542	-31.08722	5.04	+1.58	M2IIIb		
4605	181.19375	-76.51917	5.04	+1.49	K4III	Kap Cha	
4981	198.01458	-16.19861	5.04	+0.46	F5III-IV	53 Vir	
6146	247.16042	41.88167	5.04	+1.52	M6-III	30 Her	
6270	252.93875	24.65639	5.04	+1.25	K0.5IIIaCa0.5	51 Her	
6701	267.36250	76.96278	5.04	+0.49	F6IV-V s	35 Dra	
6775	271.75625	30.56194	5.04	+0.52	F7V	99 Her	
7049	280.65792	55.53944	5.04	-0.09	B9.5pHg:	46 Dra	
7894	309.63292	24.11611	5.04	-0.14	B5IV	28 Vul	
7984	312.52042	44.05944	5.04	+0.20	A4mDel Del	56 Cyg	
8343	327.46125	30.17417	5.04	-0.03	A1V s	14 Peg	
8469	332.87792	59.41444	5.04	+0.25	O6I(n)fp	22Lam Cep	
9004	356.59792	3.48667	5.04	+2.60	C5II	19 Psc	
9013	356.97833	67.80694	5.04	-0.01	A1Vn		
1467	69.97792	53.07972	5.05	+1.07	K0III	3 Cam	
1503	70.51458	-37.14444	5.05	+0.37	F1V	Bet Cae	
1686	80.63958	79.23111	5.05	+0.47	F6V		
2196	91.76417	-62.15472	5.05	+1.25	K2-3III		
2205	92.96583	-6.55028	5.05	-0.20	B2V		
2751	109.63292	49.46500	5.05	+0.08	A4IIIn		
2857	112.33500	28.11806	5.05	+0.11	A4V	64 Gem	
2938	114.86917	17.67472	5.05	+1.56	K5IIIFe-0.5	74 Gem	
3187	121.66833	-45.26639	5.05	+1.50	K3III		
3430	129.78333	-22.66194	5.05	+0.73	G6IV		
3909	148.12667	-8.10500	5.05	+0.04	A1V	8Gam Sex	
4277	164.86667	40.43028	5.05	+0.61	G1-VFe-0.5	47 UMa	
5042	201.27958	-74.88778	5.05	+1.11	K0III	Iot1Mus	
6566	262.99125	68.13500	5.05	+1.08	K0III	27 Dra	
6891	275.38625	49.12167	5.05	+1.66	M2IIIab		
7329	290.71292	-54.42361	5.05	+0.02	A0Vn	Eta Tel	
7660	300.34000	50.10472	5.05	+1.11	K1II-III	26 Cyg	
7896	309.78250	10.08611	5.05	+0.72	G2IV	7Kap Del	
7968	312.87542	-51.60833	5.05	+1.13	K1II-III	Iot Ind	
8878	350.08583	5.38139	5.05	+1.20	K2III	7 Psc	
103	7.01208	17.89306	5.06	+1.65	M3III	47 Psc	
962	48.19333	-1.19611	5.06	+0.57	F8V	94 Cet	
1242	61.11333	59.15556	5.06	+0.50	F0II		
1771	80.44250	-24.77306	5.06	+0.67	G7II-III+A7IV-V		
2221	92.18417	-68.84333	5.06	-0.08	B8V	Nu Dor	
2344	96.99000	-4.76222	5.06	-0.17	B2V	10 Mon	
2619	104.60458	-34.11167	5.06	-0.16	B3V		
2998	115.73833	-45.17333	5.06	+0.78	G6IV		
3849	145.07667	-14.33222	5.06	-0.15	B5V	38Kap Hya	
5071	202.35500	-51.16528	5.06	+0.07	A1V		
5336	215.59458	-80.10889	5.06	-0.10	B4V	Eps Aps	
5694	229.82833	1.76528	5.06	+0.54	F8III-IV	5 Ser	
6765	271.50792	22.21889	5.06	+1.58	M3-IIIZrO 0+	98 Her	
7051	281.08500	39.67000	5.06	+0.16	A4V	4Eps1Lyr	
7489	295.62958	-16.12389	5.06	+0.33	F1III	55 Sgr	
7495	295.20917	45.52500	5.06	+0.40	F5II-III		
8850	349.21208	-7.72667	5.06	+1.60	M3III	92Chi Aqr	
8991	355.84333	10.33139	5.06	+1.68	M2III	77 Peg	
225	12.24458	16.94056	5.07	+0.51	F8V	64 Psc	
236	12.14750	-74.92333	5.07	+1.37	K5III	Lam Hyi	
1174	57.06792	11.14333	5.07	-0.13	B3V+F5V	30 Tau	
1443	67.70875	-44.95389	5.07	-0.19	B2IV-V	Del Cae	
1478	69.78833	15.79972	5.07	+0.15	A4m	91Sig1Tau	
1523	75.08625	81.19389	5.07	+1.28	K3III		
1723	78.85125	-26.94333	5.07	-0.10	B9V		
1805	81.91208	34.47583	5.07	+1.40	K3IIICN+2	24Phi Aur	
2508	101.90458	-8.99833	5.07	+1.80	M1+Ib-IIa		
2609	115.12708	87.02000	5.07	+1.63	M2IIIab		
3280	124.57875	-65.61333	5.07	+1.15	K1III		
3779	142.99000	9.71583	5.07	+1.37	K2.5IIIbFe-0.5	6 Leo	
5316	213.73750	-57.08583	5.07	-0.08	B4Vne		
5834	234.84458	36.63583	5.07	-0.12	B7V	7Zet2CrB	
5977	241.09208	-11.37306	5.07		F5IV	Xi Sco	
6402	258.83667	-26.60139	5.07	+0.85	K0V	36 Oph	
6938	278.00833	-45.75722	5.07	-0.14	B3III	Del2Tel	
7688	301.72250	23.61444	5.07	-0.18	B3V	17 Vul	
144	9.03458	54.16861	5.08	-0.11	B7III		
1622	76.53542	58.97250	5.08	-0.08	B2.5Ve	11 Cam	
1787	81.12042	-0.89139	5.08	+0.96	G9III-IVFe-1	27 Ori	
1897	83.84542	-5.41611	5.08	-0.09	O9.5Vp	43The2Ori	
3035	116.85417	-38.51111	5.08	-0.10	B2.5III		
3240	123.49333	-36.32250	5.08	-0.19	B1.5IV		
3898	147.48792	-45.73278	5.08	-0.10	B7III		
3976	151.54708	-47.37000	5.08	+0.88	K1IV+G5V		
4145	158.50375	-23.74528	5.08	+1.60	K4III	44 Hya	
4146	158.70000	6.95361	5.08	+0.94	G8.5IIIFe-1Ca-1	48 Leo	
4164	159.08458	-59.56472	5.08	+1.18	K1III		
4192	160.85417	23.18833	5.08	+0.04	A3Vn	41 LMi	
4288	165.21000	39.21222	5.08	+0.24	F0V s	49 UMa	
4423	172.14625	-42.67417	5.08	-0.03	B9V		
5312	213.19167	-27.26111	5.08	+1.16	K3III	50 Hya	
6185	249.05708	52.92444	5.08	-0.04	B9V	17 Dra	
6371	257.67625	-44.55750	5.08	+0.86	G8-K0III+G		
6388	257.38875	40.77722	5.08	+1.28	K3III		
7145	284.33542	-20.65639	5.08	+0.13	A0II	36Xi 1Sgr	
8351	328.32417	-13.55167	5.08	+0.37	F1III	51Mu Cap	
8356	328.26583	25.92500	5.08	-0.17	B3Ve	16 Peg	
8615	338.94208	73.64306	5.08	+0.39	F3III-IV	31 Cep	
8656	341.02292	41.81917	5.08	+0.96	K0III	13 Lac	
8866	349.77792	-13.45889	5.08	+0.80	G5IV	94 Aqr	
8893	350.76917	12.31389	5.08	+1.31	K3III	66 Peg	
9036	358.12208	19.12028	5.08	+1.60	M2.5IIIb	81Phi Peg	
136	8.18250	-63.03111	5.09	+0.04	A0V	Bet3Tuc	
1015	50.68833	20.74194	5.09	+1.24	K3III	63Tau2Ari	
1046	52.50083	55.45194	5.09	+0.05	A1V		
1180	57.29667	24.13667	5.09	-0.08	B8Vpe	28 Tau	
2261	92.56000	-74.75306	5.09	+0.72	G6V	Alp Men	
3116	119.32667	-44.10972	5.09	-0.17	B2.5IV		
3350	126.90208	-53.08861	5.09	+0.25	A9-F0III-IV		
3881	147.14750	46.02111	5.09	+0.62	G0.5Va		
4119	157.57292	-0.63694	5.09	-0.14	B6V	30Bet Sex	
4395	170.84125	-18.78000	5.09	+0.42	F5III	13Lam Crt	
5058	201.53250	-39.75528	5.09	+1.20	K0.5III:Ba3		
5664	229.23625	-60.95750	5.09	-0.06	O8.5V	Del Cir	
5891	238.87333	-68.60306	5.09	+1.13	G5IIa	Kap TrA	
7248	286.74417	11.07139	5.09	-0.07	B8III	18 Aql	
8311	326.25125	-9.08250	5.09	+1.11	G8II-III	46 Cap	
563	29.33792	17.81750	5.10	+0.92	K1p	8Iot Ari	
1105	55.53875	63.21667	5.10	+1.63	S3.5/2		
1230	62.51167	80.69861	5.10	+0.56	G8III+A6V		
1547	72.84375	18.83972	5.10	+0.21	A7IV-V	97 Tau	
2395	98.40792	-1.22028	5.10	-0.14	B5Vn		
2748	108.38500	-44.63972	5.10	+1.56	M5IIIe		
2795	110.48667	20.44361	5.10	+1.52	M0IIIab	56 Gem	
2862	111.59125	-51.01833	5.10	+1.06	K0III		
3527	132.63958	-46.52917	5.10	-0.21	B0III		
4246	163.39375	54.58500	5.10	+1.36	K3III	44 UMa	
4663	184.00083	14.89889	5.10	+0.06	A3V	6 Com	
5006	199.22125	-31.50611	5.10	+0.96	K1III		
5392	216.04708	5.82000	5.10	+0.12	A5V		
6794	272.22042	20.04528	5.10	+0.15	A8III	101 Her	
6862	275.57750	-38.65694	5.10	+1.49	K4-5III		
7119	283.67958	-15.60306	5.10	+0.17	B5II		
7319	289.63542	1.08528	5.10	+1.15	K2II-III	23 Aql	
7679	301.28958	19.99111	5.10	+1.06	K2III	16Eta Sge	
7900	310.01250	-18.13861	5.10	+1.66	M2III	15Ups Cap	
8277	324.88875	2.24361	5.10	+1.04	K0III	25 Aqr	
8481	335.00625	-80.43972	5.10	+1.47	M5III	Eps Oct	
8488	334.11083	-41.62750	5.10	+0.92	G8III	Mu 2Gru	
8766	345.65125	42.75778	5.10	+0.09	A3Vn	2 And	
9087	0.45583	-3.02750	5.10	-0.12	B7III-IV	29 Psc	
558	28.59167	-42.49694	5.11	-0.06	A3V	Phi Phe	
873	44.32208	31.93417	5.11	-0.01	B9pSi	21 Per	
934	45.90333	-59.73778	5.11	+0.34	F0IV	Mu Hor	
1177	57.38583	33.09139	5.11	+0.07	A3V	42 Per	
1214	58.41208	-34.73222	5.11	-0.13	B6V		
1451	68.54833	-8.23139	5.11	+1.70	M3III	47 Eri	
2064	87.47333	-66.90111	5.11	-0.14	B6V	Eps Dor	
2790	109.65917	-36.74278	5.11	-0.16	B2IVne		
3123	119.77375	-23.31056	5.11	+1.12	cK2	12 Pup	
3753	141.57542	-53.37917	5.11	-0.11	B6V		
3860	143.47167	-80.94139	5.11	-0.14	B5V	Zet Cha	
4401	170.84083	-64.95500	5.11	-0.08	B5V		
4532	177.18792	-26.74972	5.11	+1.60	M4+III		
5551	224.18333	-62.78083	5.11	0.00	B4Vnpe	The Cir	
5800	233.81250	39.01000	5.11	+1.64	M1.5III-IIIb	6Mu CrB	
5895	237.81500	-3.09056	5.11	+0.12	A3Vnp	36 Ser	
6401	258.83750	-26.60278	5.11	+0.86	K1V	36 Oph	
7418	292.68875	27.96528	5.11	-0.10	B8Ve	6Bet2Cyg	
7560	297.75667	10.41556	5.11	+0.55	F8V	54Omi Aql	
7846	308.47958	-44.51611	5.11	+1.01	K0III	Nu Mic	
7943	312.12167	-43.98861	5.11	+0.35	F1IV	Iot Mic	
8284	325.04625	43.27389	5.11	+1.60	M1IIIab	75 Cyg	
8428	331.28708	62.28000	5.11	+0.08	O9.5Ib	19 Cep	
8767	345.87417	-34.74944	5.11	+0.29	F0V+F3V	Pi PsA	
9032	358.02667	-82.01889	5.11	+0.92	G7III	Gam1Oct	
46	3.61500	-7.78056	5.12	+1.62	M3+III		
85	5.44292	-20.05778	5.12	+1.82	M5IIe		
433	22.40042	-21.62944	5.12	+0.02	A1V	48 Cet	
1381	65.96625	9.46083	5.12	+0.07	A3V	66 Tau	
1657	76.69042	-4.65500	5.12	-0.06	B9V+A1V	66 Eri	
1673	77.18167	-4.45611	5.12	+0.44	F2V	68 Eri	
2511	103.42583	68.88833	5.12	-0.13	B7III	43 Cam	
3163	121.26875	13.11806	5.12	+0.01	A1V	8 Cnc	
3692	139.09625	-44.26583	5.12	+1.67	K3Ib		
3817	143.43542	-49.00500	5.12	-0.12	B4IV		
4178	160.48583	65.71639	5.12	+1.20	K2III	38 UMa	
4851	191.66125	16.57750	5.12	+1.35	K3III	27 Com	
5386	215.84458	8.44667	5.12	-0.02	A0V		
5505	221.24667	27.07500	5.12		A2V	36Eps Boo	
5925	239.22292	-33.96639	5.12	+0.12	A3V	Xi 1Lup	
5966	240.30958	17.81833	5.12	+0.99	G8IIIbFe-0.5	5 Her	
6457	260.22583	24.49944	5.12	-0.03	A2V	70 Her	
6460	261.05417	-44.16250	5.12	-0.06	B7III		
6644	267.20500	25.62278	5.12	+1.16	K2III	87 Her	
6877	275.25417	28.87000	5.12	+0.20	A7V	107 Her	
6903	276.05750	39.50722	5.12	+0.03	A3IVn	2Mu Lyr	
7295	287.91875	56.85917	5.12	+1.01	G8III	53 Dra	
7430	293.78042	-10.56028	5.12	+1.13	G9IIIa	37 Aql	
7566	297.64167	38.72250	5.12	+1.69	M2IIIa	19 Cyg	
7875	310.01083	-60.54889	5.12	+0.53	F8V	Phi2Pav	
8815	347.38125	8.67722	5.12	+1.47	M4IIIS+A2V	57 Peg	
152	9.19417	44.48861	5.13	+1.60	K5-M0III		
366	18.60000	-7.92306	5.13	+0.46	F5V	37 Cet	
1895	83.81875	-5.38972	5.13	+0.02	O6p	41The1Ori	
2649	105.90833	10.95167	5.13	+1.39	K3III		
2793	110.51083	36.76056	5.13	+1.08	K0III	65 Aur	
2927	114.31958	-4.11111	5.13	+0.44	F6III	25 Mon	
3244	123.40083	-46.99194	5.13	-0.14	B2.5IV		
3306	126.47833	7.56444	5.13	+0.94	G7II-IIIFe-1		
3648	138.58583	61.42333	5.13	+0.58	F9V	16 UMa	
4338	167.14167	-61.94722	5.13	+0.22	B9Ia		
4441	172.94208	-59.44222	5.13	+1.08	G30-Ia	Omi1Cen	
4794	188.93958	-41.02194	5.13	+0.22	A7III		
5691	228.65958	67.34667	5.13	+0.53	F9IV		
6017	242.75833	-29.41639	5.13	+1.12	K3III		
6204	251.66667	-67.10972	5.13	-0.08	ApSi		
7021	280.94542	-38.32361	5.13	+0.09	A2Vn	Lam CrA	
7312	287.29083	76.56056	5.13	+0.31	A9V	59 Dra	
7625	300.43625	-59.37611	5.13	+1.53	M6III		
8516	335.39833	-21.59833	5.13	+1.07	K2III	47 Aqr	
9069	359.73250	-52.74583	5.13	+1.13	K0III	Pi Phe	
602	30.42667	-44.71361	5.14	+1.49	K5III	Chi Phe	
724	37.00708	-33.81111	5.14	+0.10	A2V	Phi For	
1061	52.60208	11.33639	5.14	-0.03	A0Vn	4 Tau	
1836	81.58042	-58.91250	5.14	+1.00	G6III	Lam Dor	
2130	90.86375	19.69056	5.14	-0.11	B8III	64 Ori	
2260	94.42375	-16.81583	5.14	+1.30	K3III		
2490	102.73792	67.57194	5.14	-0.17	B4IV	42 Cam	
2548	102.47750	-46.61472	5.14	+0.45	F5V		
2652	105.21458	-51.40250	5.14	+1.61	M1III		
2719	107.69792	-48.93222	5.14	+1.24	K2III		
3013	116.87625	33.41556	5.14	+1.60	M1IIIa	80Pi Gem	
3059	117.92500	1.76694	5.14	-0.12	B8II	13Zet CMi	
3262	125.01625	27.21778	5.14	+0.47	F6V	18Chi Cnc	
3609	137.09833	66.87333	5.14	+1.51	K5III	11Sig1UMa	
3627	137.33958	22.04556	5.14	+0.97	G9IIIFe-1CH-0.5	77Xi Cnc	
3928	149.42125	41.05556	5.14	+0.46	F6V s	19 LMi	
4646	183.04958	77.61639	5.14	+0.33	A5m		
4699	185.23208	-13.56556	5.14	+1.05	K1III		
5366	214.88542	-2.26556	5.14	+1.02	G9III	102Ups Vir	
6045	243.81375	-47.37222	5.14	-0.13	B8V	The Nor	
6944	277.85958	-18.40278	5.14	0.00	A0Vp		
6970	278.76000	-10.97722	5.14	+0.92	G8III		
7053	281.09542	39.61306	5.14	+0.19	A8Vn	5Eps2Lyr	
7127	284.65167	-60.20056	5.14	+1.37	K2IIICNIV	Ome Pav	
7608	298.32250	57.52361	5.14	-0.13	B5V	23 Cyg	
7947	311.66125	16.12444	5.14	+0.49	F7V	12Gam1Del	
8424	331.50833	45.01444	5.14	+1.57	K5III		
736	38.02583	36.14722	5.15	+1.47	K5III	14 Tri	
987	49.65750	50.22222	5.15	-0.06	B3V	29 Per	
2379	97.84583	-12.39167	5.15	+1.27	K3III		
3508	132.98667	43.72667	5.15	+0.98	K0III	35 Lyn	
4327	166.81917	-42.63861	5.15	+0.03	ApSrCrEu		
4442	172.95333	-59.51583	5.15	+0.49	A2Ia	Omi2Cen	
4475	174.25250	-61.28333	5.15	+1.12	K0III		
4487	174.53042	-61.82639	5.15	-0.02	ApHgMn		
4600	180.91500	-42.43417	5.15	+0.41	F6V		
4703	185.53042	-67.52194	5.15	+0.19	A5V	Zet2Mus	
5023	199.56042	49.68194	5.15	-0.07	A0V	21 CVn	
5174	206.73500	-36.25194	5.15	-0.02	A0V		
5232	208.67542	-1.50306	5.15	+1.08	K2III	90 Vir	
5250	209.62958	-24.97222	5.15	-0.10	B8VpShell	47 Hya	
5530	222.67167	-15.99722	5.15	+0.41	F4IV	8Alp1Lib	
5607	226.32958	-41.06722	5.15	+1.01	G8III		
5775	233.65542	-28.04694	5.15	+1.30	K4III	36 Lib	
6228	251.45792	8.58250	5.15	+1.53	K5III	43 Her	
6585	266.03625	-51.83417	5.15	+0.70	G3IV-V	Mu Ara	
7287	288.42792	2.29361	5.15	-0.07	B8II-III	21 Aql	
7395	291.53792	36.31778	5.15	-0.12	B9pSi	4 Cyg	
7741	303.87583	23.50861	5.15	+1.04	G3Ib-II	22 Vul	
7881	310.48792	-66.76083	5.15	-0.06	B9III	Ups Pav	
8021	316.17917	-77.02389	5.15	+0.49	A7III+G2III	Alp Oct	
349	17.77833	31.42472	5.16	+0.23	F0V	82 Psc	
378	19.45000	3.61444	5.16	+0.07	A3V	89 Psc	
743	39.50833	72.81833	5.16	+0.88	G8III		
3260	123.81625	-62.91583	5.16	+0.09	A2V		
3476	130.91792	-49.82278	5.16	-0.20	B0IIIn		
3598	134.85042	-59.08361	5.16	+0.42	F3V		
4025	153.37750	-66.37306	5.16	+0.21	Am		
4141	158.79042	57.08278	5.16	+0.34	F1V	37 UMa	
4913	194.26833	-51.19861	5.16	-0.06	B8-9V		
5667	229.01667	-41.49111	5.16	+0.58	G5Ia+B		
6677	268.32542	40.00806	5.16	+1.18	K1IIIbCN-1	90 Her	
6693	269.77167	-30.25306	5.16	+1.77	M1Ib		
6942	278.08917	-39.70389	5.16	+0.08	A3Vn		
7213	286.58292	-52.34083	5.16	+0.53	F7V	Rho Tel	
7373	291.24250	11.94444	5.16	+0.77	G8IVHdel 1	31 Aql	
7385	291.36917	19.79861	5.16	+0.98	K0III	4 Vul	
7897	309.85375	0.48639	5.16	+1.06	K1III	1 Aqr	
8055	316.30917	-54.72722	5.16	+1.21	K2III	Mu Ind	
8178	320.72333	6.81111	5.16	+0.05	A3V	10Bet Equ	
8697	343.10042	9.83556	5.16	+0.48	F7IV	49Sig Peg	
8826	347.93417	8.72000	5.16	+0.13	A5Vn	59 Peg	
104	7.05708	44.39444	5.17	+0.03	A2V s		
321	17.06833	54.92028	5.17	+0.69	G5Vb	30Mu Cas	
685	35.58917	55.84556	5.17	+0.37	A2Ia	9 Per	
875	44.15583	-3.71222	5.17	+0.08	A1Vn		
1383	65.92000	-3.74556	5.17	+0.08	A2V	42Xi Eri	
1996	86.49958	-32.30639	5.17	-0.28	O9.5V	Mu Col	
2049	87.72167	-52.10889	5.17	+0.99	G8III		
2662	104.96042	-67.91611	5.17	+1.40	K3III		
2683	106.07625	-56.74972	5.17	-0.04	A0pSi		
3002	115.92458	-40.93389	5.17	+1.10	K1III		
3064	117.94292	-13.89806	5.17	+0.60	G0V:	9 Pup	
3121	119.46583	-45.57778	5.17	+1.27	K2III		
3153	119.90667	-60.58694	5.17	+1.74	M1.5IIa		
3330	126.37917	-51.72806	5.17	-0.16	B2Ve		
3839	145.73833	72.25250	5.17	+1.04	K0III	27 UMa	
4413	171.43000	-63.97278	5.17	+0.50	F7V		
4492	174.87250	-65.39778	5.17	+0.80	G2III+A0V		
4899	193.65333	-57.16833	5.17	-0.12	B5Vne	Mu 2Cru	
5593	226.20083	-64.03167	5.17	+0.93	G8III	Eta Cir	
5739	231.44750	15.42806	5.17	+1.66	M1III	9Tau1Ser	
5746	232.15917	1.84222	5.17	+0.23	A8IV	10 Ser	
5780	233.61083	-9.18333	5.17	-0.09	B6IV		
7087	283.16500	-52.10750	5.17	+0.94	G8-K0III	Kap Tel	
7468	294.15792	44.69500	5.17	+0.93	G9IIIbFe-0.5		
7474	294.79833	5.39778	5.17	+0.03	B3V+B3V	44Sig Aql	
7770	304.66292	34.98278	5.17	+0.65	F5Ib	35 Cyg	
8011	313.90292	13.72139	5.17	+1.12	K0III	17 Del	
8324	325.76667	72.32028	5.17	+1.05	K0III		
82	5.28042	37.96861	5.18	+0.42	F5III	27Rho And	
84	5.38000	-28.98167	5.18	+1.00	G5III	Iot Scl	
480	25.73292	70.62250	5.18	-0.04	B9V	42 Cas	
812	41.24000	12.44583	5.18	+0.24	A7III-IV	38 Ari	
1684	77.92333	16.04556	5.18	+1.49	K5III		
1928	84.93417	25.89694	5.18	-0.15	B3IV	125 Tau	
2630	105.60333	24.21528	5.18	+0.94	G5IIa-Ib	42Ome Gem	
2999	116.66375	37.51750	5.18	+1.58	M2IIIb		
3044	117.42167	-17.22833	5.18	+1.28	K3III	6 Pup	
3588	134.71792	-47.23472	5.18	+0.25	Am		
4191	160.88708	46.20389	5.18	+0.33	F5III		
4371	169.32250	2.01056	5.18	+1.52	M0III-IIIb	75 Leo	
4567	179.00375	-17.15083	5.18	-0.02	A0V	30Eta Crt	
4617	181.95750	-75.36694	5.18	+1.30	K2II-III		
4717	186.07708	26.09861	5.18	+0.08	A3V	13 Com	
6729	270.37458	21.59528	5.18	+0.95	G8III	95 Her	
7358	290.71208	26.26250	5.18	-0.12	B6III	3 Vul	
7731	303.56042	28.69472	5.18	+0.18	A7IVn	21 Vul	
8076	316.60292	-32.34167	5.18	+1.10	K2III		
8171	319.84250	64.87194	5.18	-0.04	B3IVe	6 Cep	
8283	325.38708	-14.04750	5.18	+0.65	G1V+G0V	42 Cap	
9006	356.81667	-50.22667	5.18	-0.19	B3V	Sig Phe	
9031	357.83875	-18.90889	5.18	-0.14	B9pSiSrCr	108 Aqr	
118	7.59458	-23.78778	5.19	+0.12	A5Vn		
235	12.53167	-10.64444	5.19	+0.50	F7IV-V	19Phi2Cet	
694	36.10375	50.00667	5.19	+0.98	G8III	64 And	
1314	64.17958	53.61194	5.19	+0.05	A2Vn		
1569	73.69542	11.42611	5.19	+0.12	A3V	6 Ori	
1953	82.97042	-76.34111	5.19	+1.13	K2III	Gam Men	
2469	100.48500	-9.16722	5.19	+1.53	M0III		
2805	111.03542	40.67222	5.19	+1.23	K1+IIIaCN1	66 Aur	
3442	129.99000	-53.05500	5.19	-0.14	B4IV		
4955	196.97417	-10.74028	5.19	+1.14	K2III	49 Vir	
5886	236.66667	62.59944	5.19	+0.04	A2IV		
7647	299.98000	37.04278	5.19	-0.17	B3IVe	25 Cyg	
8627	339.66250	63.58444	5.19	+0.06	A3IV	30 Cep	
142	8.81208	-3.59278	5.20	+0.56	F8V	13 Cet	
695	35.63583	-23.81639	5.20	+0.60	G0Va	Kap For	
1268	61.65167	27.60000	5.20	-0.13	B9pSi	41 Tau	
1695	76.89167	-63.39972	5.20	+1.65	M3III		
2027	88.74083	59.88833	5.20	+0.02	A2V	31 Cam	
2220	93.71208	19.15639	5.20	+0.44	F6V	71 Ori	
2334	96.80750	0.29917	5.20	+1.18	K1II		
2420	99.70500	39.90250	5.20	-0.07	B8III	52Psi3Aur	
2492	101.11833	-31.07056	5.20	-0.12	B2IIIe	10 CMa	
2639	105.48500	-5.72222	5.20	+1.68	M2III		
2666	106.01167	-42.33722	5.20	+0.20	Am		
2715	108.97875	59.63750	5.20	+1.07	K2III	18 Lyn	
3283	125.33750	-36.48444	5.20	-0.19	B2IV-V		
3439	130.08042	-40.26417	5.20	-0.01	B9V		
3460	129.77167	-70.38694	5.20	+0.01	A0V	The Vol	
3561	134.31208	15.32278	5.20	+0.15	A5III	62Omi1Cnc	
3575	134.88583	32.41861	5.20	+0.93	G8III	64Sig3Cnc	
3870	146.63208	57.12806	5.20	+1.62	M3IIIab		
4461	174.01167	69.32278	5.20	+1.01	K0III	2 Dra	
5546	223.89417	-60.11417	5.20	+1.16	K2III		
5622	226.65667	-16.25694	5.20	+1.58	K5-III	21Nu Lib	
5894	237.67375	15.13361	5.20		M7IIIe		
6107	245.58917	33.79917	5.20	+1.60	M2IIIab	20Nu 1CrB	
6125	247.70583	-61.63361	5.20	+1.23	K0II-IIICNIb-II		
6424	259.50292	-24.28694	5.20	+1.10	K0II-III	39Omi Oph	
7066	281.87083	-5.70500	5.20	+1.47	K0Ibp		
7879	307.87667	74.95472	5.20	+0.07	A0pSrCrEu	73 Dra	
8592	338.67333	-20.70833	5.20	+0.44	F4IV	59Ups Aqr	
8890	350.66333	-15.03917	5.20	+0.20	A3Vp	97 Aqr	
331	16.94958	-41.48694	5.21	+0.16	A3IV	Ups Phe	
802	40.16500	-54.55000	5.21	+0.40	F4IV	Zet Hor	
2142	91.05625	-6.70917	5.21	-0.06	B2Ven		
2293	96.70375	58.41722	5.21	+1.53	K4III	5 Lyn	
2466	100.60125	17.64528	5.21	+0.06	A2V	26 Gem	
3204	122.39958	-44.12278	5.21	-0.19	B2IV-V		
3512	132.46458	-32.78056	5.21	+0.87	G5III		
4116	157.36958	-2.73917	5.21	-0.06	B9.5V	29Del Sex	
4594	180.52833	43.04556	5.21	+0.26	F0Vam	67 UMa	
4696	185.14042	-22.21583	5.21	-0.10	B8Vne	5Zet Crv	
5100	203.24208	-10.16500	5.21	+0.96	K0III	76 Vir	
5495	221.75542	-52.38361	5.21	+0.98	G8III		
6918	276.80208	0.19611	5.21	+0.50	G0III+A6V	59 Ser	
8085	316.72750	38.74583	5.21	+1.18	K5V	61 Cyg	
8621	339.65792	56.79583	5.21	+1.58	M4+III		
242	12.67167	-50.98694	5.22	+0.36	F2III	Rho Phe	
592	31.38000	76.11500	5.22	+0.95	G8III	49 Cas	
836	42.32292	17.46417	5.22	-0.06	B6V	42Pi Ari	
1315	63.65125	10.01111	5.22	-0.10	B9Vn		
2103	89.70667	0.55306	5.22	+0.01	A1V s	60 Ori	
2305	96.04292	-11.53028	5.22	+1.24	K3III		
2389	97.36875	-56.85278	5.22	+1.09	K0III		
2487	101.91500	48.78944	5.22	+1.12	K0III	57Psi6Aur	
2846	111.93500	21.44500	5.22	+0.39	F5V+F5V	63 Gem	
3540	133.91542	27.92750	5.22	+1.00	G8II-III	58Rho2Cnc	
4409	171.37250	-36.06306	5.22	+0.99	K0III		
4503	175.43333	-32.49972	5.22	+1.48	K5III+F7V		
4847	191.40458	7.67333	5.22	+0.33	F0IIIm	32 Vir	
4968	197.49708	17.52944	5.22	+0.45	F5V	42Alp Com	Diadem
4969	197.49708	17.52944	5.22		F5V	42Alp Com	
5001	198.99500	-19.94306	5.22	+1.03	K1III-IV	57 Vir	
5011	199.19375	9.42417	5.22	+0.59	G0V s	59 Vir	
6048	243.46208	-11.83750	5.22	+1.42	K3III	17Chi Sco	
6245	252.89042	-41.23056	5.22	+0.07	O8Iaf		
7162	284.25667	32.90139	5.22	+0.59	F9V		
7266	287.24958	6.07333	5.22	+0.35	F0III-IV	19 Aql	
7657	300.50583	24.93806	5.22	+0.36	F2III	16 Vul	
7889	309.81833	-14.95472	5.22	-0.12	B6III	14Tau Cap	
8930	352.82250	39.23639	5.22	+1.02	K0III	14 And	
114	7.53042	29.75167	5.23	+0.24	A7III	28 And	
389	20.28083	28.73806	5.23	+1.39	gK5	91 Psc	
595	30.51167	2.76361	5.23		A3m	113Alp Psc	
892	44.67500	-2.78250	5.23	0.00	A2IV		
1009	51.16875	64.58611	5.23	+2.08	M0II		
1100	54.07250	-17.46694	5.23	-0.13	B9.5p	20 Eri	
1269	61.75208	29.00139	5.23	+0.34	F1V	42Psi Tau	
1474	69.40042	-2.47333	5.23	+0.28	F0V	51 Eri	
1749	80.45167	41.80444	5.23	-0.15	B3V	20Rho Aur	
2375	97.95125	11.54444	5.23	+0.15	A3V		
3037	116.88125	-46.60861	5.23	-0.14	B1.5IV		
3213	122.43000	-47.93750	5.23	-0.21	B1IVe		
3456	130.48708	-45.41083	5.23	+0.21	B6Iae		
3605	135.43583	-52.18833	5.23	-0.12	B9Si		
3947	149.71792	-35.89111	5.23	+0.31	F1III-IV	Eta Ant	
4220	161.62375	-64.26333	5.23	-0.07	B7IV		
4221	161.73958	-56.75722	5.23	-0.08	B8-9IIIe		
4355	168.18833	-64.16972	5.23	-0.06	B8V		
5349	214.96458	-61.27306	5.23	+0.29	Am		
5888	237.57292	2.19639	5.23	+1.02	G8III	34Ome Ser	
6128	246.93125	-7.59806	5.23	+1.72	M3-III		
6468	261.50000	-50.63361	5.23	+1.06	G8III	Kap Ara	
6573	263.74792	61.87500	5.23	+0.61	G0Va	26 Dra	
7172	284.77375	13.62250	5.23	+0.53	F8V	11 Aql	
7261	286.85667	32.50167	5.23	+0.34	F0V	17 Lyr	
8034	314.76833	4.29361	5.23	+0.46	F6IV	1Eps Equ	
197	11.18500	-22.00611	5.24	+0.33	F1III-IV		
361	18.43292	7.57528	5.24	+0.32	A7IV	86Zet Psc	
493	25.62417	20.26861	5.24	+0.84	K1V	107 Psc	
1010	49.55375	-62.50639	5.24	+0.60	G1V	Zet2Ret	
1181	56.91500	-23.87472	5.24	+0.07	A2	28Tau7Eri	
1395	65.47208	-63.38639	5.24	+0.96	G8III	Eta Ret	
2399	98.08875	-37.69667	5.24	+1.00	G8III		
3140	119.86833	-39.29722	5.24	+0.39	F5III		
3623	136.93667	10.66806	5.24	-0.11	B8IIIpMn	76Kap Cnc	
3681	139.17375	-6.35306	5.24	+1.17	K2III	23 Hya	
4042	154.40750	-8.06889	5.24	+0.31	F2III	22Eps Sex	
4203	161.46625	30.68222	5.24	-0.06	A1Vn	42 LMi	
4251	163.37292	-20.13889	5.24	+0.47	F6V		
4916	193.86875	65.43861	5.24	+0.28	F0V	8 Dra	
5334	213.01667	69.43250	5.24	+1.58	M2IIIab		
5516	221.93667	-26.08750	5.24	+0.94	G5III	56 Hya	
5742	232.35125	-46.73278	5.24	+1.74	K4III		
5823	234.45667	40.35333	5.24	+0.88	G7III-IVFe-2	54Phi Boo	
5837	235.65958	-37.42500	5.24	+0.98	G8-K0III		
6234	251.94333	5.24667	5.24	-0.02	B9pCr:	45 Her	
6734	270.77042	-8.18056	5.24	+0.38	F2V	69Tau Oph	
7050	281.93583	-40.40611	5.24	+0.78	G5-6III	Mu CrA	
7078	282.41708	-20.32472	5.24	+1.41	K4III	29 Sgr	
7759	304.23042	40.36500	5.24	+1.65	K3.5IIab-IIb		
8127	318.90792	-20.65167	5.24	+1.17	gG9	28Phi Cap	
8228	322.36250	46.54056	5.24	+0.97	K0-III	71 Cyg	
8285	325.50333	-23.26278	5.24	+0.95	G9III	41 Cap	
8472	332.95333	56.83944	5.24	+0.51	F8V		
8779	345.88708	67.20917	5.24	+1.26	K3III		
8998	356.05042	-18.27694	5.24	-0.08	B9Vn	106 Aqr	
35	2.93333	-35.13306	5.25	+0.44	F4V	The Scl	
37	3.04167	-17.93833	5.25	+1.48	K5III		
497	25.53583	-32.32694	5.25	+1.05	K0III	Pi Scl	
737	37.87542	2.26722	5.25	+1.27	K3III		
1146	56.12708	-1.16306	5.25	-0.10	B7V	24 Eri	
1783	80.87583	-13.92722	5.25	-0.21	B2IV	8 Lep	
2483	101.68458	43.57750	5.25	+0.56	G0V	56Psi5Aur	
2791	109.64000	-39.21028	5.25	+0.01	A1V		
2851	112.00875	6.94194	5.25	+0.22	F0III	5Eta CMi	
2880	113.02458	1.91444	5.25	+0.22	F0III	7Del1CMi	
2886	113.40208	15.82667	5.25	+0.05	A1Vn	68 Gem	
3674	138.60208	-43.22750	5.25	-0.14	B4V		
3829	144.59042	40.23972	5.25	+0.22	F0V	42 Lyn	
4250	163.12875	-57.24056	5.25	+0.16	B9Ia		
4466	173.98167	-47.64167	5.25	+0.25	A7m		
4943	196.43542	35.79889	5.25	-0.08	B9V	14 CVn	
4973	197.84667	-43.36889	5.25	+1.05	K1-2III		
5064	201.68000	-12.70778	5.25	+1.52	M0III	68 Vir	
5207	208.02000	-52.81167	5.25	-0.09	B9V		
5300	212.07208	49.45806	5.25	+1.65	M1.5III	13 Boo	
5635	226.56958	54.55639	5.25	+0.96	G7.5IIIFe-1		
6126	245.45292	69.10944	5.25	+1.12	K2III		
6152	247.64000	20.47917	5.25	+1.29	G8IIICN-2CH-1		
6280	253.64875	-6.15389	5.25	+1.08	K2III	23 Oph	
6332	255.40167	33.56833	5.25	+0.02	A3IV	59 Her	
6451	260.81708	-47.46833	5.25	-0.11	B2IIIne	Iot Ara	
6549	264.52333	-54.50028	5.25	+0.20	A5IV-V	Pi Ara	
6875	276.07583	-44.11028	5.25	-0.19	B2.5Vn		
6885	275.70417	17.82667	5.25	+1.27	K3III		
7102	282.47042	32.55083	5.25	+0.08	A3V	9Nu 2Lyr	
7814	306.83000	-18.21167	5.25	-0.07	B8II-III	10Pi Cap	
8640	340.36917	40.22556	5.25	-0.14	B2III	12 Lac	
567	29.90833	64.62139	5.26	+0.01	A0Vn		
852	42.25625	-62.80667	5.26	+0.10	A2V	Nu Hor	
925	46.06833	-7.60083	5.26	+0.20	A8V	10Rho3Eri	
1188	57.57875	25.57944	5.26	+0.21	A2V+A5V		
1356	65.15125	15.09528	5.26	+0.22	F0V	58 Tau	
1452	68.54875	-8.97028	5.26	+1.47	K4III		
1901	83.91458	-4.85583	5.26	+0.24	F0III	45 Ori	
2518	101.83917	-37.92972	5.26	-0.08	B9IV		
3415	128.81417	-58.22500	5.26	-0.14	B3V+B3Vn		
3703	139.52417	-51.05111	5.26	-0.07	B7-8III		
3937	149.55583	12.44472	5.26	-0.04	B9IV	27Nu Leo	
4084	157.76917	82.55861	5.26	+0.37	F2V		
4495	175.19625	21.35278	5.26	+0.98	K1III	92 Leo	
4590	180.21333	-19.65889	5.26	-0.20	B1.5V		
5676	228.62167	29.16417	5.26	+0.03	A2V	48Chi Boo	
5802	234.12333	10.01000	5.26	+0.95	K0III:CN1Ba0.7Sr2	16 Ser	
7587	299.27583	-58.90139	5.26	-0.01	B9.5IV		
8104	318.26292	-39.42528	5.26	+0.44	F5IV+F6V		
8670	341.88792	-19.61333	5.26	+0.94	G7III	68 Aqr	
430	22.52583	47.00722	5.27	+1.00	K0III	49 And	
646	33.20042	21.21083	5.27	+0.43	F5V	17Eta Ari	
935	46.63958	-6.08861	5.27	+1.60	M3III		
1327	65.16792	65.14056	5.27	+0.81	G5IIb		
1530	71.08792	-59.73278	5.27	+0.20	A8-9III-IV	Kap Dor	
1999	87.00083	6.45417	5.27	+0.23	A5V	52 Ori	
2273	94.92833	-7.82306	5.27	-0.19	B2.5V	7 Mon	
2384	97.45458	-50.23917	5.27	+0.41	F2V		
2398	98.80042	28.02222	5.27	-0.03	A0Vnn	49 Aur	
2447	99.44833	-32.33972	5.27	+1.18	K2III		
2529	102.88750	21.76111	5.27	-0.02	A2V	36 Gem	
2969	116.01750	50.43389	5.27	0.00	A0IIIn		
3420	129.46750	-26.25500	5.27	-0.04	A0V	Eta Pyx	
3660	138.95792	56.74139	5.27	+1.56	K5III	17 UMa	
3679	138.57500	-55.56972	5.27	+0.99	G8II-III		
3917	148.92917	49.82000	5.27	+0.07	A3III	31 UMa	
4521	176.73167	55.62833	5.27	+1.27	K2.5IIIbCN1Ca1		
5299	211.98250	43.85444	5.27	+1.59	M4.5:III		
6021	245.11167	-78.66722	5.27	+1.41	K3III	Del2Aps	
6109	246.98875	-64.05806	5.27	+0.36	F4IV	Iot TrA	
6860	274.79458	24.44611	5.27	+1.53	K3III:Ba0.4	105 Her	
7117	281.44458	74.08556	5.27	+0.92	K0II-III		
7181	284.93958	26.23056	5.27	+1.24	K2III		
7497	295.64167	11.82667	5.27	+0.57	G0:III+A3V	47Chi Aql	
7676	300.36875	64.82111	5.27	+1.56	M1III-IIIb	64 Dra	
8426	331.25208	62.78556	5.27	+1.41	K4III	20 Cep	
8546	333.29417	86.10806	5.27	-0.03	B9.5Vn		
30	2.50875	-82.22389	5.28	+1.05	G8III	Gam3Oct	
456	24.62875	73.04000	5.28	+0.96	G8III	40 Cas	
652	33.22708	-30.72389	5.28	-0.02	B9V	Mu For	
655	33.98417	33.35889	5.28	-0.01	A0V	7 Tri	
689	35.48583	0.39583	5.28	+1.65	M2III	69 Cet	
776	37.91875	-79.10944	5.28	+0.98	G8III	Mu Hyi	
890	45.21750	52.35167	5.28	-0.05	B7V		
1005	50.30667	21.14694	5.28	-0.07	B5IV	61Tau1Ari	
1210	59.15208	50.69528	5.28	+0.41	F5IV	43 Per	
1244	60.38333	-1.54972	5.28	-0.15	B5V	35 Eri	
1388	66.35417	22.19972	5.28	+0.25	A7V	67Kap2Tau	
1390	66.52625	31.43889	5.28	+0.97	K1III		
1751	80.86583	57.54444	5.28	-0.03	A0Vn	16 Cam	
2786	109.71333	-26.58583	5.28	+0.96	G2Ib		
3315	126.26542	-24.04611	5.28	+1.48	K5III+K1III		
3995	152.17750	-65.81528	5.28	+0.98	K0III		
4017	153.34500	-51.23333	5.28	+0.25	A7V		
4893	192.30667	83.41278	5.28	-0.03	A1IIIShell		
6721	283.69542	-87.60583	5.28	+1.28	K3III	Chi Oct	
6738	270.59625	20.83361	5.28	-0.09	B3IV	96 Her	
6960	278.49083	-33.01667	5.28	-0.11	B2IV-V		
7262	286.82542	36.10028	5.28	-0.11	B6IV	18Iot Lyr	
7315	289.45417	11.59528	5.28	+0.20	F0IV	25Ome1Aql	
7610	299.05958	11.42389	5.28	-0.01	A1IV	61Phi Aql	
7761	304.84833	-19.11861	5.28	+1.40	K3II	7Sig Cap	
8128	318.93708	-15.17139	5.28	+1.64	M3III	29 Cap	
8987	355.61625	-15.44778	5.28	+1.37	K4III		
336	17.66375	68.77861	5.29	-0.02	A0Vnn	31 Cas	
717	37.04167	29.66944	5.29		F0III	12 Tri	
1011	50.80500	49.21333	5.29	-0.07	B5V		
1309	63.38792	7.71611	5.29	+0.36	F2V+F5V	46 Tau	
1494	70.72625	43.36500	5.29	0.00	A1Vn	59 Per	
1973	85.56292	-34.66778	5.29	-0.05	B9.5V		
1993	86.92875	13.89972	5.29	-0.17	B2IV-V	133 Tau	
2094	88.70917	-52.63528	5.29	+0.31	F0VDel Del		
2405	99.13708	38.44528	5.29	+2.61	C5II		
2504	101.71292	-14.42583	5.29	-0.04	B9III	11 CMa	
3110	119.58583	2.22472	5.29	+0.92	K0III	14 CMi	
3334	125.51833	-73.40000	5.29	+0.01	A0-1IV-V	Eta Vol	
3486	131.81250	-1.89722	5.29	+0.04	A3V		
3720	139.35583	-74.89444	5.29	+0.02	A1V		
4120	157.21917	-64.17222	5.29	+1.86	M0III		
4519	176.43292	-45.69000	5.29	-0.12	B6III		
4690	184.95292	48.98417	5.29	+1.66	M0III	3 CVn	
4752	187.22792	25.91278	5.29	-0.05	A1IVp	17 Com	
5330	213.71167	10.10056	5.29	+1.00	K1III	15 Boo	
6199	249.50167	56.01556	5.29	+1.08	K1III		
6314	255.78667	-53.23694	5.29	+0.48	F6V	Eps2Ara	
6477	261.71458	-45.84361	5.29	-0.07	B7V+B9.5V		
8229	323.02458	-41.17917	5.29	+1.10	K0III	Xi Gru	
8280	327.72625	-82.71917	5.29	+0.75	G8-K0III	Lam Oct	
8321	326.51833	22.94889	5.29	+1.41	K0IbHdel 0.5	12 Peg	
8344	327.53625	17.28556	5.29	+0.37	F2III-IV	13 Peg	
8416	330.97042	63.11972	5.29	+1.58	M5IIIab	18 Cep	
8515	336.15333	-72.25556	5.29	+0.65	A3V:+F9V	Nu Ind	
9002	356.50375	-18.67806	5.29	+0.28	F2III+F2V	107 Aqr	
670	34.82000	47.38000	5.30	-0.01	A1V	62 And	
758	39.26042	34.26389	5.30	+1.55	M4IIIe		
782	40.17125	27.06083	5.30	+0.09	A3V	33 Ari	
1511	72.00125	56.75722	5.30	+0.25	A3m	4 Cam	
1658	76.95167	20.41833	5.30	+0.09	A5V	106 Tau	
1757	79.99625	-12.31556	5.30	-0.12	B7IVnn	7Nu Lep	
2223	93.85458	16.14306	5.30	-0.14	B7V	72 Ori	
2595	103.94500	-22.94139	5.30	-0.18	B3II-III		
2820	111.24250	11.66972	5.30	+0.10	A5IV	1 CMi	
3008	116.56750	10.76833	5.30	+0.01	A1Vnn	11 CMi	
3176	121.94083	21.58167	5.30	+0.63	G1IVb	10Mu 2Cnc	
4415	171.64708	-61.11528	5.30	-0.08	B3IV		
4504	175.61833	66.74500	5.30	+1.28	K3III	3 Dra	
4558	178.67708	-25.71389	5.30	+0.88	G4III		
5548	223.58375	-24.64222	5.30	+1.32	K2III	12 Lib	
7624	299.96375	-34.69778	5.30	+0.17	A4/5IV	The2Sgr	
8048	315.74167	-38.63167	5.30	+0.41	F3V	Zet Mic	
8087	317.14000	-21.19361	5.30	+0.01	A0V	25Chi Cap	
8289	325.56458	5.68000	5.30	+1.64	M2IIIab	7 Peg	
8410	331.19750	-0.90667	5.30	+0.23	A5m	32 Aqr	
8967	354.78458	50.47167	5.30	-0.06	B9V	18 And	
9039	358.15458	10.94750	5.30	+0.18	A4Vn	82 Peg	
267	14.00625	-11.26667	5.31	+1.52	K4III	22Phi3Cet	
514	26.41167	-25.05250	5.31	+0.39	F1V	Eps Scl	
645	33.40125	51.06583	5.31	+0.93	G8III:		
778	39.35167	-52.54306	5.31	+0.27	A6V	Eta Hor	
1069	53.10958	46.05694	5.31	+0.40	F4III	36 Per	
1469	69.30708	0.99833	5.31	-0.12	B7V		
1516	70.69333	-50.48139	5.31	+0.98	K0-1III	Lam Pic	
1677	75.67917	-71.31444	5.31	+1.00	G8III	Bet Men	
1935	84.43583	-28.68944	5.31	+0.46	F4V	Nu 2Col	
2008	86.61417	-46.59722	5.31	+1.04	K0-1II		
2168	91.92333	-19.16583	5.31	+1.68	M2III	19 Lep	
2727	108.06583	-40.49889	5.31	+0.06	A3pSrEuCr		
2983	116.02875	25.78417	5.31	+1.54	K4-5III	76 Gem	
3170	121.06750	-32.67500	5.31	+1.91	M1Ib		
3500	132.34042	-3.44306	5.31	-0.09	B9pHgMn	14 Hya	
3991	152.52458	-12.81611	5.31	+0.36	F5V		
4422	172.26750	39.33694	5.31	+0.01	A2V	57 UMa	
4652	183.51083	-45.72389	5.31	+1.43	K3III		
4830	190.70958	-63.05861	5.31	+0.27	B1IIIe		
5048	201.30792	-64.48528	5.31	+0.40	F2III		
5523	222.32958	-14.14889	5.31	+0.07	A1pSrCrEu	7Mu Lib	
6516	262.59917	-1.06250	5.31	+0.72	G9IV-VHdel 1		
7612	300.46833	-66.94417	5.31	+1.22	K2IVCNII	Mu 2Pav	
7794	305.79458	5.34306	5.31	+0.97	G8III-IV		
8032	314.56833	22.32583	5.31	+1.40	K3.5III	33 Vul	
8215	321.83917	37.11667	5.31	-0.14	B3V	70 Cyg	
8216	321.71500	48.83500	5.31	+0.07	A6pCrEu:		
8975	355.15917	-32.07306	5.31	+0.97	K1III	Mu Scl	
917	45.67625	-7.68528	5.32	+0.94	K0II-III	9Rho2Eri	
2165	93.21292	65.71833	5.32	+1.34	K1.5IIIbCN-0.5	36 Cam	
2498	101.49708	-14.79611	5.32	+0.07	A2V		
3182	123.20333	68.47417	5.32	+1.04	G7+II		
3652	138.45083	43.21778	5.32	-0.14	B8IIIpMn	36 Lyn	
3863	145.17708	-57.98361	5.32	+0.20	A3IV		
3900	147.97083	24.39528	5.32	+0.23	A5IV	22 Leo	
4365	168.96625	13.30750	5.32	+1.20	K3III	73 Leo	
4528	176.97875	8.24583	5.32	+0.02	A1	4 Vir	
4712	185.89750	-35.41278	5.32	-0.08	B9III		
4908	193.98750	-56.83611	5.32	+0.01	O9Ib		
4928	194.97958	66.59722	5.32	+1.29	K2III	9 Dra	
5390	216.20250	-24.80639	5.32	+0.96	G8III		
5558	223.93625	-33.85583	5.32	+0.04	A0V		
6279	253.24208	31.70167	5.32	+0.29	F0-2V	53 Her	
7703	302.79958	-36.10111	5.32	+0.87	K3V		
7753	304.19625	24.67111	5.32	+0.95	G8III	24 Vul	
8480	333.57500	-21.07417	5.32	+0.80	K0III+F2V	41 Aqr	
8531	336.23500	-57.79722	5.32	+0.67	G3IV		
8887	350.47875	31.81250	5.32	-0.11	B6III	64 Peg	
8940	353.36708	22.49889	5.32	+1.60	M5IIIa	71 Peg	
175	10.28000	39.45861	5.33	+0.89	G8III	32 And	
855	43.42750	38.33750	5.33	+0.41	F4IV	20 Per	
1253	60.93583	5.43556	5.33	-0.08	B3V	40 Tau	
1562	73.34500	2.50806	5.33	+1.64	M1III	5 Ori	
1571	73.69917	7.77917	5.33	+1.22	gK1		
2229	93.93750	12.55111	5.33	-0.02	B9II-III	73 Ori	
2520	103.27125	59.44861	5.33	+0.65	G4III+A2V	14 Lyn	
2825	111.16708	-16.20111	5.33	-0.05	B2.5IVe		
2896	113.78625	30.96111	5.33	+1.01	K0III		
3043	117.25708	-24.91222	5.33	+0.76	G0III		
3358	127.26958	-47.92917	5.33	-0.14	B2IV		
3366	128.17708	20.44111	5.33	+1.25	K3III	33Eta Cnc	
3551	133.46125	-47.52083	5.33	+0.26	A9IV-V		
3694	139.23833	-39.40139	5.33	+1.17	K5III-IV		
4086	155.87208	-38.01000	5.33	+0.25	A8V		
4496	175.26250	34.20167	5.33	+0.72	G8V	61 UMa	
4995	198.54542	-19.93083	5.33	+0.87	G6V	55 Vir	
5013	199.31500	13.67556	5.33	+1.31	K3III		
5675	228.79750	4.93944	5.33	+1.09	K0III	3 Ser	
5843	235.44750	12.84750	5.33	+0.04	A0pSr	20Chi Ser	
6083	245.61667	-49.57222	5.33	-0.04	B6IV		
6142	247.92375	-41.81694	5.33	+0.33	B1Iae		
6393	258.11583	10.58528	5.33	+1.59	M2IIIa	37 Oph	
6819	274.28125	-56.02333	5.33	-0.05	B3IIIep		
7221	287.46958	-68.42472	5.33	+0.91	G8-K0III-IV		
7552	297.96083	-39.87444	5.33	-0.06	A0pCrSr:		
8475	333.19917	34.60472	5.33	+1.13	K2-III-IIIb		
8804	346.91375	46.38722	5.33	+1.41	K5III	4 And	
310	16.42042	21.47333	5.34	-0.03	A1Vn	74Psi1Psc	
513	26.49708	-5.73333	5.34	+1.52	K4III		
1364	64.81917	-44.26806	5.34	+1.08	K2III		
1664	76.97042	8.49833	5.34	+0.33	Am	14 Ori	
1746	79.79667	2.59583	5.34	+0.41	F5II	21 Ori	
1868	83.38083	-1.15611	5.34	-0.18	B1V		
1917	83.24833	-64.22750	5.34	+1.04	G8-K0III		
3669	138.80750	14.94139	5.34	+1.32	K1III	82Pi 2Cnc	
4049	154.53167	-28.99194	5.34	+0.24	A0Ib-IIp		
4219	161.56875	-64.51500	5.34	-0.10	B6V		
4227	162.31417	10.54528	5.34	+0.03	A2V	53 Leo	
4620	182.06125	-48.69278	5.34	-0.01	B9V		
5540	224.47042	-76.66278	5.34	+1.45	K4III:		
6724	270.71292	-24.28222	5.34	+0.52	F3III	7 Sgr	
6870	275.72125	-36.66944	5.34	-0.14	Ap		
6936	277.77000	-32.98917	5.34	+0.16	A3m		
7279	288.16958	-7.93944	5.34	+0.13	B3V	20 Aql	
8196	322.18708	-69.50528	5.34	+1.55	M5III		
8496	334.20042	-12.83139	5.34	+1.14	gK0	42 Aqr	
8980	355.39375	-18.02722	5.34	+1.57	K5III	103 Aqr	
594	30.31125	-30.00167	5.35	+0.88	G5III	Pi For	
714	36.22458	-60.31194	5.35	+0.39	F2III	Lam Hor	
739	38.03917	-1.03500	5.35	+1.02	gG3	75 Cet	
750	38.94500	34.68750	5.35	+1.66	M3IIIa	15 Tri	
1153	56.41833	6.05000	5.35	-0.12	B3V	29 Tau	
1339	64.85875	21.14222	5.35	-0.08	B9IV	53 Tau	
1466	69.99208	53.47306	5.35	+0.32	A8V	2 Cam	
1861	83.17208	-1.59194	5.35	-0.19	B1IV		
2031	87.84167	-7.51806	5.35	-0.20	B2IV-V	55 Ori	
2201	93.91917	59.99917	5.35	+1.34	K3III	40 Cam	
2477	101.70625	57.16917	5.35	+0.96	K0III	13 Lyn	
2729	108.58333	3.11139	5.35	+1.19	K2II		
2834	111.18250	-31.80889	5.35	+1.07	G8II		
3086	118.91625	19.88389	5.35	-0.04	A0V s	85 Gem	
3114	119.24125	-43.50028	5.35	-0.18	B2.5V		
3357	127.89875	18.09444	5.35	+1.56	K5III	31The Cnc	
3537	132.64500	-66.79306	5.35	+0.42	F5IV		
3807	143.08042	-40.64944	5.35	+0.90	G8III		
3866	145.93292	14.02167	5.35	+1.63	M2IIIab	16Psi Leo	
4024	154.06000	29.31056	5.35	+0.01	A0Vn	23 LMi	
4604	181.16125	-68.32917	5.35	-0.01	A0IV		
4760	187.48875	58.40583	5.35	+0.20	A5Del Del	74 UMa	
5710	230.25833	0.71528	5.35	+1.19	K3III	6 Ser	
6131	247.42625	-46.24333	5.35	+0.56	B1.5Iape		
6293	253.84250	18.43333	5.35	+1.41	K4III	54 Her	
6459	260.84000	-28.14306	5.35	+1.55	K5III	43 Oph	
7124	281.59250	75.43389	5.35	+0.05	A1Vn	50 Dra	
7444	293.67167	42.41278	5.35	+0.05	A2V		
7510	297.00500	-56.36250	5.35	+0.20	A7III-IV	Nu Tel	
7987	313.41750	-39.81000	5.35	+1.32	K2III		
8479	333.00792	60.75944	5.35	+1.17	K1III		
8663	342.59542	-80.12417	5.35	-0.15	B6IV	Xi Oct	
167	9.98167	21.43833	5.36	+1.16	K0III+F3V	55 Psc	
299	15.70500	-46.39750	5.36	+0.90	G8III		
1257	61.04125	2.82694	5.36	+0.50	F6IV		
1872	83.56958	3.76694	5.36	+0.05	A2V	38 Ori	
2143	91.64625	38.48278	5.36	+0.25	A4m	40 Aur	
2152	92.49625	58.93583	5.36	+1.09	G8III	37 Cam	
2264	95.44208	53.45222	5.36	+0.43	F5III	45 Aur	
2267	94.71083	-9.39028	5.36	+1.24	K1.5III		
2756	108.83750	-30.68639	5.36	-0.17	B3V		
2849	112.48333	49.67250	5.36	+0.45	F6V	22 Lyn	
3212	122.88750	-7.77250	5.36	+0.89	G6III		
3795	141.03792	-80.78694	5.36	+0.45	F3-5IV	Iot Cha	
3951	150.25292	31.92361	5.36	+0.66	G3VaHdel 1	20 LMi	
4350	168.13792	-49.10111	5.36	+0.18	A3IV-V		
4483	174.61500	8.13417	5.36	+1.57	M4III	1Ome Vir	
5159	205.76542	3.53806	5.36	+1.11	K2III	84 Vir	
5482	221.32208	-62.87583	5.36	+0.29	A9V		
6983	278.48625	52.35361	5.36	+1.09	K0III		
7122	284.07042	-42.71056	5.36	+1.00	K0III		
7609	299.00542	16.63472	5.36	+0.67	G5Ib	10 Sge	
7689	301.59083	35.97250	5.36	+0.85	K0IV	27 Cyg	
80	5.14958	8.19028	5.37	+1.34	gK3	41 Psc	
332	16.82792	-61.77528	5.37	+0.88	G5III	Iot Tuc	
1207	58.99250	47.87139	5.37	-0.08	B6V		
1288	62.32417	-16.38583	5.37	-0.15	B4V		
1369	65.64542	25.62917	5.37	-0.05	B9V	59Chi Tau	
1519	71.50708	11.70556	5.37	+0.19	A2m		
3018	116.39583	-34.17306	5.37	+0.60	G0V		
3301	124.95417	-71.51500	5.37	-0.06	B9III-IV	Kap1Vol	
3422	130.25458	45.83389	5.37	+0.99	G8IV	34 Lyn	
3769	142.88500	35.10306	5.37	+1.53	M1IIIab	8 LMi	
4585	179.98708	3.65528	5.37	0.00	A1V	7 Vir	
5044	200.75458	-17.73528	5.37	+0.99	KIII	63 Vir	
5413	217.58708	-49.51917	5.37	+0.05	A1V+B		
5718	230.45250	32.93389	5.37	-0.07	B9Vn	50 Boo	
5719	231.18708	-39.71028	5.37	-0.11	A0pSi	Ups Lup	
5932	238.65792	43.13861	5.37	+1.65	M3IIIBa0.3	2 Her	
6016	242.46042	-3.46694	5.37	+1.45	K4III		
6574	264.15667	48.58556	5.37	+1.15	gK1	82 Her	
6991	279.89583	-43.18611	5.37	+1.68	M2III		
7046	281.58583	-22.39222	5.37	+1.64	K4III	28 Sgr	
7054	281.09542	39.61278	5.37		F0Vn	5Eps2Lyr	
7645	300.01375	17.51667	5.37	+1.67	M4IIIa	13 Sge	
8053	315.29542	46.15583	5.37	-0.21	B1Ve	60 Cyg	
8444	332.48208	-34.01472	5.37	+0.24	A5V		
8501	334.56500	-53.62778	5.37	+0.60	G3V		
8512	335.04958	-7.82111	5.37	-0.06	B8IIIpMn:Hg:	46Rho Aqr	
8513	335.11500	5.78944	5.37	-0.02	B5IV	30 Peg	
8774	346.16500	-53.96500	5.37	+1.45	K5III	Kap Gru	
131	8.14792	20.29444	5.38	+1.08	K0III	52 Psc	
211	11.63750	15.47556	5.38	+1.65	M4IIIa	57 Psc	
413	21.56375	19.17222	5.38	+0.39	F2V:	93Rho Psc	
581	31.28083	77.28139	5.38	+0.31	F0Vn	47 Cas	
992	49.59333	-0.93028	5.38	+1.04	G9IV	95 Cet	
1249	60.65292	-0.26889	5.38	+0.50	F5V		
1341	64.90292	21.77361	5.38	-0.14	A0pSi	56 Tau	
1367	65.16250	-20.63972	5.38	-0.02	A2V		
1608	74.96000	-10.26333	5.38	+0.80	G4V	63 Eri	
1649	75.70250	-49.15139	5.38	+0.42	F2V	Eta1Pic	
1875	83.86292	24.03944	5.38	-0.09	B2.5IV	121 Tau	
2154	91.66125	-4.19389	5.38	-0.13	B5IV		
2377	96.36917	-69.69028	5.38	+0.97	G8III	Pi 2Dor	
2822	110.87125	-27.83417	5.38	+1.53	K2III		
3183	121.82500	-20.55472	5.38	+0.10	A5II		
3750	141.94500	-6.07111	5.38	+0.64	G2V		
4153	158.80375	-39.56278	5.38	+2.88	N0:		
4198	160.66917	-59.21583	5.38	+0.26	B2.5Iae		
4687	184.70792	75.16056	5.38	-0.02	A1V		
5140	205.50458	-58.78722	5.38	-0.03	B9III		
5556	224.07208	-52.80972	5.38	+0.13	A2III		
5814	234.72708	-19.30194	5.38	+0.86	G8III	41 Lib	
6001	242.03167	-26.32667	5.38	+1.65	M2III		
6455	260.04083	25.53750	5.38	+0.03	A3III		
6822	273.80375	-20.72833	5.38	+0.07	B0Ia	15 Sgr	
7129	284.16875	-37.34333	5.38	-0.14	B8IVSi		
7165	284.56125	17.36083	5.38	+0.80	F8Ib		
7210	285.05708	50.53361	5.38	-0.18	B2.5IV		
7251	286.23000	53.39667	5.38	-0.01	A0Vn	51 Dra	
7441	293.71208	29.46306	5.38	+0.55	F8III+A0V	9 Cyg	
7858	308.48750	13.02722	5.38	+0.07	A3IV s	3Eta Del	
187	10.61833	-65.46806	5.39	+0.50	F6V	Rho Tuc	
233	12.68167	64.24750	5.39	+0.49	G0III-IV+B9.5V		
845	42.47583	-27.94167	5.39	+0.02	A0V	Gam2For	
1335	65.44833	60.73556	5.39	+1.49	M0III		
1480	69.77583	7.87083	5.39	+0.26	A5m		
2247	94.27750	9.94250	5.39	+0.10	A2V	75 Ori	
2522	102.24083	-15.14472	5.39	-0.10	B6V		
2678	106.66958	-11.29417	5.39	+0.05	B0.5IV		
2815	110.16125	-52.08611	5.39	-0.07	B9II-III		
2823	110.88292	-32.20222	5.39	-0.18	B3III-IV		
3532	133.56125	30.57944	5.39	+1.05	G7III	57 Cnc	
3712	139.32167	-68.68944	5.39	+0.42	F4V		
4400	171.00958	1.40778	5.39	+0.94	G8IIICN-0.5	79 Leo	
4453	173.40542	-40.58694	5.39	+0.12	A2IV-V		
4706	185.70542	-57.67611	5.39	-0.10	B9V		
5405	216.61417	19.22694	5.39	+0.23	F0m	22 Boo	
5468	219.70917	44.40444	5.39	0.00	A1V	33 Boo	
5906	238.47417	-24.53306	5.39	-0.02	B6IVn		
6108	245.62167	33.70361	5.39	+1.53	K5III	21Nu 2CrB	
6136	247.14167	0.66500	5.39	+1.46	K4IIIp		
6377	257.00833	35.93528	5.39	+0.31	A5-F1III/IVm s		
6407	258.66333	14.39000	5.39		G5III+F2V	64Alp2Her	
6458	260.16500	32.46778	5.39	+0.62	G0V	72 Her	
6857	274.78958	7.25972	5.39	+1.07	K2III-IV		
6858	275.03667	-15.83167	5.39	+1.47	K4III		
6935	277.42083	-1.98528	5.39	+0.96	K0III	60 Ser	
6985	279.11583	9.12250	5.39	+0.37	F5III		
7553	297.69500	-10.76361	5.39	+0.38	F0V	51 Aql	
7701	301.38667	61.99556	5.39	+1.18	K3III	66 Dra	
7929	310.55250	50.34000	5.39	-0.10	B2V	51 Cyg	
8016	311.88917	80.55222	5.39	+1.12	K1III		
8821	347.50625	9.82194	5.39	-0.08	B9III	58 Peg	
93	6.19792	61.83111	5.40	0.00	B9III	12 Cas	
543	28.32208	40.72972	5.40	+1.32	gK1	55 And	
1189	57.14750	-37.62222	5.40	+0.01	A1V		
1430	67.65542	13.72444	5.40	+0.26	F0V	83 Tau	
1492	69.19000	-62.07750	5.40	+1.58	M8eIII:		
1507	71.10750	11.14611	5.40	+0.25	F0V		
1914	84.65875	30.49250	5.40	+0.45	F9III+B9.5V	26 Aur	
2063	88.95542	20.17500	5.40	+0.99	M6.5IIIe		
2357	97.20625	-7.03444	5.40	-0.07	B3ne	11Bet Mon	
2523	101.72000	-51.26583	5.40	+1.34	K1II-III+G:p		
2602	102.86250	-70.96333	5.40	-0.11	B7IV	Iot Vol	
5085	202.11292	59.94583	5.40	-0.01	A1Vn		
5863	236.52333	-1.80444	5.40	-0.03	B8III	25 Ser	
6086	244.31375	59.75500	5.40	+1.63	M4IIIa		
6094	246.00542	-39.19306	5.40	+0.62	G5V		
7289	289.09042	-45.46639	5.40	+1.35	K3III		
7483	294.86042	42.81833	5.40	-0.08	B9III	14 Cyg	
8463	332.79125	50.82333	5.40	+0.15	A5V		
8807	347.17042	2.12778	5.40	+0.91	G8III-IV	5 Psc	
34	2.89333	-27.79972	5.41	+1.34	K5III	Kap2Scl	
208	11.94208	74.84750	5.41	-0.08	B8III	23 Cas	
373	19.15125	-2.50028	5.41	+0.90	G5IIIe+dA	39 Cet	
583	29.94208	-20.82444	5.41	+1.65	M1III	57 Cet	
810	40.63958	-50.80028	5.41	+0.56	G0V	Iot Hor	
1287	62.70792	26.48083	5.41	+0.34	F2IV-V	44 Tau	
1732	79.75000	33.74833	5.41	-0.19	A0pSi		
3075	120.04875	73.91806	5.41	+1.42	K3III		
3550	133.98167	11.62611	5.41	+1.46	gK5	60 Cnc	
3743	142.16667	45.60139	5.41	+0.98	K0III-IV		
3754	142.11458	9.05667	5.41	+0.60	F9V	2Ome Leo	
3815	143.91500	35.81028	5.41	+0.77	G8V	11 LMi	
4035	154.16958	13.72833	5.41	+1.61	M1.5IIIab	37 Leo	
4526	176.82958	-57.69639	5.41	+1.67	K5III		
5365	214.81792	13.00417	5.41	+0.38	F5IV	18 Boo	
5450	219.33375	-46.13389	5.41	+1.01	G8III		
5848	236.01833	-15.67278	5.41	+0.23	F0IV	44Eta Lib	
5968	240.26125	33.30361	5.41	+0.60	G0+VaFe-1	15Rho CrB	
6287	253.73000	20.95861	5.41	+0.97	G8III		
6411	260.52458	-70.12333	5.41	-0.04	B9V+B9.5V	Iot Aps	
6882	275.53625	23.28528	5.41	+1.60	M0IIIab		
7498	297.35542	-72.50333	5.41	+0.22	A4III		
7934	312.32542	-68.77639	5.41	+1.12	K0III	Sig Pav	
8183	321.04000	-20.85194	5.41	+1.16	K0III	33 Cap	
8217	321.91708	27.60861	5.41	+0.04	A1V	35 Vul	
24	2.33750	-27.98778	5.42	+0.42	F2V	Kap1Scl	
196	11.32167	55.22167	5.42	+0.04	A2V s		
274	14.45917	28.99222	5.42	+1.08	gG6	68 Psc	
408	21.17000	-41.49250	5.42	+1.04	K0III		
459	23.99583	-15.40028	5.42	+1.21	K2IIIaBa0.2CN1	50 Cet	
691	35.55167	-0.88500	5.42	+0.31	F0Vn	70 Cet	
1802	82.54250	63.06722	5.42	+1.71	M1IIIa	17 Cam	
1808	81.79208	17.96222	5.42	-0.10	B5V	115 Tau	
2411	98.45625	-36.23222	5.42	+1.44	K3III		
2877	112.95167	17.08611	5.42	+1.13	gK2		
2981	115.31583	-38.53361	5.42	-0.15	B5V		
3082	121.19625	79.47972	5.42	-0.06	A0pSi		
3367	127.87875	-19.57750	5.42	-0.06	A0V		
3678	134.17125	-85.66306	5.42	+0.31	A8-9IV	Zet Oct	
4214	161.71667	-17.29667	5.42	+0.11	A3V		
4356	168.44000	-0.06972	5.42	-0.03	A0V	69 Leo	
4783	188.41208	33.24750	5.42	+1.00	K0IIICN-1		
5410	217.17375	-6.90056	5.42	+1.49	K5III	106 Vir	
5907	238.48250	-23.97806	5.42	-0.04	B2.5Vne		
6100	246.13208	-37.56583	5.42	-0.11	B8IV		
6997	279.15500	33.46889	5.42	-0.10	B8II-IIIpHg		
7209	285.72708	-3.69889	5.42	0.00	A1V	14 Aql	
7225	286.24000	-4.03139	5.42	+1.12	K1III	15 Aql	
7531	297.68667	-59.19306	5.42	+0.08	A0IV		
8110	318.32208	-27.61944	5.42	+1.42	K5III		
8386	330.20917	-28.45361	5.42	-0.09	B8V	12Eta PsA	
8685	342.75917	-39.15694	5.42	+1.43	M0III		
109	7.11000	-39.91500	5.43	+1.56	M0III		
164	9.79125	49.35444	5.43	+1.64	K7III		
296	15.76083	-4.83667	5.43	+1.11	K0III-IV	25 Cet	
607	30.79875	0.12833	5.43	+0.15	A5III	60 Cet	
773	39.70417	21.96139	5.43	+0.16	A7V	32Nu Ari	
800	41.02167	44.29694	5.43	+0.90	G0Ib-IICa1CH-1	14 Per	
1317	66.76167	80.82417	5.43	+1.17	gG6		
1643	78.09333	73.94667	5.43	-0.12	B9pSi		
1672	77.33167	9.82944	5.43	+0.24	A2m	16 Ori	
2381	97.95875	-8.15806	5.43	+1.38	gK2		
2819	110.75250	-31.92389	5.43	-0.15	B5IIIn		
2875	112.27375	-38.81222	5.43	-0.16	B5Vp		
3085	118.26458	-36.36389	5.43	+1.16	K0III		
3621	137.00042	29.65417	5.43	+0.89	G8III	72Tau Cnc	
4313	166.22583	-35.80472	5.43	+0.03	A2V		
4863	191.89333	66.79028	5.43	+1.56	gK5	7 Dra	
5181	206.85583	-17.86000	5.43	+1.62	M2IIIab	87 Vir	
5332	213.85042	-18.20083	5.43	-0.03	A1V		
5784	234.05042	-44.39694	5.43	+1.50	K4-5III		
5942	239.64500	-24.83139	5.43	-0.09	B5IV		
6033	243.03042	-8.54750	5.43	+0.12	A4V	16 Sco	
7031	281.23833	-39.68639	5.43	+0.87	K3II+B7		
7318	289.43167	23.02556	5.43	+0.02	B0.5IV	2 Vul	
7363	291.37375	-23.96222	5.43	+1.43	K4III	49Chi3Sgr	
7883	309.45458	11.37778	5.43	+0.06	A2V	5Iot Del	
8137	319.48875	-17.98528	5.43	-0.12	B8III	30 Cap	
8478	333.57833	-27.76694	5.43	-0.16	B8III	16Lam PsA	
8688	342.44250	55.90278	5.43	+1.17	K1III		
8731	344.26875	48.68417	5.43	-0.09	B4IIIep		
8742	344.86417	0.96278	5.43	+0.98	gK1	2 Psc	
8782	346.29083	-7.69361	5.43	+0.30	F2IV+F0V	83 Aqr	
9018	357.20917	62.21444	5.43	+0.67	A3Ia	6 Cas	
1138	57.30750	70.87111	5.44	+0.09	A2m		
1290	62.59375	-6.92389	5.44	+0.94	G8III	37 Eri	
1527	73.02167	63.50528	5.44	+1.57	M3IIIab		
2480	101.18958	28.97083	5.44	+1.45	K4III	28 Gem	
2684	107.09167	15.93083	5.44	+1.03	G8III	45 Gem	
4334	167.18292	-28.08056	5.44	+0.07	A1V		
4476	174.39125	-47.74722	5.44	+1.24	K2III		
4576	179.56333	-56.31722	5.44	-0.08	B8III		
4748	187.09375	-39.04139	5.44	-0.08	B8V		
5595	225.74708	-32.64333	5.44	-0.12	B3V		
5798	234.70625	-52.37278	5.44	0.00	A0V		
5924	238.64417	20.31083	5.44	+1.59	M0III		
6025	241.58208	67.81028	5.44	-0.02	A0Vn		
6055	244.17958	-53.81111	5.44	+1.73	M2III		
6507	262.20708	0.33056	5.44	+0.22	A8V		
6816	273.56625	-21.71306	5.44	+1.52	K3III	14 Sgr	
7146	283.71750	41.60278	5.44	+1.03	K0III		
7851	307.82833	49.22028	5.44	+1.55	M2IIIab	46Ome2Cyg	
8227	321.94208	66.80917	5.44	-0.11	B7V	7 Cep	
8874	349.87417	48.62528	5.44	+1.03	K0III	11 And	
270	13.75125	-69.52694	5.45	+1.09	K2III	Lam2Tuc	
883	44.34875	-23.86194	5.45	+0.23	A5V	4 Eri	
961	50.08208	77.73472	5.45	+0.19	A6V		
1172	57.08708	23.42111	5.45	-0.07	B8V		
1330	64.80542	50.04889	5.45	+0.22	A7V		
1340	63.70292	-62.19194	5.45	+1.10	K0III		
1487	69.83208	-14.35917	5.45	+1.06	K1IVa		
1767	79.84208	-50.60611	5.45	+0.51	F7III-IV	Zet Pic	
1958	84.95750	-32.62917	5.45	+0.92	G6-8III		
2401	101.55875	79.56472	5.45	+0.50	F8V		
2572	103.60250	-1.12694	5.45	+0.18	A4IV		
2689	104.14333	-79.42028	5.45	+0.05	B9.5V	The Men	
2707	107.84833	-0.30194	5.45	+0.29	A8Vn-F3Vn	21 Mon	
2784	110.71708	55.28139	5.45		B8V	19 Lyn	
2796	110.24250	-14.36000	5.45	+0.98	gG5		
3066	118.67792	47.56472	5.45	+1.46	gK4	26 Lyn	
3555	134.23583	32.91028	5.45	+0.12	A7IV	59Sig2Cnc	
3595	135.68458	24.45278	5.45	-0.04	A0pSi	69Nu Cnc	
3784	142.52167	-51.51722	5.45	-0.10	B8V		
3840	144.30125	-53.66861	5.45	+0.15	A2-3V		
3902	146.58583	-76.77611	5.45	+0.89	G8III	Nu Cha	
4169	159.36167	-58.73333	5.45	+0.50	A0Iae		
4253	163.43208	-2.12917	5.45	+0.96	G8III		
4803	189.42583	-27.13889	5.45	+0.32	F1IV		
5176	206.91000	-50.32111	5.45	+1.36	K2III		
5736	231.82583	-36.76778	5.45	-0.15	B4Vp		
5936	238.94833	37.94694	5.45	+0.33	F0IV	12Lam CrB	
6071	244.82375	-42.67389	5.45	+0.10	A3Vn	Lam Nor	
6260	253.50750	-41.80639	5.45	+0.19	B0.5Ia		
6725	268.79667	72.00500	5.45	+0.30	F2-3II-III	34Psi2Dra	
6987	279.16292	6.67194	5.45	+0.37	F3V		
7628	299.30792	40.36806	5.45	-0.10	B5V		
8003	313.32750	45.18194	5.45	+1.10	K0II		
8267	324.43917	19.31861	5.45	+0.30	F1IV	5 Peg	
247	13.16917	-24.00583	5.46	+1.24	K2III		
692	35.50583	-10.77778	5.46	+0.35	F0V		
1140	56.20083	24.28944	5.46	-0.04	B7IV	16 Tau	
1254	60.98583	8.19722	5.46	+0.37	F2V		
1304	67.50042	83.34056	5.46	+0.87	G8III		
1484	70.01417	12.19778	5.46	-0.12	B8IV	93 Tau	
1842	82.81042	3.29222	5.46	-0.18	B1IV+B1.5V	33 Ori	
1847	83.05917	17.05806	5.46	-0.04	B7IIIe		
1856	82.53958	-47.07778	5.46	+0.62	G3IV		
2607	104.39125	-24.63056	5.46	+0.36	dF0		
2708	107.58083	-27.49139	5.46	+1.00	G8III		
2758	109.06042	-15.58583	5.46	+0.08	A2Vnp		
3494	131.62750	-45.91278	5.46	+0.27	B3Ia		
3641	137.39792	-8.78778	5.46	+1.01	G8II	20 Hya	
4127	158.04917	14.13722	5.46	+1.68	M1.5IIIbCa-1	46 Leo	
4635	182.76625	-23.60250	5.46	+0.06	A2V	3 Crv	
4766	187.75250	24.56722	5.46	+0.05	A2p	21 Com	
4815	189.78042	21.06250	5.46	+0.96	G9III	26 Com	
4870	193.74417	-85.12333	5.46	+1.02	K0III	Iot Oct	
5142	204.87667	52.92139	5.46	+0.10	A3Vn	82 UMa	
5290	211.67833	-9.31333	5.46	+0.34	F2IV	95 Vir	
5552	222.86000	59.29389	5.46	+1.36	K4III		
5564	224.19208	-11.40972	5.46	+1.49	K4III	15Xi 2Lib	
5680	229.70375	-60.49639	5.46	-0.10	O7.5III((f))		
5741	231.57250	34.33583	5.46	+1.40	K4III		
6091	244.97958	39.70861	5.46	+0.40	F3IV-V		
6685	268.85500	26.05000	5.46	+0.34	F2Ib	89 Her	
6818	273.96958	-44.20667	5.46	+0.96	G8-K0III		
6894	276.72458	-48.11694	5.46	+0.84	K0-1III+F-G		
7460	294.44708	-4.64750	5.46	+0.43	F3IV	42 Aql	
7901	307.06083	81.42278	5.46	+1.02	G9III	75 Dra	
8366	329.09500	-37.25361	5.46	+0.08	A2Vn		
8452	332.65625	-11.56500	5.46	-0.12	B7III	38 Aqr	
8561	336.77208	65.13222	5.46	+0.37	B0.5Ibe:	26 Cep	
258	13.74167	23.62833	5.47	+1.00	K1IV	36 And	
702	36.20417	10.61056	5.47	-0.10	B7IV	24Xi Ari	
851	42.66833	-35.67611	5.47	+1.25	K5III	Eta3For	
885	44.95792	47.22083	5.47	+0.89	G5:III*		
982	49.44750	44.02500	5.47	-0.06	B8V	30 Per	
1063	53.03583	48.02361	5.47	-0.10	B8IIIpMn		
1252	61.09042	24.10583	5.47	+0.86	G0III+A4V	36 Tau	
1629	73.79667	-74.93694	5.47	+1.52	K4III	Eta Men	
1821	82.31875	25.15056	5.47	-0.04	B8.5V	118 Tau	
1971	86.47500	49.82639	5.47	+0.03	A2VpCr	27Omi Aur	
2125	87.56958	-79.36139	5.47	-0.08	B9V	Kap Men	
2163	91.63333	-23.11056	5.47	+0.08	Am		
2703	108.34750	51.42889	5.47	+1.67	M3-III		
3326	126.46625	-42.15333	5.47	-0.15	B3V		
3354	128.65083	65.14500	5.47	+0.18	A2m	2 UMa	
3432	129.32833	-62.85361	5.47	+1.02	K0III		
3502	130.33125	-78.96333	5.47	-0.10	B8V	Eta Cha	
3683	139.17208	-8.74472	5.47	-0.09	B9III	24 Hya	
3698	140.43042	56.69917	5.47	+1.61	M4IIIa		
3777	141.77667	-71.60222	5.47	+1.08	K2III		
3821	142.90125	-73.08083	5.47	+1.56	K4III		
4231	161.31542	-80.46972	5.47	+0.95	K0III	Del1Cha	
4280	165.06125	45.52611	5.47	+1.47	K5III		
4906	193.83083	-42.91583	5.47	+1.68	M0III		
5954	240.08167	-16.53333	5.47	+0.52	F8V	49 Lib	
6164	249.09375	-42.85889	5.47	+0.40	O9Ia		
6484	260.91958	37.14667	5.47		A0Vn	75Rho Her	
6686	269.19875	-4.08194	5.47	+1.16	gG9		
6804	273.30250	-41.33611	5.47	-0.17	B2.5III		
6829	275.90042	-75.04417	5.47	+0.02	A0V	Phi Oct	
7228	317.19250	-88.95639	5.47	+0.27	F0III	Sig Oct	
7454	294.39333	-14.30167	5.47	+0.50	F5V		
7720	303.30792	-1.00944	5.47	+1.43	K5III	66 Aql	
7893	310.08250	-33.43194	5.47	+1.12	K1III		
8005	313.47458	33.43778	5.47	+1.52	gK5		
8552	337.16333	-39.13194	5.47	+0.95	G9III	Nu Gru	
8557	336.50333	70.77083	5.47	+1.20	gK2		
157	9.33792	35.39944	5.48	+0.88	G2.5IIa		
1202	58.17333	-5.36139	5.48	-0.10	B8V	30 Eri	
1428	67.66208	15.69194	5.48	+0.26	A5m	81 Tau	
1585	74.34292	17.15361	5.48	+1.31	gK1		
1722	79.56625	42.79222	5.48	+1.65	M4III		
1877	83.21375	-38.51306	5.48	+1.22	K2III		
3029	116.98625	-12.19306	5.48	+0.48	dF5	5 Pup	
3440	129.84917	-53.43972	5.48	-0.16	B5V		
3514	132.41333	-40.32056	5.48	+0.06	A2/3IV		
3770	142.47708	-26.58972	5.48	+1.36	K3III		
3939	149.96542	56.81194	5.48	+1.46	K5III		
4209	161.60542	14.19472	5.48	+0.91	gG4	52 Leo	
4439	173.08667	61.08250	5.48	+0.50	F8V		
4488	174.66708	-13.20194	5.48	+0.52	F7V	24Iot Crt	
4625	182.22708	-41.23139	5.48	-0.07	B3IV		
4753	187.36208	24.10889	5.48	+0.43	F5III	18 Com	
4768	187.91792	-59.42389	5.48	+0.63	F7Ib-II		
4781	188.44500	-9.45194	5.48	-0.03	A0V	21 Vir	
4839	191.00208	-28.32389	5.48	+1.34	K4III		
5026	200.15750	-52.74806	5.48	-0.13	B6V		
5265	210.59500	-27.43000	5.48	+1.34	K3III		
5541	222.62333	37.27194	5.48	+1.02	K0III-IV		
6047	243.31417	5.02111	5.48	+1.47	gK5	9 Her	
6079	242.70625	75.87750	5.48	-0.11	B8V	19 UMi	
6221	251.69917	-39.37722	5.48	+0.98	K0III		
6288	254.29625	-33.25944	5.48	+1.59	K5III	27 Sco	
6416	259.76333	-46.63389	5.48	+0.80	G8-K0V		
6793	272.00917	36.40139	5.48	+1.17	K2.5III		
6968	278.20792	30.55417	5.48	-0.10	B8IV		
7113	283.06833	21.42528	5.48	-0.07	B9II-IIIpHg	112 Her	
7218	285.18083	55.65833	5.48	+0.86	G5.5IIbFe-0.5	49 Dra	
8030	314.60792	10.83917	5.48	+0.93	gG6	18 Del	
8566	337.49167	4.43167	5.48	+0.38	F2V+F2V	37 Peg	
519	26.52417	-50.81639	5.49	+1.60	M3III		
847	42.87333	15.08194	5.49	-0.09	B7V	43Sig Ari	
881	46.53250	79.41861	5.49	+1.57	M1III+F7IV		
1215	59.11958	35.08111	5.49	-0.03	B1.5V		
1990	86.85917	17.72917	5.49	+0.30	F0III	130 Tau	
2021	87.40208	-14.48361	5.49	+0.88	gG6		
3014	116.50917	-6.77250	5.49	+1.38	K5III		
3091	118.54583	-35.87750	5.49	-0.19	B2V		
4208	161.60208	18.89139	5.49	+1.12	gK3	51 Leo	
5730	232.87833	-73.38944	5.49	-0.12	B3IVe	Kap1Aps	
6077	244.88625	-30.90667	5.49	+0.47	F6III		
6250	252.58083	7.24778	5.49	+0.10	A3m	47 Her	
6761	272.60875	-62.00222	5.49	+0.58	G0V	Iot Pav	
6961	278.47292	-24.03250	5.49	+1.79	K4Ib	24 Sgr	
7062	282.21042	-43.68000	5.49	+0.13	A3V	Eta1CrA	
7336	290.14875	-0.89222	5.49	-0.04	B9III	27 Aql	
7496	295.88958	-15.47000	5.49	+0.46	F5IV		
7506	295.92875	25.77194	5.49	+0.93	G8III	10 Vul	
7640	299.65833	30.98361	5.49	-0.06	B9Vn		
7718	302.95000	26.80889	5.49	+1.41	K3II-III	19 Vul	
8187	321.04792	-12.87806	5.49	+0.29	F1V	18 Aqr	
8199	321.32083	-3.55667	5.49	+1.46	K4III	21 Aqr	
8306	325.77667	41.15500	5.49	+1.59	M2IIIab		
8729	344.36625	20.76889	5.49	+0.67	G2.5IVa	51 Peg	
8862	352.01542	-87.48222	5.49	+1.27	K2III	Tau Oct	
9012	356.98542	-2.76167	5.49	+0.94	G8III	20 Psc	
210	11.54917	-22.52194	5.50	+0.98	G3V		
213	11.75625	11.97389	5.50	+0.97	G8II	58 Psc	
291	15.70458	31.80444	5.50	-0.05	B9.5V	69Sig Psc	
293	15.61000	-31.55194	5.50	+0.08	A2V	Sig Scl	
414	21.67375	19.24028	5.50	+1.11	K1III	94 Psc	
599	30.74167	33.28389	5.50	+0.03	A2V	3Eps Tri	
1022	51.07708	24.72417	5.50	+1.19	gK4	64 Ari	
1283	62.29167	19.60917	5.50	+1.07	K2III	43Ome1Tau	
1659	77.02750	24.26528	5.50	+0.06	B2V	103 Tau	
1709	78.68375	5.15611	5.50	+1.37	gK4		
1737	79.41750	-13.51972	5.50	+0.93	sgG9		
1814	81.94000	15.87417	5.50	+0.01	B9.5Vn	116 Tau	
2092	89.08708	-31.38250	5.50		F2III	Sig Col	
2180	92.24125	-22.42750	5.50	-0.01	A0IV		
2181	91.97042	-42.15389	5.50	0.00	A0V	Pi 2Col	
2674	105.81500	-59.17806	5.50	-0.11	B9IV		
3319	126.68292	12.65444	5.50	+1.60	M3III	27 Cnc	
3842	144.50625	-43.19111	5.50	+1.00	G8II		
4062	157.42292	84.25222	5.50		F0IV		
4081	156.03583	33.71861	5.50	+1.18	gK1	28 LMi	
4305	165.81208	-11.30361	5.50	+0.94	G7-III		
4462	173.73667	-49.13667	5.50	+1.04	K1III-IV		
4739	186.86958	-58.99194	5.50	+1.45	M4-5III		
4800	189.09708	59.48694	5.50		M4IIIe		
5139	204.29583	71.24222	5.50	+1.20	gK2		
5186	206.74917	38.54278	5.50	+1.03	K0III+F8V		
5261	211.33250	-76.79667	5.50	+1.55	M6.5III:	The Aps	
5412	217.53583	-45.32167	5.50	-0.08	B8Vn		
5678	229.09583	-22.39944	5.50	+1.38	K5III		
5726	230.65583	39.58139	5.50	+1.59	gK4		
5764	233.23000	-16.85278	5.50	-0.14	B2Vn	35Zet4Lib	
6060	243.90542	-8.36944	5.50	+0.65	G2Va	18 Sco	
6135	248.58042	-70.98806	5.50	+1.22	K1IIICNIa-Ib		
6654	267.59542	29.32222	5.50	+1.05	K1III		
6959	278.18042	-14.86556	5.50	+1.97	K3Ib-IICN1		
7211	286.10458	-31.04694	5.50	+0.03	A0IV		
7933	311.58375	-39.19917	5.50	-0.10	B8/9V		
8379	329.82458	-38.39528	5.50	+1.00	K0III		
8474	332.66208	70.13278	5.50	+0.38	F2V		
8591	337.47042	78.82417	5.50	+0.06	A3V	29Rho2Cep	
4	1.42500	13.39611	5.51	+0.90	G5III	86 Peg	
26	2.50958	11.14556	5.51	-0.07	B9Vn	34 Psc	
83	5.16250	-69.62500	5.51	-0.05	B9V	Pi Tuc	
147	8.92125	-48.00083	5.51	+0.44	F6V	Lam2Phe	
445	23.23333	-36.86528	5.51	+1.02	K0III		
587	30.11208	-8.52361	5.51	+1.52	M3III		
666	34.24583	-6.42222	5.51	+0.96	G8.5III	67 Cet	
1278	62.15250	38.03972	5.51	+0.46	F7V	50 Per	
1532	71.90125	-16.93444	5.51	+0.63	G2.5V	58 Eri	
1582	74.10083	-5.17139	5.51	-0.13	B6V	62 Eri	
3247	123.39208	-50.19611	5.51	+1.61	M1III		
3277	125.95208	53.21972	5.51	+0.11	A3V		
3462	130.56667	-48.09917	5.51	-0.18	B1.5Vn		
4189	160.75750	26.32556	5.51	+0.17	A4Vn	40 LMi	
4952	197.02917	-65.30639	5.51	-0.02	B0Ia+WC5:	The Mus	
5173	206.48458	-12.42667	5.51	+0.90	G8III	86 Vir	
5609	225.77542	35.20583	5.51	+1.02	gG8		
5709	230.03542	29.61611	5.51	+1.02	K0III	1Omi CrB	
5772	233.24125	-1.18639	5.51	+1.09	K0III	11 Ser	
5857	235.71125	52.36083	5.51	-0.07	B9pSiCr		
6255	252.85375	1.21611	5.51	+0.05	A2V s	21 Oph	
6469	260.43167	39.97444	5.51	+0.68	F9Vn:		
6800	272.66792	3.32417	5.51	+1.19	K2III		
7123	282.89583	52.97500	5.51	+0.84	G9IVa		
7282	288.31458	-12.28250	5.51	+1.44	gK4		
7921	310.26083	32.30722	5.51	+0.88	G8IIb	49 Cyg	
8015	314.22500	-9.69750	5.51	+1.47	gK5	7 Aqr	
8049	314.85583	59.43861	5.51	+1.40	gK4		
8202	321.75667	-42.54778	5.51	+0.39	Am		
8471	334.46042	-77.51167	5.51	+0.31	F3III	Psi Oct	
8657	341.41958	-46.54750	5.51	+1.32	K2III		
8740	344.89917	-29.46222	5.51	+0.25	A5n		
9010	356.75792	57.45139	5.51	+1.65	K3IIb		
330	17.09250	5.64972	5.52	+0.34	F0III-IV	80 Psc	
506	25.62208	-53.74056	5.52	+0.53	F9V		
533	27.99708	55.14750	5.52	-0.18	B1.5V	1 Per	
971	48.83542	30.55667	5.52	+0.01	A1V s		
1012	50.54958	27.60750	5.52	+1.10	G5III	62 Ari	
1016	50.35000	-23.63528	5.52	+0.88	G6.5IIbCN-1Hdel -1		
1025	48.99000	-77.38833	5.52	+0.44	F4III	Iot Hyi	
1555	73.76292	55.25917	5.52	+0.04	B9.5V	5 Cam	
1738	80.06167	41.08611	5.52	+0.11	A3V		
2016	87.62042	14.30556	5.52	+1.01	gG9	135 Tau	
2266	94.55708	-19.96694	5.52	-0.18	B2V		
2418	99.14708	-5.21111	5.52	-0.08	B8V		
3162	120.68667	-41.31000	5.52	-0.15	B9pSi		
3466	130.57875	-53.10000	5.52	-0.15	B8Si		
3983	150.18208	-82.21472	5.52	+0.03	A0IV	Mu 1Cha	
4165	159.77375	53.66833	5.52	+1.27	K3III		
4185	160.04708	-65.10056	5.52	-0.16	B9pSi		
4319	166.72583	1.95556	5.52	+0.97	G9IIICN-1	65 Leo	
4433	172.62083	18.40972	5.52	+1.05	K0III	86 Leo	
5590	225.33250	-2.75500	5.52	+1.68	M0III		
5762	233.15292	-19.67056	5.52	+0.18	A2m		
6151	248.93667	-65.49528	5.52	+0.93	G8-K0III	The TrA	
6594	265.49458	15.95194	5.52	+0.38	F4V w		
6602	265.61833	24.56417	5.52	+1.46	K4III	83 Her	
6769	271.95167	-17.15417	5.52	+1.11	K1III		
7398	292.46750	-26.98556	5.52	+1.12	K3III		
7507	296.50500	-31.90861	5.52	+0.02	B8V		
7601	298.62958	24.31944	5.52	-0.02	A0III		
7669	301.03458	7.27806	5.52	+1.06	gK0	63Tau Aql	
7711	302.63958	26.90417	5.52	+0.08	A3III	18 Vul	
7971	312.75292	-37.91333	5.52	+1.38	K3II		
8339	326.85542	60.69278	5.52	+1.52	M1IIIb	12 Cep	
8769	346.21750	-68.82028	5.52	+0.36	F4III		
8907	351.65250	-52.72167	5.52	+0.40	F4V	Omi Gru	
22	2.26000	18.21194	5.53	+1.04	G9III	87 Peg	
759	39.00000	-7.83167	5.53	+1.59	M0III	80 Cet	
939	45.56417	-71.90250	5.53	-0.14	B3V+A0IV	The Hyi	
1121	55.15958	-5.21056	5.53	-0.15	B9IIIpSi4200	22 Eri	
1399	66.82292	22.99639	5.53	-0.10	B7V	72 Tau	
1513	71.03333	-18.66667	5.53	+0.02	A3V		
2263	94.25500	-37.73750	5.53	+1.14	K1III		
2288	95.15125	-34.14389	5.53	-0.19	B1.5Ve		
2391	98.40042	14.15528	5.53	+1.11	gK2		
2919	111.40833	-79.09417	5.53	+1.28	K2-3III	Eps Men	
3180	121.26667	-53.10806	5.53	+1.34	K3-4III		
3370	126.82042	-70.09333	5.53	-0.03	A0V		
4564	178.91875	15.64667	5.53	+0.11	A3V	95 Leo	
5573	224.38875	-0.16750	5.53	+1.13	K1III		
5875	237.23667	-3.81861	5.53	+0.12	A5IV		
6184	249.04792	52.90028	5.53	-0.07	B9.5Vn	16 Dra	
6397	258.83042	-33.54833	5.53	-0.01	O7.5V[n]e		
6780	272.52375	-30.72861	5.53	+0.97	K1II		
7166	284.84917	-12.84056	5.53	-0.04	B5IV		
7278	289.30000	-66.66139	5.53	+0.18	A5V+A8V		
7331	289.91375	12.37472	5.53	+0.26	F0III	28 Aql	
7427	292.83042	50.30667	5.53	+1.25	gK1		
7622	299.43917	16.78917	5.53	-0.05	B9III	11 Sge	
8069	316.60625	-41.38611	5.53	+1.35	K3III	Eta Mic	
8243	322.74708	60.45944	5.53	+0.12	B1II		
8262	324.01000	45.37472	5.53	+1.58	M5IIIae		
8333	327.69625	-69.62944	5.53	+1.37	K2-3III	Omi Ind	
8354	328.12458	28.79333	5.53	+0.42	F6IV-V vw	15 Peg	
8487	333.45542	45.44083	5.53	+0.04	A0III		
8529	335.87875	-24.76250	5.53	+0.99	gG9	49 Aqr	
8859	349.54125	-40.82444	5.53	+0.44	F5V	Phi Gru	
8963	354.48667	18.40056	5.53	0.00	A1Vn	75 Peg	
9082	0.33333	-50.33722	5.53	+1.60	M2III		
650	33.19792	-2.39361	5.54	+0.57	F8V	66 Cet	
712	36.86542	31.80139	5.54	+1.12	gK1	11 Tri	
1006	49.44250	-62.57528	5.54	+0.64	G2.5VFe1Hdel 1	Zet1Ret	
1184	56.98333	-30.16778	5.54	+0.98	G6III	Rho For	
1541	70.76625	-70.93111	5.54	-0.12	B8II-IIISi:	Mu Men	
1760	80.70958	41.02944	5.54	+0.12	A3V		
1905	84.26583	17.04028	5.54	+0.22	F0V	122 Tau	
2667	105.98875	-43.60806	5.54	+0.64	G3V		
2863	111.99667	-29.15583	5.54	-0.08	B9VpSi:		
2911	113.46250	-36.33833	5.54	-0.06	B3Vne		
3202	122.66583	-13.79917	5.54	+0.49	F6V	18 Pup	
3216	124.88417	75.75694	5.54	+0.90	G8III		
3324	126.67458	-12.53444	5.54	+1.19	K2III		
3523	132.89375	-7.17722	5.54	+0.15	A4m	15 Hya	
3673	138.23167	-59.41444	5.54	+0.85	G6II		
4693	185.08208	26.61944	5.54	+1.09	K2III-IV		
5222	208.38667	-35.66417	5.54	+0.44	F4V		
5323	213.52167	12.95944	5.54	+0.54	F6IV	14 Boo	
5637	227.81667	-55.34611	5.54	+1.14	G2Ib-II		
5707	230.28167	-5.82472	5.54	+1.04	K1III		
5940	239.31083	14.41444	5.54	+1.14	K1IV	Phi Ser	
6007	242.46917	-33.54583	5.54	-0.10	B8V		
6123	246.35083	37.39389	5.54	+0.17	A5V	25 Her	
6502	261.70458	20.08083	5.54	-0.13	B5V		
6583	265.71250	-36.94583	5.54	+1.55	K5III		
7092	283.11292	-46.59528	5.54	+1.63	M0III		
7249	287.06958	-19.29000	5.54	-0.11	B2Ve		
7789	305.51417	24.44611	5.54	-0.06	B8IIIne	25 Vul	
8373	329.23500	12.07639	5.54	+0.05	A2Vnn	17 Peg	
8401	330.81833	-6.52250	5.54	+0.96	K0III	30 Aqr	
8853	349.17625	53.21361	5.54	+0.52	F7V		
138	8.42125	-29.55833	5.55	+1.27	K2III		
266	14.19625	60.36278	5.55	-0.07	B9IVn		
328	16.98833	20.73917	5.55	+0.13	A3V	79Psi2Psc	
339	17.45500	19.65861	5.55	+0.69	G0III	81Psi3Psc	
342	17.85667	64.20278	5.55	-0.07	B9.5V		
667	33.56125	-67.84167	5.55	+1.55	M1III	Pi 1Hyi	
1150	56.23542	-0.29667	5.55	+1.42	K4III	25 Eri	
1333	65.04792	50.92083	5.55	-0.01	B1.5IV		
1415	67.13375	1.38083	5.55	-0.10	B3V		
1849	82.78167	-20.86361	5.55	0.00	A0V	10 Lep	
2131	90.31833	-33.91167	5.55	+1.58	K5III		
2332	97.14208	30.49306	5.55	+0.68	F8Ib	48 Aur	
2333	96.83500	2.90806	5.55	+1.04	G9III		
2335	96.81500	-0.27611	5.55	+1.38	K5III		
2660	106.54833	34.47389	5.55	+0.91	G8IV		
3128	120.19708	17.30861	5.55	+1.32	gK3	3 Cnc	
3600	135.33667	-41.86444	5.55	-0.14	B5V		
3886	146.62667	-44.75500	5.55	-0.18	B2.5IV		
4502	175.33250	-43.09583	5.55		A0V		
4587	180.18542	-10.44611	5.55	+0.77	G8-K0IV		
4701	185.21167	57.86389	5.55	+1.43	K5III	70 UMa	
4735	186.71542	-32.83000	5.55	+0.01	B9V		
4862	192.43708	-71.98639	5.55	+1.17	G8Ib-II		
4957	197.13542	-8.98444	5.55	+1.18	K3III		
5099	203.21542	-15.36306	5.55	+1.23	K1.5IIIb	75 Vir	
5444	219.07917	-46.24528	5.55	+1.48	K3III		
5959	240.19833	-8.41139	5.55	+0.05	A0V s	50 Lib	
6289	254.57500	-50.64111	5.55	+0.02	B9IV		
6409	259.26542	-32.66278	5.55	+0.50	F6IV		
6544	263.69333	-11.24194	5.55	+0.02	B8Vn		
6874	275.87042	-36.23833	5.55	+1.02	K0III		
7253	286.65708	28.62861	5.55	+0.29	F0III		
7804	305.02500	68.88028	5.55	+1.59	M4.5-5III		
7985	313.03625	-5.50694	5.55	-0.08	B9III	5 Aqr	
8035	314.58125	44.47167	5.55	+0.97	K0IIIbFe-0.5		
8547	337.15708	-67.48917	5.55	+0.20	A4V		
8754	345.33083	-28.85361	5.55	+1.35	K3III		
8840	348.89292	-3.49639	5.55	+0.06	A3V		
8868	349.85000	-5.12444	5.55	+0.39	F3IV-V	96 Aqr	
9033	357.99125	2.93028	5.55	+1.53	K4IIIaBa0.3	22 Psc	
9059	359.28542	55.70583	5.55	+0.49	F1/6V+F3		
9085	0.40375	61.22306	5.55	+0.41	F0III		
311	16.42375	21.46528	5.56	-0.07	A0Vn	74Psi1Psc	
461	24.53167	57.97750	5.56	+1.38	G5II		
899	44.92167	-2.46500	5.56	-0.08	B9.5V	5 Eri	
958	48.11000	6.66083	5.56	+1.08	K1IIIep+A6V		
1718	79.01708	11.34139	5.56	-0.04	A0V	18 Ori	
2013	87.74208	27.96778	5.56	+0.97	gG7		
2183	92.39292	-14.58417	5.56	+1.16	K2III		
2352	95.65917	-69.98417	5.56	+1.51	K5III	Pi 1Dor	
2924	114.63667	35.04861	5.56	+0.93	K0III	70 Gem	
2939	115.30167	48.13167	5.56	+1.01	K0III		
2967	115.51333	14.20833	5.56	+1.64	M3II-III		
3814	143.63625	-5.91500	5.56	+1.16	K1III	33 Hya	
3820	144.17875	31.16167	5.56	+1.59	M2IIIa		
3875	145.92583	-53.89167	5.56	-0.04	A0IV		
4118	157.39750	-30.60722	5.56	-0.04	B9.5V	Del Ant	
5308	213.31833	-53.66583	5.56	+1.44	K5III+B-A		
5362	215.04042	-43.05889	5.56	+0.92	G8III		
5376	215.58208	-34.78694	5.56	-0.09	B8V		
5481	220.43125	11.66056	5.56	+0.94	G8III	32 Boo	
5855	235.99708	32.51583	5.56	+1.06	gG9	9Pi CrB	
6034	240.88042	76.79361	5.56		A3V		
6173	246.42958	78.96389	5.56	+0.26	F0V		
6227	251.34375	15.74528	5.56	+1.66	M3IIIab		
6364	256.57542	22.08417	5.56	+1.30	K3III		
6375	257.45000	-10.52333	5.56	+0.52	F5IV		
6421	258.13583	62.87444	5.56	+0.21	F0IV		
7237	286.24125	31.74444	5.56	+1.54	M0III		
7407	292.34208	14.59583	5.56	+1.05	K0III		
8406	330.51917	58.00056	5.56	+0.06	O9Vn	14 Cep	
8711	343.68958	-16.27194	5.56	+1.14	K2.5IIIb	77 Aqr	
8832	348.32083	57.16833	5.56	+1.01	K3V		
8851	348.90750	70.88806	5.56	+0.24	F0IV		
8894	350.63542	60.13361	5.56	+1.68	K3II		
91	6.06500	52.02000	5.57	-0.12	B5IV		
140	8.61583	-52.37306	5.57	+0.47	F3IV-V		
159	9.33625	-24.76722	5.57	+0.72	G8V		
220	12.00458	-21.72250	5.57	-0.06	B9V		
345	17.92250	65.01889	5.57	-0.09	B9IV	32 Cas	
463	24.27458	12.14167	5.57	+0.35	F0V	102Pi Psc	
588	29.91167	-42.03056	5.57	+1.06	K1III		
981	46.88333	-78.98944	5.57	+0.30	F2II-III		
1098	53.99042	-11.19361	5.57	+0.91	gG7		
1113	55.28292	37.58000	5.57	-0.07	B7Vne		
1115	54.96292	3.05694	5.57	+0.94	gG6	12 Tau	
1289	67.05417	83.80778	5.57	-0.13	B5V		
1835	82.06375	-37.23056	5.57	+0.02	A1V		
2082	88.71875	-39.95806	5.57	+1.51	M0III		
3304	126.61542	27.89361	5.57	+1.40	K5III	22Phi1Cnc	
3661	138.12750	-43.61361	5.57	-0.11	B8Vp:Si:		
3914	147.73208	-62.74528	5.57	+1.32	K1IIICNII		
4092	156.43458	-7.05972	5.57	+1.52	K5:IIIbFe-0.5		
4329	166.70792	-70.87806	5.57	-0.05	B2V		
4408	171.40167	16.45639	5.57	+0.36	F2V	81 Leo	
4551	178.04208	-56.98778	5.57	+0.07	A2V		
4573	179.41708	-62.44889	5.57	-0.15	B3V		
4643	183.03875	20.54194	5.57	+0.95	K0II-III	5 Com	
5138	204.89417	10.74611	5.57	+0.33	F0V		
5627	226.35750	48.15111	5.57	0.00	A1V	47 Boo	
5729	235.82000	-84.46528	5.57	+0.11	A2V	Rho Oct	
5994	242.32750	-57.93444	5.57	-0.04	B9.5V	Iot2Nor	
6202	250.47375	-19.92444	5.57	+0.43	F4IV-III		
7135	283.86458	6.61528	5.57	+1.04	K0III		
7158	284.31917	2.53528	5.57	0.00	B9IIIep:Hg:	64 Ser	
7300	288.83375	15.08361	5.57	+1.07	G8II-III		
7573	298.00667	24.99222	5.57	+0.71	A1Ia		
7969	311.95542	47.83194	5.57	+1.46	K5III		
8165	320.26833	23.85583	5.57	+1.05	K1III		
8236	323.34792	-44.84861	5.57	+1.04	K1III		
8903	351.21167	32.38500	5.57	-0.11	B9III	67 Peg	
317	16.52125	-9.83944	5.58	+0.01	A1V	28 Cet	
395	20.91917	37.71500	5.58	+0.26	A2Vm	47 And	
473	24.71583	-21.27528	5.58	+0.34	A4n		
589	30.75125	64.39000	5.58	+0.38	B8Ib	53 Cas	
657	33.92833	25.04306	5.58	+0.49	F6V	21 Ari	
672	34.50583	1.75778	5.58	+0.60	G0.5IVb		
1037	52.21833	49.84833	5.58	-0.04	B6Vn		
1422	67.53583	15.63806	5.58	+0.32	F0V	80 Tau	
1495	70.02833	-24.48250	5.58	+0.92	G6III		
1529	72.30333	31.43722	5.58	+1.12	K2III		
2203	92.54292	-40.35361	5.58	+1.68	M2II-III		
2721	108.95875	47.24000	5.58	+0.58	G0V		
2750	108.71292	-27.03806	5.58	+1.22	K4III		
3266	124.57250	-35.45167	5.58	+1.24	K2III		
3279	125.33833	-20.07917	5.58	+0.77	G2III+A3		
3531	134.15625	64.60389	5.58	+0.86	G7IIIFe-0.5	6 UMa	
3726	140.46208	-42.19500	5.58	+1.63	M1III		
4107	156.70417	-54.87750	5.58	+1.56	K3II-III		
4117	157.37083	-29.66361	5.58	+1.42	K5III		
4123	157.74917	-13.58833	5.58	-0.04	B9Vn		
4137	158.37875	34.98861	5.58	+0.02	A2Vn	34 LMi	
4236	162.84875	59.32000	5.58	+1.14	K2III	42 UMa	
4559	178.76292	8.44389	5.58	+0.94	gK0	6 Vir	
4779	188.39292	-12.83028	5.58	+0.86	G8III		
4935	195.94208	-20.58306	5.58	+0.56	F7V		
5084	205.23125	-85.78611	5.58	+0.18	Am	Kap Oct	
5727	230.80125	30.28778	5.58	+0.58	G0V	2Eta CrB	
5859	236.34792	5.44694	5.58	+0.04	A0V		
6219	251.83125	-58.34139	5.58	-0.08	B0.5Ia		
6291	254.20000	-23.15000	5.58	-0.02	A0V	24 Oph	
6687	268.96167	22.46417	5.58	+1.24	gK3		
6807	272.49583	36.46639	5.58	+0.91	G8III		
7131	283.43167	36.97167	5.58	-0.15	B2.5V	11Del1Lyr	
7327	290.15875	-22.40250	5.58	+0.27	F0III:		
7769	304.61917	37.00000	5.58	+0.06	A2V	36 Cyg	
7798	305.52250	45.79500	5.58	+1.08	K0III		
7945	310.79583	66.65750	5.58	+0.22	A8V	4 Cep	
7953	311.95125	6.00833	5.58	-0.02	A0V	13 Del	
8012	313.91083	12.56861	5.58	+0.12	A4V	16 Del	
8319	326.63375	-11.36583	5.58	-0.01	A1V	48Lam Cap	
8323	327.06583	-47.30361	5.58	+0.60	G0V		
8390	330.27083	0.60500	5.58	+1.28	gK4	28 Aqr	
8449	332.30667	33.17222	5.58	+1.00	G8IIIb	27Pi 1Peg	
8470	333.43500	-25.18083	5.58	+0.49	F6III-II		
8562	337.28333	9.12889	5.58	+1.55	K5IIIa	36 Peg	
8938	351.75333	87.30750	5.58	+0.23	A7IV		
7	1.61042	64.19611	5.59	-0.03	B9III	10 Cas	
227	12.35667	-13.56139	5.59	+1.30	K5III		
288	15.32625	-38.91667	5.59	+1.18	K0III	Xi Scl	
478	25.58542	68.04306	5.59	-0.07	A0pSiSr	43 Cas	
682	35.24250	50.15139	5.59	-0.13	B9pSi	63 And	
860	43.98708	61.52111	5.59	+0.45	F4V		
1062	52.40000	-12.67472	5.59	+0.17	A5IV		
1133	56.13083	36.46000	5.59	+0.06	A2m		
1275	61.40583	-27.65167	5.59	+0.31	F1IV		
1351	64.99042	14.03528	5.59	+0.28	F0IV	57 Tau	
2033	88.09292	14.17167	5.59	-0.05	B9pSiCrEu	137 Tau	
2424	98.85042	-36.78000	5.59	-0.14	A0V		
2616	104.64958	-25.41389	5.59	-0.16	B3V		
2865	112.32792	-1.90528	5.59	+1.50	K5III		
2887	113.29833	3.29028	5.59	+0.31	F2V	8Del2CMi	
3062	117.27792	-56.41056	5.59	+1.13	G5II		
3321	126.61333	-3.98750	5.59	+0.22	A5III-IV	2 Hya	
3536	132.90250	-57.63361	5.59	-0.11	B8III		
3644	137.48500	-30.36528	5.59	+0.19	A4IV-V	Eps Pyx	
3738	141.35000	-5.11750	5.59	+1.52	K5III	28 Hya	
4406	171.04625	-72.25667	5.59	+0.06	B2IV-V		
4477	174.58583	43.62556	5.59	+0.33	F2II-III	59 UMa	
4593	180.41458	36.04194	5.59	+1.01	K0III		
4829	190.48792	6.80667	5.59	0.00	A2V	31 Vir	
4941	196.64625	-41.58861	5.59	+1.05	K0II-III		
5420	217.15750	49.84472	5.59	+0.85	G3IV	24 Boo	
5687	229.73500	-40.78833	5.59	-0.10	B7V		
6464	260.08792	46.24083	5.59	+1.57	M0III	74 Her	
6524	262.83875	2.72444	5.59	+0.84	G8III+A7		
6845	273.91167	42.15944	5.59	-0.10	B7IV		
7303	289.12917	4.83472	5.59	+0.08	A3IV	22 Aql	
7316	289.91667	-35.42139	5.59	-0.13	B3V		
7375	291.58000	-21.77667	5.59	+1.22	K3III	50 Sgr	
7779	305.61458	-42.04972	5.59	0.00	A0V	Kap1Sgr	
7880	309.26958	26.46194	5.59	-0.07	B9V	27 Vul	
8094	317.16208	30.20583	5.59	-0.10	B9VpSi		
8725	344.09833	41.60389	5.59	-0.14	B2IV	16 Lac	
8882	350.20667	30.41500	5.59	+1.50	M0III	63 Peg	
8901	351.33083	-56.84917	5.59	+1.07	K0III		
8947	353.65625	40.23639	5.59	+0.10	A1Vp	15 And	
9108	1.17208	-71.43694	5.59	-0.12	B8IV-V		
124	7.92167	52.83944	5.60	+1.15	K2III		
1139	55.89083	-10.48556	5.60	+0.22	A5m		
1235	59.87542	-12.57417	5.60	+1.48	K5III		
1423	67.27875	-13.04833	5.60	-0.23	B1Vne		
1883	83.80583	10.24000	5.60	+0.12	B9IIIpHg:Mn:		
1916	85.61000	65.69778	5.60	+1.24	gK5		
2358	97.20625	-7.03444	5.60		B3e	11Bet Mon	
2386	98.09625	-5.86889	5.60	+0.25	F0Vnn		
2400	97.82625	-51.82611	5.60	+0.54	F8V		
2994	115.80000	-36.05028	5.60	-0.13	B5V		
3052	117.39750	-33.28889	5.60	+1.61	K5III		
3138	119.44542	-60.30333	5.60	+0.57	G0V		
3630	137.17583	-8.58944	5.60	-0.06	B9.5III	19 Hya	
3977	151.78958	-17.14167	5.60	+1.50	K7III		
3999	152.34125	-61.54917	5.60	+1.60	M2-3IIIe		
4036	153.88125	-43.11250	5.60	+1.52	K4III		
4914	194.00167	38.31472	5.60	+0.34	F0V	12Alp1CVn	
4949	196.59417	22.61611	5.60	+1.59	M5III	40 Com	
5032	200.07917	40.15056	5.60	+1.20	K1III	23 CVn	
5109	203.53042	55.34861	5.60	-0.03	A0V	81 UMa	
5136	204.95250	-40.05194	5.60	+1.30	K2/3III		
5165	206.12417	-16.17917	5.60	+0.81	G0Ib-IIa	83 Vir	
5520	223.30708	-73.19000	5.60	+0.82	G7IIIa+F9IV		
6658	268.34708	-34.89528	5.60	+1.14	K3III		
6805	273.92042	-63.05556	5.60	+0.92	K0III-IV		
6888	276.25625	-30.75667	5.60	+1.14	K0III-IV	18 Sgr	
8172	320.75208	-22.66889	5.60	+1.63	M1III		
8208	321.33167	46.71444	5.60	+0.32	F0V		
8392	330.27250	13.11972	5.60	+0.34	F4III	20 Peg	
8407	330.73625	44.65000	5.60	-0.03	A0IV		
8696	342.84500	61.69694	5.60	+0.78	G8III-IV+G2IV		
8802	347.08750	-28.82333	5.60	+0.88	G9III		
8918	351.81917	70.35972	5.60	+0.19	A6IV		
279	14.68292	-11.38000	5.61	+0.97	G7III	23Phi4Cet	
476	25.16583	43.29778	5.61	+0.21	sgA9		
910	45.59375	4.35278	5.61	-0.10	B7V	93 Cet	
965	53.08375	84.91111	5.61	+0.92	G3IIp:+F0:V		
1004	49.89500	-24.12306	5.61	+1.66	M2III		
1019	51.12375	33.53583	5.61	-0.03	A0V		
1041	52.08667	33.80750	5.61	+0.02	A2V		
1265	61.09458	-12.79250	5.61	+1.08	gK0		
1563	72.73000	-53.46139	5.61	+0.33	F0IV	Iot Pic	
1645	75.97208	-24.38778	5.61	+0.10	A3m		
1720	80.09417	62.65361	5.61	+1.75	K4I:		
1799	81.25667	-10.32917	5.61	+1.56	K5III		
1880	83.78542	9.93500	5.61	+0.04	B0.5V	39Lam Ori	
2320	95.73250	-56.37000	5.61	+0.24	Am	Nu Pic	
2526	101.82792	-55.54000	5.61	+1.52	K5III		
2855	111.74750	-23.08611	5.61	-0.13	B0IV:pe		
3047	117.54417	-9.18333	5.61	+1.44	K3III		
3297	126.14583	-3.75111	5.61	+0.46	F3V	1 Hya	
3448	130.07250	-53.01528	5.61	-0.14	B7Vn		
4088	156.31333	8.78472	5.61	+1.62	M3IIIabs	44 Leo	
4238	162.48750	-34.05806	5.61	+0.04	A1V		
4578	179.69875	-64.33917	5.61	+0.18	A3Ib		
5318	213.67750	-41.83750	5.61	+0.93	G8III		
5379	216.27625	-68.19528	5.61	+0.49	A3Ib		
5860	236.68417	-34.68250	5.61	-0.11	B7Vn		
6528	262.73083	31.15833	5.61	+0.95	G8III		
6980	278.87667	23.60556	5.61	+1.00	G9III+G7III		
7068	282.39583	-43.43389	5.61	-0.08	B9IV	Eta2CrA	
7416	293.34000	-45.27194	5.61	-0.04	ApCrEuSr		
7596	298.68667	0.27361	5.61	+0.10	A0III	58 Aql	
8040	314.62542	50.46222	5.61	-0.15	B5Vn		
8066	316.14458	5.50278	5.61	+1.65	K5III	3 Equ	
8790	346.72333	-38.89222	5.61	+0.01	A1V	Ups Gru	
9047	358.69417	0.10917	5.61	+1.59	M5III		
240	13.72125	83.70722	5.62	+0.09	A4V		
611	30.91875	-4.10361	5.62	+1.59	K5I:		
669	34.53125	19.90111	5.62	+0.01	A1Vn	22The Ari	
931	46.59875	13.18722	5.62	+1.08	K3III		
2316	96.00417	-36.70778	5.62	+1.04	G6III		
2415	98.64708	-32.71639	5.62	-0.08	B8V		
2655	106.02167	-5.32361	5.62	+1.29	K3III		
2728	108.63583	12.11583	5.62	+1.01	G6III		
3004	116.14167	-24.67389	5.62	-0.19	B1.5III		
3851	145.50125	39.75778	5.62	+0.95	G8III	43 Lyn	
3910	147.83250	-46.19389	5.62	+1.17	K2III		
5149	205.25958	22.49583	5.62	+1.01	G9III	2 Boo	
5195	207.16125	31.19028	5.62	+1.01	K0III		
5844	234.41292	69.28333	5.62	+1.35	K5IIIb		
5917	238.87542	-26.26583	5.62	+0.15	A3V	4 Sco	
5926	239.22583	-33.96417	5.62	+0.05	B9V	Xi 2Lup	
5957	239.74042	36.64389	5.62	+1.49	gK5		
6533	262.95667	28.40750	5.62	0.00	A1V	78 Her	
6534	263.37458	-5.74472	5.62	+0.18	A5V		
7132	283.55500	27.90944	5.62	+1.35	K4III		
7589	297.99625	47.02750	5.62	-0.07	O9.5Ia		
7826	306.89292	38.44028	5.62	+0.06	A3V	40 Cyg	
8281	324.74000	57.48917	5.62	+0.21	O6.5V((f))		
8331	327.50042	-64.71250	5.62	+1.02	K0III		
8409	331.46208	-59.63611	5.62	+1.46	K4III	Kap2Ind	
8524	335.78333	-45.92861	5.62	+0.36	F3III-IV	Pi 2Gru	
9073	359.86625	-29.48500	5.62	+1.60	K5III		
451	23.65750	-15.67611	5.63	+0.07	A3V	49 Cet	
511	26.93667	63.85222	5.63	+0.81	K0V		
605	30.91375	25.93556	5.63	+0.54	F8IV	10 Ari	
628	32.72000	39.03944	5.63	-0.02	B9V	59 And	
635	32.83792	8.56972	5.63	+0.56	G0IV	64 Cet	
869	44.10875	18.02306	5.63	+0.43	F6V	46Rho3Ari	
1218	59.21708	22.47806	5.63	+0.30	F2IV	32 Tau	
2053	88.13833	-37.63111	5.63	+1.04	K1III		
2145	91.24333	4.15861	5.63	+1.04	G4III	66 Ori	
2311	95.98292	-25.57778	5.63	+1.56	K5III		
2640	105.27458	-25.21528	5.63	-0.17	B2V		
2853	111.78333	-17.86444	5.63	+0.32	A5n		
3068	117.92875	-21.17389	5.63	+0.96	G8III		
3105	118.72167	-57.30306	5.63	+1.30	K3-4III		
3208	123.05292	17.64778	5.63	+0.54	F8V	16Zet1Cnc	
3732	140.45833	-55.51500	5.63	+0.19	A3IV s:		
3833	144.29125	-32.17861	5.63	+1.02	K0III		
3877	146.59708	11.81000	5.63	+1.49	gK4	18 Leo	
4457	173.77042	54.78528	5.63	+1.02	K0III		
4759	187.57292	-23.69667	5.63	+1.67	M0III		
4945	196.46792	45.26861	5.63	+1.13	K1III		
5113	204.30083	-61.69194	5.63	+0.50	F6V		
5512	221.52500	15.13194	5.63	+1.57	M5IIIab		
5514	221.84375	-25.62444	5.63		A0IIIp	55 Hya	
5581	224.09583	49.62861	5.63	+0.50	F7V		
5679	228.95458	0.37222	5.63	+0.18	A4V	4 Ser	
6004	241.90625	9.89167	5.63	+0.20	A7V	45 Ser	
6040	243.95708	-57.91222	5.63	+0.14	A3III		
6046	242.95000	36.42500	5.63	+1.34	K3III		
6158	248.14875	5.52111	5.63	-0.06	B9.5III	28 Her	
6876	275.23792	29.85889	5.63	+0.21	A5m	108 Her	
7187	284.10667	65.25806	5.63	+0.95	G8III		
7307	289.11167	14.54472	5.63	-0.02	B9.5V		
7390	291.55500	20.09778	5.63	-0.01	A0V	5 Vul	
8200	321.59542	-37.82944	5.63	+1.19	K2III		
8909	351.81250	-58.47611	5.63	+0.98	G8III		
8948	353.65917	33.49722	5.63	+1.03	gK0	73 Peg	
9093	0.62375	8.48556	5.63	+0.29	F0V	32 Psc	
333	18.06958	79.67389	5.64	+0.01	A3V		
490	25.51458	35.24556	5.64	-0.07	B9IV-V		
1144	56.29042	24.83917	5.64	-0.07	B8V	18 Tau	
1376	65.85417	16.77722	5.64	+0.30	A1m	63 Tau	
1864	83.47625	14.30556	5.64	-0.14	B3V	35 Ori	
2284	95.35292	-11.77333	5.64	-0.02	B1Vpe		
2291	96.60750	56.28500	5.64	+0.24	A3Vm		
2559	100.01125	-80.81361	5.64	+0.20	A5III	Zet Men	
2565	103.32833	-19.03278	5.64	+0.28	F1V		
2830	112.71958	68.46556	5.64	+1.11	gK2		
2988	115.70042	-26.35111	5.64	+0.99	K1III		
3215	123.28708	29.65667	5.64	-0.07	B9pSiCr	15 Cnc	
3235	124.46000	59.57111	5.64	+0.16	A7IV	29 Lyn	
3391	129.79875	65.02083	5.64	+0.62	G1.5Vb	3Pi 1UMa	
3450	130.80125	12.68083	5.64	+0.39	A3V+G0III	45 Cnc	
3861	145.88875	29.97444	5.64	+0.12	A2IV	15 Leo	
4194	160.68000	-32.71583	5.64	0.00	A0V		
4444	173.06792	-29.26111	5.64	+0.53	F8V		
4447	173.20042	-40.43639	5.64	+1.58	K6III		
4544	177.75917	-5.33333	5.64	+1.06	K0III		
5559	224.13333	-47.87917	5.64	-0.04	B9V		
5588	224.90375	39.26528	5.64	+0.31	F0-2IV-III	40 Boo	
5596	222.58500	82.51194	5.64	+0.68	F9V		
5743	232.06417	-16.71639	5.64	+1.55	K5III	32Zet1Lib	
6063	243.67000	33.85861	5.64	+0.51	G0VCaIIe	17Sig CrB	
6353	256.38458	-0.89194	5.64	+0.16	B1V		
6541	263.34500	19.25667	5.64	+0.48	F6V		
6910	277.11292	-38.99556	5.64	+0.13	A2mA2-F0		
7006	277.43708	77.54694	5.64	+1.18	gK4		
7301	288.82250	21.23222	5.64	+0.11	A4V	1 Sge	
7443	294.26375	-18.23111	5.64	+1.26	K3III		
7678	301.15042	32.21861	5.64	+0.54	B1.5Ia		
7787	305.97167	-42.42278	5.64	+0.20	A5V	Kap2Sgr	
8119	317.95083	59.98639	5.64	+0.11	B0II		
8328	326.80833	2.68611	5.64	0.00	A1V	11 Peg	
8703	343.25958	16.84111	5.64	+1.12	K1-2II-III		
8883	350.31458	-26.98667	5.64	+0.82	G4V		
340	17.57833	42.08139	5.65	+0.60	F8V	44 And	
771	39.42417	-3.39611	5.65	+1.02	gG5	81 Cet	
1331	64.59667	21.57917	5.65	+0.28	F0V	51 Tau	
1792	81.11833	-16.97611	5.65	0.00	A1V		
2022	84.29083	-80.46917	5.65	+0.60	G1V	Pi Men	
2149	91.08458	-32.17250	5.65	-0.19	B2.5V		
2233	93.89292	-0.51222	5.65	+0.50	F6V		
2525	102.60625	13.41333	5.65	+1.34	gK3	35 Gem	
2533	103.00000	23.60167	5.65	+1.45	K5III		
2903	114.13167	46.18028	5.65	+1.56	M0III		
3136	120.30750	4.87972	5.65	0.00	A1V		
3302	125.00292	-71.50528	5.65	-0.10	A0IVMn	Kap2Vol	
3362	127.61917	-32.15944	5.65	+1.49	K2III		
3879	146.59833	1.78556	5.65	+0.34	F4IV		
3996	152.73250	-8.41833	5.65	+1.30	K2III	18 Sex	
4066	155.06958	-47.69917	5.65	+1.67	K5-M0III		
4479	174.31500	-75.89667	5.65	+0.35	F1III	Pi Cha	
5081	202.30417	10.81833	5.65	+1.05	K0III	71 Vir	
5525	225.46167	-83.22778	5.65	+0.95	G8-K0III	Pi 1Oct	
5545	226.19458	-83.03833	5.65	+1.30	G8Ib	Pi 2Oct	
5577	224.66333	-27.65722	5.65	+0.24	A4V+A6V	59 Hya	
5699	230.45083	-48.31778	5.65	+0.65	G3-5V	Nu 2Lup	
5782	235.08833	-73.44667	5.65	-0.04	B7III-IV	Kap2Aps	
6162	247.94708	45.59833	5.65	+0.12	A4Vn		
6187	250.33458	-48.76306	5.65	+0.13	O5III(f)		
6188	250.41750	-49.65167	5.65	-0.03	B1Iab-Ib		
6297	255.02583	-54.59694	5.65	+0.19	A5IV-V		
6325	255.24208	22.63222	5.65	+1.33	gK3		
6443	259.70208	28.82306	5.65	+0.98	K0III		
6511	261.42208	60.04833	5.65	+0.03	A1Vn		
6902	276.41167	8.03194	5.65	+0.92	G8III-IV+A0V		
6953	278.34625	-38.72611	5.65	-0.06	B9V	Kap2CrA	
7195	285.61542	-24.84694	5.65	+1.23	K3III		
7431	294.00708	-24.71917	5.65	+0.19	A7m	51 Sgr	
7575	298.32792	-3.11444	5.65	+0.20	A5p		
7714	303.57917	-52.44556	5.65	+1.50	K4III		
7845	308.09875	-9.85333	5.65	+0.69	G2.5IV		
8044	315.11542	19.32944	5.65	+1.61	M3IIIab		
8307	325.85708	38.28389	5.65	0.00	A0V	79 Cyg	
8393	330.28833	8.25722	5.65	+1.44	gK5	19 Peg	
8574	337.50750	32.57250	5.65	-0.04	B9.5V	38 Peg	
8743	345.02417	-25.16417	5.65	+1.25	gK0		
8958	354.41500	-13.06028	5.65	+1.03	G9IIIFe-0.5		
192	11.41250	74.98806	5.66	+0.05	A2IV	21 Cas	
421	21.71500	-13.05667	5.66	+0.35	F0IIIDel Del	47 Cet	
1141	56.49708	45.68194	5.66	-0.07	B6V		
1176	57.51875	44.96778	5.66	+0.76	G2III+F2:V		
1535	72.78875	48.74083	5.66	+0.99	G9III		
1604	74.75542	-16.37583	5.66	+0.43	F3V+F9V		
2065	88.68167	-11.77389	5.66	+1.53	K5III		
2502	101.66250	-10.10722	5.66	-0.05	B9.5V		
2771	109.06458	-46.77444	5.66	+1.44	K4III		
2899	113.33125	-19.41250	5.66	+1.12	K3III		
3218	122.39000	-56.08556	5.66	+0.21	A3m		
3400	129.59250	53.40139	5.66	+0.96	G8IV		
3465	131.18750	10.08167	5.66	-0.11	A1pEuCr	49 Cnc	
3519	133.14417	32.47417	5.66	+0.22	A8Vma s	51Sig1Cnc	
3763	142.30250	-20.74861	5.66	+1.60	M1III		
3952	150.70375	21.94917	5.66	-0.19	B2.5IV		
4255	163.57417	-13.75806	5.66	+0.83	G4III		
4640	182.96333	25.87028	5.66	+1.41	K4III	4 Com	
4666	184.03167	40.66028	5.66	+1.55	M1III+F7V	2 CVn	
4860	192.11000	-27.59750	5.66	+0.95	G5III-IV		
5715	230.02167	51.95861	5.66	+0.11	A4V		
6933	277.54958	-18.72889	5.66	+1.06	gK0		
7175	284.18750	57.81500	5.66	+1.15	K1III	48 Dra	
7463	294.32250	16.46278	5.66	+1.02	G8III	4Eps Sge	
7631	300.08458	-33.70389	5.66	+0.49	F7V		
7743	303.84875	33.72944	5.66	+0.91	K0III		
7811	306.41875	21.40972	5.66	+0.93	G6III		
8164	319.81583	58.62361	5.66	+1.38	M1Ibep+B2pe+B3V		
8616	339.71458	-33.08139	5.66	+0.05	A2Vp		
8673	341.92833	-14.05639	5.66	-0.05	A0V	69Tau1Aqr	
8843	349.24042	-62.00111	5.66	+0.51	F7V		
57	4.03708	-31.44639	5.67	+1.35	K5III		
132	8.09917	6.95556	5.67	0.00	B9.5V	51 Psc	
189	11.11000	47.86417	5.67	-0.12	B5V		
557	29.03875	37.25167	5.67	+1.06	K0III	56 And	
618	32.16875	58.42361	5.67	+0.61	A1Ia		
1199	58.00083	6.53472	5.67	+0.06	B5V	31 Tau	
1243	60.44208	9.99778	5.67	+0.02	B5V		
1482	70.35042	48.30083	5.67	-0.02	A0V		
1886	83.75375	-6.00917	5.67	-0.23	B1V		
2138	90.20500	-51.21639	5.67	+0.20	Am		
2144	91.24250	5.42000	5.67	+1.04	gG7	63 Ori	
3565	134.39667	15.58139	5.67	+0.20	F0IV	63Omi2Cnc	
3596	135.49167	-0.48278	5.67	+1.15	K0III		
4065	154.77000	-64.67639	5.67	+0.05	A1V		
4148	158.75917	8.65028	5.67	+0.05	A2V	49 Leo	
4235	162.79625	56.58222	5.67	+1.12	K2III	43 UMa	
4311	166.13000	-47.67917	5.67	+0.24	A8III-IV		
4849	191.59375	9.54000	5.67	+0.99	K1III-IV	33 Vir	
4998	198.63042	11.33167	5.67	+1.50	M0III		
5049	201.45875	-70.62750	5.67	-0.03	ApHgMn:		
5466	220.25583	-36.13500	5.67	-0.08	A0p:		
5638	227.09917	26.30111	5.67	+1.24	gK2	46 Boo	
5700	230.79333	-60.65694	5.67	+0.48	F7V		
6029	243.06625	-28.41750	5.67	+0.01	B9V	12 Sco	
6130	245.94583	61.69667	5.67	+0.96	G8III		
6381	258.06750	-39.50694	5.67	+0.04	A1V		
6479	260.43917	53.42056	5.67	+1.47	K4III		
6728	269.98417	45.50139	5.67	+1.57	M0IIIab		
7380	291.73542	-29.74333	5.67	0.00	B9V		
7480	295.18042	-0.62111	5.67	+0.11	A3IV	45 Aql	
7641	299.79375	23.10139	5.67		F0	14 Vul	
7664	300.87500	16.03139	5.67	-0.10	B9pHgMn		
7926	310.48542	41.71694	5.67	-0.12	B8II-III		
8020	313.95750	47.41778	5.67	+0.47	B8Ia		
8270	324.63292	5.77167	5.67	+0.25	A9IV-Vn	4 Peg	
8287	325.54208	1.28528	5.67	+1.44	K2III	26 Aqr	
9104	1.17500	67.16667	5.67	+1.07	K1III		
13	2.01458	-33.52944	5.68	+1.12	K1III		
308	16.27250	14.94611	5.68	+0.41	F4II-III	72 Psc	
763	39.15792	12.44750	5.68	+0.49	F7V	31 Ari	
1090	53.14500	-50.37861	5.68	+1.10	K2III		
1448	68.53458	5.56861	5.68	+0.05	A2V s		
1509	70.78875	-30.76556	5.68	+1.41	K2III		
1668	77.67875	46.96222	5.68	+0.42	F5V		
1693	77.84500	-11.84917	5.68	+1.46	M6III		
1764	80.38250	-0.41639	5.68	-0.12	B3V		
2581	105.33958	70.80806	5.68	+1.33	gK4		
2615	105.06583	16.07889	5.68	+1.66	K3Ib	41 Gem	
2957	114.57583	-48.60111	5.68	+0.65	F4Iab		
3194	122.36875	-16.24889	5.68	-0.17	B2.5V		
3308	126.22958	-23.15361	5.68	+0.06	A2		
4332	167.20458	24.65833	5.68	+0.06	A3IV	67 Leo	
4711	185.84000	-24.84056	5.68	+1.16	gK1	6 Crv	
4801	189.24292	17.08944	5.68	+1.41	K5III	25 Com	
5521	222.32792	-24.25167	5.68	+1.30	gK1		
6140	247.44542	-14.55083	5.68	+0.82	G2-6III		
6810	270.03833	80.00417	5.68	+0.50	F7	41 Dra	
7667	301.09667	-0.70944	5.68	+1.30	K4III	62 Aql	
7904	309.74792	30.33444	5.68	+1.09	K2III		
8061	317.34292	-73.17306	5.68	+0.59	F8-G0V		
8070	316.50500	-30.12500	5.68	+1.03	K0/1III	Del Mic	
8166	320.20875	32.45278	5.68	+1.08	G8IV		
8198	321.14167	26.17444	5.68	+0.31	A8III		
8358	328.40583	19.66833	5.68	+0.01	A0V s		
8599	338.06750	76.22639	5.68	+0.05	A2V		
8749	345.28125	-50.95000	5.68	+1.42	K3III		
8919	352.25417	-63.11083	5.68	-0.17	ApSi		
8954	354.09708	2.10222	5.68	+0.44	F6Vb vw	16 Psc	
120	7.60875	-48.21500	5.69	+0.35	F2V		
462	24.03500	-29.90750	5.69	+0.33	F2V	Tau Scl	
525	24.36667	-84.76972	5.69	+0.94	G8III		
568	29.64000	49.20417	5.69	+1.01	K0IV	3 Per	
678	33.86875	-67.74639	5.69	+1.30	K2III	Pi 2Hyi	
793	40.59167	20.01167	5.69	-0.02	A0Vnp:	34Mu Ari	
1007	50.27833	3.67556	5.69	+0.97	G8.5III	97Kap2Cet	
1126	55.57875	19.70028	5.69	-0.01	B9Vne	13 Tau	
1426	64.49625	-80.21389	5.69	+0.84	K2-3III+A	Del Men	
1858	83.38167	18.54028	5.69	+0.01	B2IV-Ve	120 Tau	
2269	95.01750	14.65111	5.69	+1.61	K3Ib		
2397	98.16250	-32.03056	5.69	-0.17	B2IVe		
2419	99.66458	39.39083	5.69	+1.35	K5III	51 Aur	
2704	107.42875	-25.23111	5.69	-0.16	B2.5IV		
2735	107.17583	-70.49722	5.69	+0.40	F2V	Gam1Vol	
3073	118.07875	-14.84639	5.69	+0.37	F1Ia	10 Pup	
3386	128.02000	-53.21222	5.69	+0.58	K0III+A3		
3393	126.08250	-80.91417	5.69	+1.02	G8III		
3826	144.26083	16.43778	5.69	+1.25	gK1	8 Leo	
3838	145.56167	69.23750	5.69	+1.14	gG9		
4756	187.43000	20.89611	5.69	+0.07	A3V	20 Com	
5037	200.42333	2.08722	5.69	+0.06	A2V		
5060	201.73375	-41.49806	5.69	+1.47	K3III		
5097	203.14958	-28.69278	5.69	+0.04	A1Vn		
5501	221.37583	0.71722	5.69	-0.03	B9.5V	108 Vir	
5538	222.42208	48.72056	5.69	+0.47	F6V+F5V	39 Boo	
5647	227.99000	-48.74361	5.69	+0.14	A3IV	Kap2Lup	
6065	243.86958	18.80833	5.69	+1.12	K3III	16 Her	
6114	247.06333	-58.59972	5.69	0.00	B9II-III		
6542	263.41417	16.31750	5.69	+1.01	gK0		
6638	267.10333	20.56556	5.69	+0.94	G5IV		
6797	272.47500	3.11972	5.69	+0.47	F5V		
7114	283.50042	-21.35972	5.69	+1.23	K1Ib	33 Sgr	
7148	284.02583	18.10528	5.69	+1.09	K1III		
7202	285.32250	26.29139	5.69	-0.08	B5V		
7367	291.34000	-13.89694	5.69	+1.43	K3III		
7370	291.95042	-54.32528	5.69	+1.40	K4III		
7567	297.65542	40.59972	5.69	-0.04	B1III+B3V		
7805	305.29750	63.98028	5.69	+1.56	K5III		
7828	306.75958	49.38333	5.69	+0.26	dF0	43 Cyg	
8185	320.50167	49.38889	5.69	+1.10	K0III		
8245	323.71250	-20.08444	5.69	+0.40	F1V	37 Cap	
8300	325.59542	41.07722	5.69	+0.01	A0V	77 Cyg	
6	1.57917	-49.07500	5.70	+0.52	G1IV		
183	10.44333	-56.50167	5.70	+0.20	ApSrEuCr	Xi Phe	
218	11.93042	-18.06139	5.70	+1.30	K3III		
257	13.40792	-62.87139	5.70	+1.56	M4III		
368	18.70500	-0.97389	5.70	+0.42	F5V	38 Cet	
439	23.35750	58.32750	5.70	+1.52	K0Ib+B9V		
631	32.65667	19.50028	5.70	+1.65	M3IIIab	15 Ari	
1109	52.49500	-78.35194	5.70	+0.93	G8III		
1293	62.69875	-8.81972	5.70	+1.06	gG9		
1305	64.22333	61.85028	5.70	-0.14	B5Vn		
1579	73.77833	-16.74056	5.70	+0.96	gG9		
1781	80.92625	-0.15972	5.70	-0.21	B1.5V		
2099	89.72167	12.80861	5.70	+0.89	K2III+A5V		
2412	97.99333	-58.75417	5.70	-0.06	B9Ve	Mu Pic	
2423	99.09500	-18.66000	5.70	+0.85	G8III+F3IV-V	6Nu 1CMa	
2545	102.59708	-31.70611	5.70	+0.14	B6Vnpe		
2788	109.86708	-16.39500	5.70	+0.35	F1V		
2921	114.01625	-14.49278	5.70	-0.12	B2Ve		
3088	118.12375	-54.36722	5.70	-0.15	B1.5IV		
3203	122.29000	-48.68444	5.70	-0.12	B8Ib-II		
3478	131.51042	-2.04889	5.70	+1.10	gK0		
3830	144.25083	-25.29667	5.70	+1.12	gK1		
3965	151.08750	-24.28556	5.70	+0.30	A8V		
4158	159.13500	-12.23028	5.70	+0.52	F7V		
4536	177.42375	34.93167	5.70	+0.46	F5IV		
4541	177.61333	-62.64944	5.70	+0.26	A2Iab		
4673	184.37708	28.93722	5.70	+0.16	A4m:		
4745	186.89625	55.71278	5.70	+1.55	M2IIIb	73 UMa	
4865	192.22583	14.12250	5.70	+0.02	A1V	29 Com	
5187	206.64875	54.43278	5.70	-0.08	B9pEuCr	84 UMa	
5225	208.30375	17.93278	5.70	+0.84	G5III	7 Boo	
5238	208.46250	53.72861	5.70	-0.05	A0V	86 UMa	
5464	219.55208	43.64194	5.70	+1.48	K2III		
5692	229.60208	20.57278	5.70	+0.97	G8IIIaBa0.3		
5955	241.48250	-72.40083	5.70	+1.17	K1IIICNII		
6039	242.90833	23.49472	5.70	+1.56	M4.5IIIa	10 Her	
6440	261.00458	-62.86417	5.70	-0.14	B2IV		
6535	263.67708	-32.58167	5.70	+0.04	O7V+O7V		
6922	277.48250	-47.22028	5.70	+1.26	K2III		
7044	280.96500	31.92667	5.70	+0.34	F1III-IV		
8013	314.19708	-26.29639	5.70	+0.50	F7V		
8195	321.30458	-9.74861	5.70	+0.20	F0IV	19 Aqr	
8419	331.39458	28.96389	5.70	-0.06	B9Vn	23 Peg	
8722	344.19917	-47.96917	5.70	+0.22	Am	Tau3Gru	
8805	346.93917	49.29583	5.70	+0.44	F5V	5 And	
8822	347.43375	59.33306	5.70	+0.33	A5III	2 Cas	
505	25.45000	-60.78944	5.71	+1.27	K2-3III		
648	33.26375	15.27972	5.71	+1.55	M0III	19 Ari	
748	38.91167	37.31222	5.71	+1.39	K3III		
790	40.30792	-0.69583	5.71	+0.52	F7IV	84 Cet	
901	44.90042	-25.27417	5.71	+0.40	F2V	Zet For	
997	49.67167	-18.55972	5.71	+0.37	F0IV		
1054	51.88917	-35.68139	5.71	+1.29	K2III	Chi2For	
1099	54.19708	0.58778	5.71	+0.92	G9V		
1219	58.59667	-40.35722	5.71	+0.60	K0III+A3V		
1313	64.28417	57.86056	5.71	+1.09	K1III		
1550	73.19917	42.58667	5.71	+0.11	A3III		
1793	80.85000	-39.67861	5.71	+1.62	M1III		
2186	92.44958	-22.77417	5.71	+0.44	F6V		
2194	91.53917	-66.03972	5.71	-0.03	A0V	Eta1Dor	
2251	94.31708	5.10028	5.71	+0.61	F9V		
2446	99.30750	-36.99056	5.71	-0.12	B7IV		
2460	99.92792	-30.47028	5.71	+1.14	K0III		
2512	102.42208	32.60667	5.71	+1.29	K3II		
2690	106.84417	-23.84028	5.71	-0.10	B2IVe		
2738	108.98792	27.89750	5.71	+1.63	M1IIIa	53 Gem	
3245	124.82208	62.50722	5.71	+0.89	G8III		
3444	130.14708	-45.19139	5.71	+1.65	M0III		
3570	133.79958	-54.96556	5.71	+0.48	F6V		
3755	142.12167	8.18833	5.71	+1.04	K0III	3 Leo	
3925	148.57333	-45.28389	5.71	-0.11	B3V		
4282	164.80792	-33.73722	5.71	+0.37	F2V		
4317	166.49000	-27.28778	5.71	-0.06	A0IV	Chi2Hya	
4463	173.80500	-47.37250	5.71	+1.66	M3III		
4659	183.78542	70.20000	5.71	+1.19	gK2		
4807	189.59333	1.85472	5.71	+1.60	M3+IIIbCa0.5		
4951	196.90958	-53.45972	5.71	-0.07	B8V		
5218	208.70375	-67.65250	5.71	+1.49	K2III		
5230	208.80083	-52.16111	5.71	-0.08	B9V		
5575	224.29875	16.38833	5.71	+0.94	gG5		
5594	225.45375	-0.14056	5.71	+1.52	M0.5IIb		
5725	231.88792	-64.53139	5.71	+1.64	K5-M0III		
5870	236.82208	14.11528	5.71	+0.09	A3V	31Ups Ser	
6214	251.17750	-40.83972	5.71	-0.12	B3V		
6481	261.13125	16.30111	5.71	+0.07	A3V		
6608	265.84000	24.32778	5.71	+0.65	G2IIIb	84 Her	
6768	271.45667	32.23056	5.71	+1.16	K0III		
7055	281.68042	-10.12500	5.71	+0.59	F2Ib-II		
7392	292.34958	-43.44583	5.71	+0.22	Am		
7593	298.65667	-8.22722	5.71	-0.08	B7Vn	57 Aql	
7649	300.49417	-13.63694	5.71	+0.08	A3V	63 Sgr	
7670	300.90583	29.89667	5.71	+0.73	G6IV+M6V		
8190	320.99500	24.27417	5.71	+0.32	F1IV		
8357	328.00417	55.79694	5.71	-0.13	B6IV-V		
8360	328.54333	-4.27611	5.71	+1.18	K2III		
8489	333.68500	42.95389	5.71	0.00	A2Vnn		
8594	338.41917	56.62500	5.71	+0.96	G8III-IV		
8631	340.21958	14.54944	5.71	+0.72	G4V		
8824	347.67750	17.59444	5.71	+1.34	K4III		
9081	0.26875	-48.81000	5.71	+0.91	G8III	Tau Phe	
41	3.37833	41.03528	5.72	+0.31	F0IV	23 And	
117	7.51000	-3.95722	5.72	+1.56	M0III	12 Cet	
498	25.51250	-36.83250	5.72	-0.01	A1V		
944	47.40292	29.07694	5.72	+0.12	B8III	55 Ari	
1286	62.74583	33.58667	5.72	+1.44	K1II-III		
1292	62.83458	5.52306	5.72	+0.36	F4V	45 Tau	
1368	65.51458	14.07722	5.72	+0.32	A3m	60 Tau	
1403	67.00333	21.62000	5.72	+0.27	Am		
1449	68.47833	-6.73889	5.72	-0.13	B9pSi	46 Eri	
1521	71.26750	-21.28361	5.72	+1.47	gK2		
1581	73.82750	-16.41778	5.72	+0.88	gG4		
1911	84.14875	-6.06500	5.72	-0.22	B1V		
1989	86.80500	14.48833	5.72	+0.04	A3Vn	131 Tau	
2200	92.64417	-27.15417	5.72	+1.07	K1III		
2761	108.69125	-46.84972	5.72	-0.11	A0pSi		
2844	112.21500	48.18389	5.72	-0.10	B9pHgMn		
2940	114.18292	-48.83028	5.72	-0.06	B9.5V		
3398	128.86750	-7.98222	5.72	-0.03	A1pSrCrEu	3 Hya	
3768	143.72333	72.20556	5.72	+0.48	F7V	22 UMa	
3927	148.71375	-50.24389	5.72	-0.01	A0V		
4009	152.94375	-58.06056	5.72	-0.08	B2IVpne		
4256	163.74250	34.03472	5.72	+1.01	gG7		
4629	182.51417	5.80694	5.72	+0.35	F2-6IIIm vs	11 Vir	
4876	192.82417	-60.32972	5.72	+0.38	A2Iabe		
5720	230.96750	-12.36944	5.72	+1.04	gG6		
6258	252.66250	29.80667	5.72	+1.60	M1IIIa	50 Her	
6529	259.90417	80.13639	5.72	+1.50	K5III		
6627	266.78333	17.69722	5.72	+0.01	A1V		
6937	277.98417	-43.50778	5.72	+1.34	K2III		
6946	277.85708	-10.79583	5.72	+0.24	B2V		
7378	291.54625	-15.05306	5.72	+0.02	B8Vn		
7544	297.17542	11.81583	5.72		G2III:+A1V:	52Pi Aql	
7792	304.90292	62.25750	5.72	-0.05	B9V	71 Dra	
7892	309.68292	13.31500	5.72	+1.53	K3Ib	8The Del	
8716	343.79583	-4.98778	5.72	+0.88	K0III-IV		
8996	356.05000	-64.40444	5.72	+1.40	K2II-III		
9029	357.63875	-14.40194	5.72	+1.51	K4.5IIIb		
1050	52.00417	-11.28667	5.73	+1.10	K2III		
1169	56.31583	-47.35972	5.73	+0.96	K1III		
1377	66.12167	34.13056	5.73	-0.06	B8V	55 Per	
1655	76.31750	-26.15250	5.73	+1.17	K2III		
1866	84.14667	54.42889	5.73	+1.63	M0III		
1975	85.84000	-18.55750	5.73	-0.01	A0V s		
2101	90.24417	47.90194	5.73	-0.01	B9.5pSiFe	36 Aur	
2174	92.24125	2.49944	5.73	+0.07	A3Vn		
2363	100.12000	77.99583	5.73	+1.47	gK5		
2569	103.82750	25.37556	5.73	+0.57	G0V	37 Gem	
2935	115.06083	38.34444	5.73	+1.63	M0III		
2963	114.93250	-38.13944	5.73	-0.12	B5Vn		
3191	122.61333	25.50722	5.73	+0.81	G7V	14Psi Cnc	
3305	126.39792	2.10222	5.73	+1.53	K5III		
3505	133.34417	61.96222	5.73	+0.28	F2III	5 UMa	
3638	137.26792	-18.32861	5.73	0.00	A2Vn		
3653	137.99458	-19.74778	5.73	+0.98	G9III		
3904	147.67500	-46.93444	5.73	+1.08	K0IIICNIb		
3942	149.90083	29.64528	5.73	+1.06	gG9		
4501	175.39292	31.74611	5.73	+0.43	F4V	62 UMa	
4724	186.34083	-35.18639	5.73	-0.06	B9III		
4872	192.74125	-52.78750	5.73	+0.13	A5V		
5111	203.88042	-5.39611	5.73	+0.95	G6III	80 Vir	
5484	220.80667	-24.99750	5.73	-0.01	B9	4 Lib	
5493	220.93500	40.45917	5.73	+1.39	K4III		
5661	229.15167	-60.90389	5.73	-0.08	B0.5Ve		
5873	237.77833	-55.05583	5.73	+0.06	B2II		
5991	241.81833	-36.75556	5.73	+0.29	F1IV		
6010	242.11667	8.53417	5.73	+1.61	M3.5IIIa	47 Ser	
6320	256.10292	-57.71222	5.73	-0.10	B5IV		
6795	272.39083	3.99333	5.73	+0.37	F2V	73 Oph	
6881	275.80083	-12.01472	5.73	+0.01	B8IV-Ve		
6928	276.99500	6.19417	5.73	-0.03	B8III-IV		
7036	282.15750	-65.07778	5.73	+0.24	A8V	The Pav	
7057	281.20083	37.59444	5.73	+0.28	F0IV	7Zet2Lyr	
7451	293.58250	51.23667	5.73	+0.48	F7V		
7722	303.82250	-27.03278	5.73	+0.88	K0V		
8106	317.56500	53.56333	5.73	-0.12	B9III		
8253	324.04583	-26.17139	5.73	+0.22	A7/8IV	8 PsA	
8603	338.96792	39.63417	5.73	-0.15	B2Ve	8 Lac	
9009	356.81625	-11.91083	5.73	+1.08	gK1		
9061	359.38625	-82.17000	5.73	+1.05	K0III	Gam2Oct	
60	4.23792	61.53333	5.74	+0.88	G8III		
96	6.27667	53.04694	5.74	-0.06	B9IV		
254	13.64667	19.18833	5.74	-0.01	A1VN	66 Psc	
559	28.96250	23.57722	5.74	+1.19	K1III	7 Ari	
833	41.36458	-63.70444	5.74	+0.93	G8III-IV	Gam Hor	
977	48.13833	-57.32167	5.74	+2.28	C5II		
1683	79.55542	73.26806	5.74		A0V		
1804	81.78458	30.20861	5.74	+0.16	B9Ib		
2364	97.16333	-32.37111	5.74	-0.17	B4Vnpe		
2521	102.31833	-2.27194	5.74	-0.10	B8IIIn		
2588	103.76125	-20.40472	5.74	+0.08	A3IV	17 CMa	
2632	105.57250	15.33611	5.74		gK1		
2928	114.17083	-19.70222	5.74	-0.19	B2III		
3120	119.07750	-60.52639	5.74	+1.55	K3III		
3545	134.20833	45.63194	5.74	+1.09	K1IV		
3796	143.08500	-19.40028	5.74	+0.14	A5V		
3954	151.15125	53.89167	5.74	+0.48	F5V		
4135	157.98958	-45.06667	5.74	-0.15	B6II		
4333	167.32958	36.30944	5.74	+1.51	M3.5IIIab		
4361	168.37833	-59.61944	5.74	-0.10	B1.5V		
4426	172.42458	15.41333	5.74	+1.32	gK4	85 Leo	
4469	174.14583	-33.57000	5.74	+1.02	K0III		
4704	185.54958	-68.30750	5.74	+1.04	K0III	Zet1Mus	
4776	188.15000	-13.85917	5.74	+0.40	F2V		
5123	204.24625	24.61333	5.74	+1.55	M2III		
5449	219.18417	-40.21167	5.74	-0.12	B8n		
5452	218.66500	49.36833	5.74	+1.56	M1IIIab		
5494	221.62125	-47.44111	5.74	+0.07	A1V		
5533	222.32792	46.11611	5.74	+0.48	F7IV w	38 Boo	
5568	224.36667	-21.41556	5.74	+1.11	K4V		
5818	233.98792	54.63056	5.74		A2V		
6127	246.10542	55.20500	5.74	0.00	A2Si3955 Sr		
6205	250.42708	1.18111	5.74	+0.32	F2-4III-IV	14 Oph	
6215	251.58833	-58.50361	5.74	-0.09	B2IV-V		
6480	261.02750	22.96028	5.74	+0.21	F0IV	73 Her	
6550	263.28042	41.24361	5.74	+1.09	gK1		
6691	269.73167	-36.85833	5.74	+0.90	G8III		
7018	279.38958	62.52667	5.74	-0.06	A0V		
7197	285.82375	-38.25333	5.74	+0.32	F0IIIn		
7389	291.60042	13.02389	5.74	+0.47	F6III		
7548	298.15667	-54.97111	5.74	+0.92	G8-K0III		
8723	343.93542	36.35167	5.74	-0.05	B7III		
51	3.72708	-9.56972	5.75	-0.08	B9V		
222	12.09583	5.28056	5.75	+0.88	K2V		
492	25.43625	-11.32472	5.75	+0.44	F5V+F7V		
661	34.49958	57.89972	5.75	+1.17	K3III	8 Per	
752	38.67792	-7.85944	5.75	+1.40	gK4	77 Cet	
767	39.03875	-30.04472	5.75	+1.02	G8-K0III	Iot1For	
907	45.29167	-7.66278	5.75	+1.05	K0II	8Rho1Eri	
1435	66.94125	-62.52083	5.75	+1.01	K0III		
1561	74.02958	52.86944	5.75	+0.11	A2V s		
1634	75.68708	-22.79500	5.75	+1.20	K1IV	1 Lep	
2173	92.43333	23.11333	5.75	+0.21	B2.5Ib	3 Gem	
2193	93.00542	19.79056	5.75	-0.07	B9.5V	68 Ori	
2514	102.07917	-1.31917	5.75	+0.28	F1V		
2682	106.95625	7.47111	5.75	+1.18	gK0		
2731	108.54583	-3.90139	5.75	+1.58	K5III		
2867	112.34208	-10.32667	5.75	+1.62	K5III		
3281	125.47750	-17.58639	5.75	+1.05	K1III		
3343	126.99708	-35.11389	5.75	-0.15	B3V		
3355	127.87708	24.08111	5.75	+0.28	F0IIIn	30Ups1Cnc	
3496	131.82875	-46.15556	5.75	+0.56	F2Iab		
3554	133.80167	-18.24139	5.75	+1.32	K2-3III		
3592	136.00167	54.28389	5.75	+0.02	A2V		
3686	139.60833	35.36417	5.75		A8V		
3730	140.60000	-46.04750	5.75	+0.92	G6-8III		
4176	160.45125	68.44333	5.75	+1.30	gK3		
4407	171.48792	55.85056	5.75		K0III		
4624	182.22417	-44.32611	5.75	+0.24	A2mA5-F2		
5050	201.13833	-5.16389	5.75	+0.42	F3-4V s	66 Vir	
5144	205.16875	19.95556	5.75	+0.01	A1V	1 Boo	
5194	207.94750	-69.40139	5.75	+1.73	K5-M0III		
5320	214.16083	-66.58778	5.75	-0.06	B1.5III		
5830	234.56750	46.79778	5.75	+0.36	F2V		
5920	239.74208	-65.03778	5.75	-0.06	B7III		
5938	238.87750	42.56611	5.75	-0.11	B9pe	4 Her	
6037	244.27292	-67.94139	5.75	+0.15	A4V		
6171	249.08958	-2.32472	5.75	+0.82	K2V	12 Oph	
6310	255.03958	-24.98917	5.75	+0.41	F4V	26 Oph	
6333	255.57792	25.50556	5.75	+1.02	gG7		
6483	261.99000	-52.29722	5.75	+1.17	K2III		
6568	264.53958	-10.92639	5.75	+1.23	gK0		
6618	265.99708	53.80167	5.75	+0.01	A2V		
6838	274.29833	-17.37389	5.75	+1.58	K4II-III		
6863	275.34625	-18.86000	5.75	+0.94	F8I		
6993	279.40000	-0.30944	5.75	+0.07	A1V+A1V		
7408	291.85792	52.32056	5.75	0.00	A1V	7Iot1Cyg	
7411	293.22417	-53.18583	5.75	+0.30	FmDel Del		
7579	299.67208	-69.16389	5.75	+0.23	Am		
7727	302.89542	62.07861	5.75	+0.47	F5V	68 Dra	
8002	310.64667	82.53111	5.75	0.00	A0V	76 Dra	
8114	318.94125	-53.26306	5.75	+0.19	A6IV		
8246	323.23583	49.97778	5.75	-0.03	A0V		
8435	331.86917	19.47556	5.75		dF2		
8504	334.27708	-5.38722	5.75	+0.88	G6III	44 Aqr	
8511	334.55292	62.80444	5.75	+1.26	K3III	25 Cep	
8548	336.65583	4.39361	5.75	+0.52	F7V	34 Peg	
8739	344.79917	11.72889	5.75	+0.32	A8V+F6V	52 Peg	
8898	351.05458	-51.89139	5.75	+1.59	M0III		
8913	351.78083	42.91194	5.75	0.00	B9III	13 And	
8995	356.16958	-78.79139	5.75	+1.11	K1III		
9040	358.21042	-8.99667	5.75	+1.17	K0III		
9088	0.54250	27.08194	5.75	+0.67	G5VbFe-2	85 Peg	
448	23.42875	-7.02528	5.76	+0.64	G2IV		
487	24.94917	-56.19472	5.76	+0.87	K5V		
1112	55.67792	59.96944	5.76	+1.71	K3IIb		
1151	56.47667	24.55472	5.76	-0.04	B8V	21 Tau	
1198	58.41125	48.65056	5.76	+1.05	K0III		
1379	66.15583	33.95972	5.76	+0.40	F4V	56 Per	
1721	78.62000	-35.97722	5.76	+1.01	G8III		
1752	80.30292	29.57000	5.76	+0.06	A1V s		
2348	96.43167	-48.17722	5.76	-0.06	B9V		
2816	111.13917	27.63806	5.76	+0.34	g:F0	59 Gem	
2964	114.94917	-38.26083	5.76	-0.07	B2.5V		
3072	118.19958	-5.42806	5.76	+0.41	F5IV		
3232	123.00000	-46.64417	5.76	+0.59	F7Ib-II		
3479	131.21625	-37.14722	5.76	-0.15	B2III		
4067	155.54375	41.22944	5.76	+0.54	F7V		
4360	168.41375	-53.23167	5.76	+1.32	K2III		
4428	172.41083	-24.46333	5.76	+0.07	A0V		
4648	183.35542	-38.92917	5.76	-0.13	B4IV		
4887	193.34083	-60.32861	5.76	+0.33	B9Ia		
5255	209.66208	21.69611	5.76	-0.03	A0V s	10 Boo	
5442	218.12875	55.39778	5.76	+1.50	gK5		
5621	227.37458	-67.08417	5.76	+0.69	F6II		
5641	227.57750	-26.33278	5.76	+1.05	K0III		
5905	239.02500	-60.48278	5.76	+0.06	A3V		
6154	247.80583	22.19528	5.76	+1.61	gK5		
6420	259.70000	-44.12972	5.76	-0.05	B9V		
6908	277.48625	-57.52306	5.76	+0.98	K0III		
6962	278.41250	-14.85361	5.76	+0.04	A2V		
7603	300.09583	-66.94944	5.76	+1.04	K0III	Mu 1Pav	
7606	298.70125	36.99611	5.76	+0.75	G1Ib-IICH1Fe-1Ca-1		
7781	304.60333	55.39722	5.76	+0.11	A2V s		
7909	310.34875	-31.59833	5.76	+1.53	M0III		
8027	315.08958	-51.26528	5.76	+0.47	F5IV-V		
8073	317.13708	-63.92889	5.76	+1.18	K0III		
8161	319.87000	49.51028	5.76	-0.15	B6V		
8534	336.11292	-13.52944	5.76	+0.97	G6.5III	50 Aqr	
8666	341.54250	44.54611	5.76	+0.36	F0III-IV		
47	3.33083	-84.99417	5.77	+1.72	M0-1III		
97	6.35083	1.93972	5.77	+0.86	G5III	44 Psc	
785	40.76167	55.10583	5.77	-0.13	B7IIIpHg	11 Per	
809	41.13708	15.31167	5.77	-0.01	B9Vn	37Omi Ari	
1079	53.15000	9.37361	5.77	-0.08	B9IV	6 Tau	
1191	57.97375	34.35917	5.77	0.00	B1V		
1360	65.17167	6.13083	5.77	+0.92	G8III-IV		
1417	68.00750	53.91083	5.77	+0.18	B0III	1 Cam	
1538	72.13542	-16.32944	5.77	+0.55	F6V	59 Eri	
1816	82.00667	17.23889	5.77	+1.63	M1III	117 Tau	
2359	97.15542	-17.46611	5.77	+1.12	G5		
2530	102.70792	-0.54083	5.77	+0.39	F2V		
2551	103.20583	8.38028	5.77	+0.26	F0Vn		
2776	110.32292	45.22806	5.77	+0.32	A7 s		
2873	112.27042	-31.45639	5.77	-0.19	B2V		
2916	113.64542	-27.01194	5.77	+1.06	K1III		
2965	115.46583	13.48056	5.77	+1.67	M2IIIab		
3106	120.33625	59.04750	5.77	+0.39	d:F2		
3636	137.29792	-12.35778	5.77	+0.94	G6III		
3752	141.36292	-61.95028	5.77	+0.15	A4V		
4004	153.20125	4.61472	5.77	+1.18	gK0	19 Sex	
4113	157.52667	38.92528	5.77	+0.08	A4V	32 LMi	
4204	160.96333	-64.24889	5.77	0.00	B2.5V		
4455	173.59167	3.06000	5.77	+0.46	F5V	89 Leo	
4788	188.67625	-44.67333	5.77	+0.70	G1V		
4986	198.13708	11.55611	5.77	+1.51	M0III		
5029	200.24042	-46.88056	5.77	+1.12	K1III		
5091	201.73625	78.64389	5.77	+0.77	G2.5IIIbCH1		
5206	207.94667	-46.89917	5.77	-0.16	B2Vp		
5257	210.00042	-25.01028	5.77	+0.48	F7V	48 Hya	
5517	221.98958	-26.64639	5.77	-0.02	B9V	57 Hya	
5567	224.05500	14.44639	5.77	-0.06	A0V		
5617	226.85792	-49.08833	5.77	+0.92	G8III		
5869	237.52875	-53.20944	5.77	-0.08	B9Vn:		
5900	238.88458	-60.17778	5.77	+0.35	G5II-III+A3		
6073	245.10500	-55.14000	5.77	+0.97	K0III		
6195	250.16125	4.21972	5.77	-0.02	A1V	37 Her	
6272	253.74333	-41.15111	5.77	+0.15	O8:Iafpe		
6447	261.07792	-60.67361	5.77	-0.08	B8Ib-II		
6476	260.99000	8.85278	5.77	+1.25	gK1		
6571	264.37958	24.31000	5.77	+0.11	A2Vn	79 Her	
6670	268.30917	6.10139	5.77	+0.42	F3-5IV-V		
6716	270.47667	-22.78056	5.77	0.00	B0Ib		
6749	271.70750	-43.42472	5.77	+0.22	A5V		
6750	271.70750	-43.42472	5.77		A5V		
6756	271.56333	-4.75139	5.77	+0.96	K1+IV		
6955	277.76833	16.92861	5.77	+0.04	A2V		
7154	283.69625	48.85972	5.77	+0.43	F3III		
7250	286.66000	24.25083	5.77	+0.09	A4III		
7543	296.86583	38.40750	5.77	-0.06	B8Vn		
7785	308.32292	-80.96500	5.77	+1.14	G6-8II		
7988	312.86750	28.25056	5.77	+0.72	F5Ib		
8180	321.10333	-41.00667	5.77	-0.05	A0IIIpSi	The2Mic	
8251	323.82333	-3.98306	5.77	+1.11	gG9		
8348	327.89250	19.82667	5.77	-0.10	B8III		
8505	337.90583	-85.96722	5.77	+1.02	K0III	Ups Oct	
8835	348.74417	-41.10556	5.77	+1.18	K2III		
8885	350.22208	38.18222	5.77	+0.46	F5V	12 And	
9022	357.36458	1.07611	5.77	+0.16	A5Vm	21 Psc	
491	25.83208	60.55111	5.78	-0.02	B8IIIn	44 Cas	
747	39.40042	65.74556	5.78	+1.56	K5III		
774	41.94833	81.44833	5.78	+1.30	G8pBa3		
784	40.05125	-9.45306	5.78	+0.52	F6V		
1075	52.47917	-42.63417	5.78	+0.22	A5V		
1490	70.33250	28.61500	5.78	-0.03	A2V		
1536	72.15125	-5.67389	5.78	+0.62	F8V		
1671	77.08417	-8.66500	5.78	-0.06	B8V		
1833	82.47833	1.78917	5.78	-0.20	B2V		
1881	83.28083	-35.13972	5.78	+1.07	K0III		
1909	83.81417	-33.08000	5.78	+1.12	K2IIIa		
1964	83.68625	-73.74139	5.78	+1.71	M3III		
2166	91.74000	-21.81278	5.78	+1.64	M4III		
2189	93.08375	32.69333	5.78	+1.66	M2IIIa		
2279	94.92083	-34.39667	5.78	-0.08	B9V		
2663	106.41292	9.18583	5.78	+1.52	M0III		
2700	107.84625	26.85667	5.78	+0.10	A4IV	47 Gem	
2723	108.28000	-11.25139	5.78	+1.51	K0		
2753	109.50917	40.88333	5.78	+0.17	A5Vn	64 Aur	
2832	111.28458	-13.75194	5.78	+0.42	F0V		
2841	111.35542	-25.21778	5.78	-0.10	B7III		
3070	117.30375	-60.28361	5.78	+0.42	F1V		
3095	119.24750	15.79028	5.78	+1.28	K3+III	1 Cnc	
3242	123.55500	-35.49056	5.78	+1.02	K1III		
3377	128.68250	36.41944	5.78	+0.04	A2Vnn	33 Lyn	
3560	133.45292	-60.35417	5.78	-0.08	B5III		
3704	139.88833	-15.83444	5.78	+1.29	K4III		
4020	153.36667	-51.75611	5.78	+0.14	A3IV-V		
4869	192.32250	27.55222	5.78	+0.03	A2V	30 Com	
4960	197.30167	10.02222	5.78	+1.00	K0III		
5057	201.27792	23.85444	5.78	+0.06	A3IV		
5120	204.20167	-26.49500	5.78	+0.22	A7III		
5806	234.45042	-23.14167	5.78	+1.10	K0III		
6002	241.90167	-12.74556	5.78	+0.01	B9.5Vnn	11 Sco	
6074	244.18667	29.15028	5.78	+0.07	A3V	18Ups CrB	
6624	267.89792	-60.16444	5.78	+1.00	K0III		
6977	278.80250	18.20333	5.78	0.00	A0Vn		
7004	280.90500	-64.55111	5.78	+0.96	K0III		
7870	308.47875	46.69389	5.78	-0.16	B9pSi		
7944	311.09167	56.48806	5.78	+1.67	M3III		
8000	313.69958	-17.92306	5.78	+1.12	K0III	19 Cap	
8207	321.81167	-21.19611	5.78	+1.44	K5III	35 Cap	
8403	330.46083	52.88222	5.78	-0.11	B5III		
8415	331.29750	26.67389	5.78	+1.25	K2III		
8438	331.95958	21.70278	5.78	-0.10	B7Vne	25 Peg	
8458	332.65583	11.62444	5.78	+1.58	M1III		
8527	336.29375	-70.43167	5.78	+0.38	F3III		
8533	336.02875	-4.83694	5.78	-0.04	A0V	51 Aqr	
9101	1.08208	-16.52889	5.78	+1.10	K2III		
50	3.74500	8.82083	5.79	+0.31	F0IV	35 Psc	
79	5.18958	32.91139	5.79	+1.59	K5III		
146	9.11375	60.32611	5.79	+0.29	A4III		
326	17.13875	58.26361	5.79	-0.01	B8V		
423	21.74208	-32.54306	5.79	+3.86	C6II		
523	27.17333	32.69028	5.79	+0.55	F8V		
536	28.03917	50.79278	5.79	-0.07	B9IIIpHgMn	2 Per	
656	33.94167	25.78306	5.79	+0.44	F6IV-V	20 Ari	
772	39.24417	-34.57833	5.79	+0.66	G5IV	Lam2For	
954	48.05917	27.25694	5.79	-0.12	B9pSi	56 Ari	
964	48.95000	57.14083	5.79	+0.73	A0Ia		
1300	62.90083	-20.35611	5.79	+0.18	A2m		
1456	65.24125	-81.58000	5.79	+0.35	F0-2III	Nu Men	
1472	69.53917	16.03333	5.79	+0.31	F0V	89 Tau	
1475	68.39167	-62.82361	5.79	+1.04	K1III		
1586	74.45292	23.94861	5.79	+1.11	gG8	99 Tau	
1830	82.34833	-3.44639	5.79	+1.15	K1-III		
1987	86.71708	9.52222	5.79	+0.88	G8III		
2425	99.59583	28.98417	5.79	0.00	B9npEu	53 Aur	
2461	100.27250	0.49528	5.79	-0.10	B8III		
2535	102.59125	-17.08389	5.79	+1.44	K0		
2691	106.77958	-40.89333	5.79	-0.17	B3V		
2859	111.96542	-11.55694	5.79	+0.58	G8Ib-II+B2+B8V		
3081	117.42083	-66.19583	5.79	-0.04	B9V		
3356	127.28167	-44.16056	5.79	-0.16	B2Vn		
3543	131.48000	-79.50444	5.79	+1.60	K5III		
3604	135.19042	-60.96389	5.79	+1.21	G8II		
3658	137.88833	-46.58389	5.79	-0.21	B2III/IV		
3876	146.54167	6.70861	5.79	+1.64	M1.5IIIab		
3913	147.80042	-59.42583	5.79	+1.36	K2IVCNIV-Vp		
4193	160.83708	4.74778	5.79	+1.17	K3III+K0III	35 Sex	
4237	162.57542	-8.89778	5.79	+0.16	A3m	41 Sex	
4358	168.50750	8.06056	5.79	+1.12	K3III		
4398	170.78375	-56.77944	5.79	+0.01	A4:pe		
4714	185.93708	-38.91111	5.79	-0.08	B9V		
4921	194.91458	-3.81194	5.79	+0.18	A3V	44 Vir	
4970	197.78667	-42.23306	5.79	+0.52	F7IV		
5004	198.88333	40.85528	5.79	+0.19	A7V	19 CVn	
5073	201.53375	72.39139	5.79	+1.63	M1IIIab		
5130	205.04542	-64.57694	5.79	+0.39	F3III-IV		
5624	227.05042	-40.58389	5.79	-0.14	B8IVSi		
5737	230.66000	63.34139	5.79	+1.27	gK4		
5785	232.73208	64.20861	5.79	+0.96	K0III-IV		
6122	247.06125	-37.17944	5.79	+1.10	K1IIICNII		
6183	249.04667	46.61333	5.79	+1.04	G8II		
6276	254.89083	-69.26833	5.79	-0.10	ApSi		
6572	265.31792	-46.92194	5.79	-0.01	A0V		
6637	265.49167	72.15694	5.79	+0.53	G0V	31Psi1Dra	
6811	262.70000	86.96806	5.79	+0.25	A2m	24 UMi	
7126	283.87917	-16.37667	5.79	+0.36	F4V		
7584	298.53417	-8.57417	5.79	+1.64	gK5	56 Aql	
7742	303.36542	60.64056	5.79	+1.47	gK5		
8483	333.09292	63.29139	5.79	+1.67	M3IIIab		
8500	334.21917	-9.04000	5.79	+1.16	gK3		
8564	337.29250	26.76306	5.79	+1.25	K2II		
8625	339.30417	75.37167	5.79	+1.57	M1IIIab		
8771	345.99792	-41.47833	5.79	+1.08	K0III		
8876	349.96833	42.07806	5.79	+1.48	M0III	10 And	
9030	357.83833	9.31333	5.79	+1.66	M3IIIa	80 Peg	
209	11.44000	-47.55167	5.80	+0.64	G1V		
341	17.58083	25.45778	5.80	+1.47	K7III		
457	23.97833	17.43361	5.80		F0IV		
547	28.21708	-16.92917	5.80	+0.27	F0IIIn		
829	42.99458	68.88861	5.80	+0.64	F5:Ib-II		
878	44.52167	20.66861	5.80	+0.41	F5IV	47 Ari	
1124	56.50375	67.20167	5.80	+0.35	F0IV		
1192	58.43042	57.97500	5.80	+0.18	A5m		
1763	80.43167	8.42861	5.80	-0.13	B1V		
2014	87.51083	9.87111	5.80	+0.87	G8III		
2160	91.36292	-35.51361	5.80	+0.02	A1V		
2185	92.88458	24.42028	5.80	+1.11	K0III	5 Gem	
2345	96.05708	-60.28111	5.80	0.00	A0V		
2409	98.81583	0.89000	5.80	0.00	B8Ib		
2501	101.38042	-30.94889	5.80	-0.19	B2III		
2515	101.47375	-52.41000	5.80	+1.53	K3III		
2769	109.13250	-38.31889	5.80	-0.13	B4V		
2804	111.23833	51.88722	5.80	+1.61	K5III		
2954	114.68292	-36.49694	5.80	-0.16	B2IV-V		
3007	116.04000	-36.06278	5.80	+0.31	F2V		
3413	128.96708	-50.97000	5.80	-0.13	B8Si		
3864	145.25917	-57.25972	5.80	+1.09	K0-1III		
4187	160.93042	57.19917	5.80	-0.02	A0V s	39 UMa	
4354	168.31125	-44.37222	5.80	+1.66	K5-M0III		
4404	171.24542	11.43028	5.80	+1.38	K4III		
4465	174.07458	27.78111	5.80	+0.23	F0V		
4609	181.31292	76.90583	5.80	+1.01	G9III		
4754	187.47458	-56.52472	5.80	+1.56	M1III		
4796	189.00500	-39.87000	5.80	+0.01	A0V		
5352	214.36833	15.26333	5.80	+1.71	M3IIIa		
5532	222.49333	28.61583	5.80	+0.05	A4V		
5554	223.59542	-11.89833	5.80	+0.97	G7III	13Xi 1Lib	
5929	239.33875	-36.18500	5.80	+1.01	K0-1III		
6370	256.33208	54.47028	5.80	+0.48	F7V	21Mu Dra	
6442	260.77875	-56.52528	5.80	+1.00	G8-K0III		
6680	269.17458	-28.06528	5.80	+0.21	A7III/V:		
7277	288.30708	-25.90667	5.80	+1.38	K1I		
7400	292.25417	1.95028	5.80	+0.08	A0IVp	35 Aql	
7672	301.02583	17.07000	5.80	+0.61	G1V	15 Sge	
7780	305.08917	17.79306	5.80	+1.49	gK5		
7905	310.13542	-16.12417	5.80	+1.00	gG7		
8220	322.03458	32.22528	5.80	+0.32	F0V		
8371	328.72167	56.61139	5.80	+0.73	B8Ib	13 Cep	
8404	330.82917	11.38639	5.80	-0.07	B9.5V	21 Peg	
8704	343.36958	-11.61667	5.80	-0.08	B9III	74 Aqr	
8962	354.38333	44.42917	5.80	-0.06	B8V		
9110	1.27583	61.31417	5.80	-0.09	B8IVpHgMn		
348	17.79292	37.72417	5.81	-0.10	B7III-IV	45 And	
427	22.80750	70.26472	5.81	+0.47	F6V	38 Cas	
688	34.97625	-55.94472	5.81	+1.55	K5III		
766	39.14625	7.72972	5.81	+1.04	gK0		
1078	53.39625	39.89944	5.81	+0.11	A5m		
1187	57.14917	-20.90306	5.81	+1.64	K5III		
1441	68.15583	-3.20917	5.81	-0.14	B9III		
1576	73.95958	15.04000	5.81	-0.08	B9V		
1590	74.53917	25.05028	5.81	0.00	A0V	98 Tau	
2117	89.65667	-44.03444	5.81	+1.07	G8II		
2164	91.52292	-29.75861	5.81	+0.05	A1V		
2271	94.74583	-20.92611	5.81	-0.15	B4IV		
2901	113.56583	3.37139	5.81	-0.02	A0Vnn	9Del3CMi	
3147	119.71042	-60.82444	5.81	-0.09	B2IVpne		
3383	128.50667	-2.15167	5.81	0.00	A1V		
4002	152.37708	-68.68333	5.81	+0.02	A0IV		
4061	154.65667	-56.11000	5.81	+0.48	F6V		
4267	164.00625	6.18528	5.81	+1.45	M5.5III	56 Leo	
4292	164.99750	-43.80722	5.81	-0.08	B8-9V		
4339	167.47250	-32.36750	5.81	+0.04	A2V		
4417	171.69708	-53.16000	5.81	+0.52	K0III+A2-3V		
4443	173.06708	-29.26333	5.81	+0.53	F8V		
4672	184.37292	53.19111	5.81	+1.30	K6III		
4726	186.26333	56.77750	5.81	+1.62	M3IIIb	71 UMa	
5167	206.40375	-26.11611	5.81	+0.02	A1Vn		
5499	221.52833	-23.15306	5.81	+0.98	gG5		
5640	227.14792	25.10861	5.81	+1.24	K1III		
5644	228.57958	-70.07944	5.81	+3.38	C5,5		
5845	235.47792	18.46389	5.81	+0.20	A2m	22Tau7Ser	
5922	238.06917	55.82667	5.81	+0.96	gG8		
6019	243.34417	-55.54083	5.81	+0.34	F2III	Zet Nor	
6548	263.65292	9.58667	5.81	+0.02	A2V	53 Oph	
6990	279.62792	-23.50500	5.81	+0.02	B8III		
7065	282.36417	-45.81028	5.81	+0.90	G8III		
7275	287.10750	52.42556	5.81	+1.09	K1IV		
7391	291.61958	19.89139	5.81	+1.55	M0III		
7406	292.23750	24.76861	5.81	+1.03	K0III	8 Vul	
7630	300.20125	-45.11306	5.81	+0.28	A8III		
8025	314.10625	50.72861	5.81	+0.30	F0III		
8439	332.24583	-18.51972	5.81	-0.17	B2.5IV	35 Aqr	
8708	343.41708	44.74917	5.81	+0.26	A3Vm+F6V		
8712	343.52917	40.37694	5.81	+1.13	K0III		
8814	347.48875	-42.86056	5.81	+0.48	F4IV		
8935	353.33125	-77.38528	5.81	+0.68	G2V		
329	16.94250	-9.78556	5.82	+0.43	F7IV	30 Cet	
441	22.93042	-30.28333	5.82	+1.08	K0III		
526	27.31542	47.89694	5.82	+0.29	A3V		
564	29.43250	27.80444	5.82	+1.60	M2III		
687	35.70958	41.39639	5.82	+0.27	F0III-IV		
753	39.02042	6.88694	5.82	+0.98	K3V		
828	42.13375	18.28361	5.82	+1.20	K1III	40 Ari	
929	45.73292	-46.97500	5.82	+1.30	K2-3III		
1051	52.65417	48.10361	5.82	-0.04	B8V		
1947	84.68167	-40.70750	5.82	-0.09	B8V		
2369	96.76667	-58.00222	5.82	+1.28	K3III		
2635	105.63958	16.67417	5.82	+1.68	M2III		
2725	108.67458	24.88500	5.82	+1.56	M1III	52 Gem	
2747	108.91417	7.97778	5.82	+1.60	M4-IIIab		
2811	110.60583	-5.98278	5.82	+0.35	F3IV		
3160	120.76708	-32.46389	5.82	+1.22	K2-3III		
3227	122.79625	-48.46194	5.82	-0.15	B3V		
3535	133.20000	-38.72417	5.82	+1.50	M0III		
3587	135.35042	32.25250	5.82	0.00	A2V	66 Cnc	
4026	154.50833	65.10833	5.82	+0.12	A8III	32 UMa	
4039	154.31083	23.10611	5.82	+0.50	F8Vb w	39 Leo	
4917	194.07333	54.09944	5.82	+0.19	A5m		
5022	199.61583	34.09806	5.82	+1.35	K4.5III		
5549	223.65833	-33.30056	5.82	+1.42	K2III		
5750	232.66833	-16.60944	5.82	+1.06	gG6	34Zet3Lib	
5767	233.50667	-40.06611	5.82	+1.68	M2III		
6684	269.07667	0.67028	5.82	+0.09	B2IV-V		
7484	294.67167	54.97389	5.82	+0.44	F6Va		
8084	316.62625	31.18472	5.82	+0.56	F7.5Ib-II		
8141	319.54625	-4.51944	5.82	-0.13	B5V	15 Aqr	
8163	320.27000	7.35444	5.82	+1.66	M2IIIa	9 Equ	
8601	339.14750	-31.66389	5.82	+1.09	K1III		
8618	339.71917	19.52222	5.82	+0.92	G8II	40 Peg	
8833	348.36042	11.06500	5.82	+1.01	G8III		
177	10.51417	66.14750	5.83	+1.04	G9III-IV		
710	36.50125	-15.34111	5.83	+0.15	A6VpSrCr		
738	38.21875	34.54250	5.83	+1.07	K0III		
777	39.57792	-30.19417	5.83	+0.48	F4V	Iot2For	
912	45.48375	-9.96139	5.83	+1.11	gG6		
1092	52.71500	-66.48972	5.83	-0.06	B8V		
1232	59.71792	-5.47000	5.83	+1.00	G9V		
1384	65.77375	-24.89222	5.83	+1.51	K5		
1902	84.28667	26.92417	5.83	-0.07	B9IV-V		
2170	91.76542	-34.31194	5.83	-0.13	B4IVe		
2218	93.47625	-3.74139	5.83	+0.94	G8III		
2224	93.65292	-4.56833	5.83	-0.17	B5V		
2909	113.57750	-23.47361	5.83	+0.44	dF4		
3124	120.23292	25.39278	5.83	+1.02	gG8	2Ome1Cnc	
3250	123.59958	-45.83444	5.83	-0.20	B2IV-V		
3264	125.08750	20.74778	5.83	+1.13	K1III		
3918	149.59500	72.87944	5.83	+1.14	gK3		
4421	172.26917	61.77833	5.83	+0.36	F5Va vw		
4472	174.09292	-61.05222	5.83	-0.09	B2.5IV		
4655	183.74833	-20.84417	5.83	+1.05	gG7		
5036	200.56750	-52.18306	5.83	+0.12	B2.5Ib		
5128	204.67500	-29.56083	5.83	+0.40	F5V		
5239	209.08125	-46.59250	5.83	+1.14	K1III		
5401	216.80083	-46.13444	5.83	+0.31	A1mA5/7-F2		
5408	217.81875	-67.71722	5.83	+1.00	K1III		
5963	240.21292	4.42750	5.83	+1.00	gK0		
5983	240.83083	36.63167	5.83	+0.56	A2V+F7III		
6022	243.32000	-53.67167	5.83	+1.96	M0Ib-II+F-G		
6174	249.60917	-43.39861	5.83	-0.02	B2.5IV		
6369	256.33250	54.47028	5.83		F7V	21Mu Dra	
6917	276.49500	29.82889	5.83	+0.06	A2IV		
7035	281.20667	-25.01111	5.83	+0.05	B5:V		
7048	281.36833	5.49972	5.83	+0.04	A1V+A1V		
7094	282.74375	-9.77417	5.83	+0.61	F2Ib		
7214	285.88417	1.81889	5.83	+0.18	A4V		
7349	290.58958	-0.25250	5.83	+1.09	gG8		
8065	315.53792	56.66972	5.83	-0.07	B8III		
8100	318.05667	-40.26944	5.83	+0.45	F5IV		
8157	319.84250	38.23750	5.83	+0.50	F1II		
8578	336.67708	78.78583	5.83	+0.15	A2Vm	28Rho1Cep	
8751	345.17875	3.01167	5.83	+1.34	K4III		
8793	346.81125	-50.68639	5.83	+0.48	F6-7IV-V		
8818	347.54083	-40.59167	5.83	+1.62	M4III		
29	2.57833	-5.24861	5.84	+0.98	K1III		
297	16.08167	61.58028	5.84	+0.54	F6V		
400	20.87917	-30.94556	5.84	+1.61	K5III		
522	27.04542	16.95556	5.84	-0.03	B9.5V	4 Ari	
787	40.74875	53.52611	5.84	+1.12	K0II-III		
889	44.52375	-23.60611	5.84	+1.33	K2III	6 Eri	
2382	98.08000	4.85583	5.84	+0.99	K0V	12 Mon	
2388	97.80417	-35.25917	5.84	+0.81	G8III		
2716	107.92333	-20.88306	5.84	-0.04	A0V		
3058	117.30375	-46.85778	5.84	-0.14	B1.5IV		
3687	139.28125	-14.57361	5.84	+1.06	gK0		
3932	149.14792	-33.41861	5.84	+1.20	K1III		
4032	154.17458	25.37139	5.84	+1.20	gK2		
4566	178.99333	56.59861	5.84	+1.10	K1III	66 UMa	
4818	190.34583	-46.14556	5.84	+1.52	K4III		
4909	193.73542	47.19667	5.84	+1.55	M5III		
5008	199.30792	-43.97944	5.84	+0.20	Am		
5658	228.47208	-26.19361	5.84	+1.14	gG5		
5810	234.56792	-21.01611	5.84	+1.08	gG9		
5835	234.64292	50.42333	5.84	+0.83	G8III		
5871	237.48958	-48.91194	5.84	+0.07	A1V		
6106	246.16542	-29.70472	5.84	+0.59	G0IV		
6374	257.91208	-48.87417	5.84	+1.84	M1-2III		
6523	263.28083	-41.17361	5.84	+0.06	B9Ib-II		
6648	268.08208	-34.41667	5.84	+1.13	G8III		
6966	278.19250	23.61694	5.84	+1.46	gK5		
7007	280.00208	-7.79056	5.84	+1.55	K4III		
7382	290.98542	43.38806	5.84	+0.92	G7III-IIIa		
7514	295.93750	41.77306	5.84	+1.57	M0IIIab		
7767	304.52917	40.73222	5.84	+0.10	O9V		
8844	348.65542	74.23111	5.84		A0V		
8952	353.74583	71.64222	5.84	+1.80	G9Ib		
31	2.67833	-12.58000	5.85	+1.01	K0IV		
263	13.92667	-7.34722	5.85	+1.52	K5III		
632	32.28875	-43.51667	5.85	+1.19	K1III		
998	49.36083	-47.75167	5.85	+1.24	K2III		
1108	54.62167	-7.39167	5.85	+0.98	gG5		
1158	57.40292	63.29722	5.85	+0.18	A5Vn		
1363	65.17833	-7.59250	5.85	-0.13	B5III		
1625	75.68958	-4.20972	5.85	+1.21	K3		
1716	74.71208	-82.47056	5.85	+0.93	G8-K0III	Xi Men	
2402	99.41042	56.85750	5.85		A2V	11 Lyn	
2519	102.45750	16.20278	5.85	-0.13	B7III	33 Gem	
2706	108.11000	24.12833	5.85	+0.36	F5III-IV	48 Gem	
2789	109.51750	-43.98667	5.85	-0.12	B8II-III		
2900	113.29042	-24.71083	5.85	+0.17	A7V:		
3200	123.45917	56.45222	5.85	+1.01	G9III		
3300	125.73000	-52.12389	5.85	+0.01	A0V		
3599	135.68667	7.29806	5.85	+1.11	gK3		
3672	138.53417	-44.14583	5.85	-0.12	B5/6IV/V		
3764	142.68000	33.65556	5.85	+1.05	gG8	7 LMi	
3772	142.59417	-15.57722	5.85	+1.20	gK3		
3926	149.10833	8.93306	5.85	+1.13	gK2		
3993	152.80333	37.40194	5.85	+1.29	gK3		
4168	159.78167	37.91000	5.85	+0.57	F9V	38 LMi	
4548	177.92333	-30.83500	5.85	+0.56	F7V		
4650	183.35792	10.26222	5.85	+0.27	A2m	12 Vir	
4793	188.78375	21.88139	5.85	+1.22	K1III		
4867	192.16417	60.32000	5.85	+0.46	F5V		
4892	192.27750	83.41806	5.85	-0.06	A0V+A2V		
4976	198.57167	-78.44722	5.85	+1.07	F8Ib		
5162	205.37458	64.82250	5.85	+0.07	A2V		
5391	216.77958	-65.82167	5.85	+1.50	K3III		
5467	219.56333	54.02333	5.85	-0.01	A1V		
5534	222.56583	23.91194	5.85	+0.56	G0-2V		
5591	225.52667	-28.06056	5.85	+0.16	A4IV	60 Hya	
5625	227.16292	-42.86778	5.85	-0.11	B7V		
5880	237.14333	28.15667	5.85	+0.77	G0Iep		
5934	239.41833	-20.98306	5.85	+0.02	B3V		
6111	246.04500	6.94806	5.85	-0.01	A2pSr:	21 Her	
6472	261.17500	-21.44167	5.85	+0.93	G8III		
6509	261.68417	48.26000	5.85	+0.12	A4V	77 Her	
6751	273.14375	-73.67167	5.85	+0.46	F5V		
6755	271.53083	-8.32389	5.85	+0.21	B8III-IV		
7302	288.85333	30.52639	5.85	+1.67	M0III		
7397	292.08667	2.93028	5.85	+0.01	B6III		
7697	301.55750	53.16583	5.85	+0.39	F5V		
7715	303.10792	-12.61750	5.85	+0.48	F7V	2Xi 2Cap	
7801	306.36167	-28.66333	5.85	+1.10	G8II/III		
8276	324.75458	20.26528	5.85	+0.32	F2V		
530	27.53542	22.27528	5.86	+0.74	K1III+A6V	1 Ari	
608	30.74417	-15.30583	5.86	+0.98	G3IV		
651	33.25375	-21.00028	5.86	+1.01	G9III		
830	42.19125	25.18806	5.86	-0.07	A0V		
1107	62.50625	86.62611	5.86	+0.37	F5IV		
1366	65.36292	-0.09806	5.86	+1.32	K3III		
1528	72.32917	32.58833	5.86	+0.24	A8m		
1559	72.86750	-34.90639	5.86	+0.08	A1Vn		
1870	82.90042	-45.92528	5.86	+1.35	K3III		
2573	104.23333	46.70500	5.86	+1.08	gK0		
2866	112.35708	-7.55111	5.86	+0.48	F8V		
3087	118.88083	8.86278	5.86	+0.35	F2IV		
3578	134.68292	-16.13278	5.86	+0.53	F6V		
3677	138.73833	-37.60250	5.86	+0.83	G0V		
3721	139.36417	-74.73472	5.86	-0.02	A0V		
3963	151.01208	-18.10167	5.86	-0.06	A0V		
4233	162.43125	-9.85278	5.86	+1.07	gG8		
4850	191.69167	-33.31556	5.86	+1.34	K3III		
5887	236.90833	55.37667	5.86	+0.25	A3m		
6015	242.82375	-41.11972	5.86	+0.27	F0IV		
6308	254.99000	-25.09194	5.86	+1.62	M3III		
6606	264.28667	72.45583	5.86	+1.01	G9III		
6731	272.81542	-75.89139	5.86	+1.24	K2III		
6781	271.95625	26.10139	5.86	+0.12	A3V	100 Her	
6786	272.77333	-41.35917	5.86	+0.29	F2V		
6986	279.80958	-47.90972	5.86	+0.23	A7IV-V		
6998	279.72250	-21.05194	5.86	+0.68	G4V		
7961	312.32333	-25.78139	5.86	-0.07	B7IIIp		
8375	328.87958	65.32083	5.86	-0.06	B2.5Ve		
8602	339.24500	-40.59111	5.86	+0.06	A1V	Sig2Gru	
9094	0.65042	66.09889	5.86	+1.09	G8III		
71	4.65958	31.51722	5.87	-0.01	A0IV		
122	7.85667	33.58167	5.87	+1.14	K1III		
166	9.84083	21.25056	5.87	+0.85	K0+V	54 Psc	
212	12.03792	72.67500	5.87	+1.01	K0IV		
385	19.95125	-0.50889	5.87	+0.64	G8III+A7V	42 Cet	
486	24.94750	-56.19806	5.87	+0.90	K0V		
512	24.48167	-82.97500	5.87	+0.61	G2V		
577	29.89875	21.05833	5.87	+1.03	K0III-IV		
693	35.52083	-17.66222	5.87	+1.23	K0III		
1241	61.51292	68.68000	5.87	+1.54	K2III		
1372	64.41750	-63.25556	5.87	-0.07	B9III-IV	The Ret	
1493	70.84000	49.97389	5.87	+0.02	B9III		
1827	81.77208	-40.94361	5.87	+0.23	A7m		
1968	85.55792	-22.37361	5.87	+0.11	A2	12 Lep	
2026	87.47292	-22.97167	5.87	+0.06	A2		
2070	88.87625	-4.61639	5.87	+1.18	gK2		
2076	89.20625	11.52111	5.87	+1.10	K2III		
2132	91.26417	42.98167	5.87	+0.30	F3V	39 Aur	
2150	91.36250	-10.24278	5.87	+0.37	dF4		
2265	94.28958	-37.25306	5.87	+0.14	A3V		
2313	96.31833	-0.94611	5.87	+0.56	F8V		
2324	96.66500	-1.50722	5.87	+0.08	A3Vn		
2372	98.11333	32.45472	5.87	+0.14	A3m+A3m:		
2568	104.13458	46.27417	5.87	-0.06	B8IIIe	Psi9Aur	
2802	110.26792	-25.89139	5.87	+1.64	M4III		
2884	112.49833	-52.65111	5.87	+1.01	K0III		
2910	113.57958	-23.47472	5.87		dF6		
3156	120.20792	-54.15139	5.87	-0.14	B5Vn		
3378	128.43125	4.75667	5.87	+1.07	G5III		
3481	131.73333	12.11000	5.87	+0.11	A1V	50 Cnc	
3513	132.50917	-29.46306	5.87	+0.95	G8III		
3583	134.48250	-48.57333	5.87	+1.07	G8-K0II		
3708	139.67583	-51.56056	5.87	+0.54	B6Iae		
3790	142.88708	-35.71500	5.87	+1.29	K4III		
4602	181.06917	21.45917	5.87	+0.22	F0IV-V	2 Com	
4799	189.19750	-5.83194	5.87	+0.07	A3V	25 Vir	
5040	200.54042	5.15472	5.87	+0.12	A2m	64 Vir	
5179	206.55625	41.08861	5.87	+0.21	A5V		
5215	207.78833	34.66444	5.87	+1.62	M2III		
5356	214.75333	-25.81556	5.87	+0.50	F5V		
5426	218.38500	-54.99833	5.87	+0.48	F6IV-V		
5427	218.37458	-52.68000	5.87	+1.09	K0III		
5439	218.88125	-41.51722	5.87	-0.08	B7V		
5527	223.14583	-63.81000	5.87	+0.72	G3II+B8V		
5582	224.72333	-11.14417	5.87	+1.26	K3-IIICN1	18 Lib	
5828	234.38333	54.50889	5.87	+1.07	gK1		
5912	238.66458	-25.24361	5.87	-0.06	B8IIIp	3 Sco	
6050	242.94833	42.37444	5.87	+1.45	K4II+F6-8V		
6192	250.43958	-33.14639	5.87	+0.65	G3III		
6242	251.83250	42.23889	5.87	+1.61	M4+III-IIIa		
6597	266.17500	-42.72889	5.87	+0.16	A1V+F0IV		
6706	269.90292	-4.82139	5.87	+1.56	K5III		
7344	290.46208	-18.30833	5.87	+1.06	gG9	45Rho2Sgr	
7421	292.84083	26.61722	5.87	+0.93	K0III-IV		
7748	304.50583	-21.81000	5.87	+1.00	K0III	4 Cap	
8018	314.41917	-16.03167	5.87	+0.18	A2m		
8099	316.59708	71.43194	5.87	+0.40	F3IV		
8160	320.26792	-4.56000	5.87	+0.92	gG7	16 Aqr	
8623	340.09292	-30.65889	5.87	+1.30	K3III		
8813	347.43583	-28.08861	5.87	+1.31	K2III		
8944	353.53750	-1.24750	5.87	+0.30	A2m	14 Psc	
9037	358.12500	-14.25111	5.87	+1.28	K3III		
446	23.56917	37.23722	5.88	-0.07	B9IV		
582	30.03833	3.09722	5.88	+0.62	G2IV	112 Psc	
713	36.64667	-20.04278	5.88	+1.26	K2III		
842	42.92375	46.84194	5.88	+0.89	G8III		
1342	65.46583	56.50667	5.88		A3V		
1402	66.87000	11.21250	5.88	+0.05	B8IV		
1445	68.65833	28.96111	5.88	-0.06	B9pHg		
1920	84.50458	7.54139	5.88	-0.07	B8III		
2214	93.61917	17.90639	5.88	+0.22	A5Vm		
2331	97.69667	58.16278	5.88	+0.94	K0III-IV	6 Lyn	
2406	98.82333	9.98833	5.88	+1.51	K4III		
3011	116.14250	-37.94306	5.88	-0.11	B7V		
3022	116.54333	-37.93389	5.88	-0.11	B7V		
3303	127.44250	67.29750	5.88	+0.97	G8III		
3406	129.27417	9.65556	5.88	+0.09	A3V	36 Cnc	
3610	135.28542	-68.68389	5.88	+1.63	M1III		
3793	142.59750	-58.36167	5.88	+1.70	M2III		
4225	162.05917	-31.68833	5.88	+0.03	A1V		
4289	165.04833	-14.08333	5.88	+1.50	K5III		
4367	169.17458	49.47639	5.88	+1.08	gK0		
4531	177.16125	14.28417	5.88	+0.29	F0V		
4769	188.04167	-73.00167	5.88	+1.11	K1III		
5067	201.56917	46.02806	5.88	+0.97	gK0		
5476	220.18292	16.41778	5.88	+0.24	A6V	29Pi 2Boo	
5853	236.00750	2.51500	5.88	+0.68	G2.5V	23Psi Ser	
6003	242.18208	-23.68556	5.88	+0.02	B9IVp:		
6085	245.62042	-43.91222	5.88	+1.16	G3II		
6266	253.61208	-42.47889	5.88	+0.64	F5Ib-II		
6269	253.35500	-20.41556	5.88	+0.68	G3V		
6414	259.13208	1.21056	5.88	+0.06	B5Vnn+B5V		
6429	262.86375	-80.85917	5.88	+1.67	M3III		
6438	260.72917	-58.01028	5.88	+1.07	G8Ib-II		
6814	272.93792	33.44694	5.88	+0.01	A3V		
7084	281.67958	52.98806	5.88	-0.09	B2.5Ve		
7086	282.22250	19.32861	5.88	+0.03	A1V		
7161	285.87375	-68.75528	5.88	+0.56	F8V		
7257	287.49083	-41.89250	5.88	-0.08	B6V+F1IV		
7637	299.94750	-9.95833	5.88	+0.58	F8V		
7656	300.43625	24.80028	5.88	-0.12	B4V		
7835	307.33500	36.45472	5.88	+0.52	A1Ib	42 Cyg	
7976	312.67417	-12.54500	5.88	+1.07	gK1		
8295	325.76833	-14.39972	5.88	+0.25	F0IV	44 Cap	
8506	334.11042	57.22028	5.88	+0.93	G8III		
8588	338.11000	39.77972	5.88	+0.16	A6V		
9100	1.05667	62.28778	5.88	+0.30	A1III	9 Cas	
62	4.28792	47.94750	5.89	-0.09	B7III		
155	9.19708	15.23167	5.89	-0.15	B2.5IV	53 Psc	
176	10.11000	-59.45444	5.89	+0.55	G1V		
450	23.70458	18.46056	5.89	+1.52	M2IIIab		
556	28.97667	37.27778	5.89	+1.63	gM0		
720	37.20208	29.93194	5.89	+0.58	G0V	13 Tri	
886	44.91625	41.03306	5.89	+1.44	K2		
914	45.40708	-28.09167	5.89	+0.79	G5IV	Eps For	
922	46.82917	64.05778	5.89	-0.03	B9V		
1238	60.20333	18.19389	5.89	+0.32	F4V		
1280	61.99750	17.33972	5.89	+1.50	K5IIIb		
1660	76.98125	21.70472	5.89	+0.19	B2Ve	105 Tau	
1691	77.93875	1.03694	5.89	+0.66	G5III		
1812	81.49917	-19.69556	5.89	+0.40	F2V		
2081	89.84083	49.92444	5.89	+1.23	G5III		
2586	104.25208	33.68111	5.89	+0.88	G5III		
2778	109.84333	2.74056	5.89	+1.07	G9III		
2951	115.24375	23.01861	5.89	+1.58	K5		
3254	125.10875	57.74333	5.89	+0.39	F4V	30 Lyn	
3546	134.12708	40.20167	5.89	+0.35	F3III		
3850	145.39667	31.27806	5.89	+1.60	K6III		
4284	164.87875	-16.35389	5.89	+1.63	M2III		
4336	167.41042	43.20750	5.89	+1.57	M2III		
4411	171.38792	-37.74778	5.89	+1.54	M3III		
4597	180.65708	-69.19222	5.89	-0.08	B9V		
4810	189.76458	-30.42222	5.89	+1.21	K2-3III		
4859	191.82875	62.78083	5.89		A9V		
4875	192.54458	37.51694	5.89	+0.15	A3V		
4903	193.74375	-44.15194	5.89	+0.64	G1V		
4985	198.34792	-50.70000	5.89	-0.02	B9V		
4988	198.55042	-58.68389	5.89	+1.08	K0-1III		
4996	198.67958	-48.95667	5.89	+1.06	K1III		
5047	200.82875	-4.92444	5.89	+1.43	K3III	65 Vir	
5217	208.42958	-53.37361	5.89	+0.01	B5III		
5585	225.30417	-38.05833	5.89	+1.24	K2-3III		
5654	228.01792	18.97583	5.89	+1.53	M4IIIab		
5690	229.60917	-0.46139	5.89	+1.51	K5III		
5713	231.56125	-68.30917	5.89	+1.02	G8-K0III		
6368	258.32292	-67.19667	5.89	+1.06	K0-1III		
6681	269.07917	-15.81250	5.89	+0.05	A1V		
6883	275.64708	12.02889	5.89	+0.04	A2V		
6899	278.23042	-73.96556	5.89	+0.98	K0III		
7167	284.69542	13.90667	5.89	+0.25	F0pSrEu	10 Aql	
7174	284.50792	38.26611	5.89	-0.17	B7IV		
7422	293.53542	-40.03472	5.89	+0.09	A3III		
8059	316.01958	-5.82306	5.89	+0.68	G4III	12 Aqr	
8482	333.41083	28.60833	5.89	+1.15	K2III		
8590	338.51208	-1.57417	5.89	+0.99	G6III	60 Aqr	
8979	355.28708	-11.68056	5.89	+1.00	G9III		
8983	355.48625	7.25056	5.89	+0.10	A3Vn		
78	5.10167	30.93583	5.90	-0.10	B7V		
195	11.05042	-38.42167	5.90	+1.16	K1III	Lam2Scl	
228	12.30792	-24.13639	5.90	+0.95	K2III		
529	27.73792	51.93333	5.90	+0.43	F5IV		
744	38.27917	-34.65000	5.90	+1.06	K0III	Lam1For	
756	39.23833	38.73278	5.90	+0.48	F5V		
905	45.47542	26.46222	5.90	+0.14	A3m	49 Ari	
956	48.35000	48.17694	5.90	+0.97	G9III		
995	49.98250	27.07111	5.90	+0.86	G6IV	59 Ari	
1074	53.16667	35.46167	5.90	-0.06	B1V		
1171	56.61417	-29.33806	5.90	+0.12	A3V	Sig For	
1262	61.33417	22.00889	5.90	+0.62	G5V	39 Tau	
1408	67.09750	14.74083	5.90	+0.32	F0IV	76 Tau	
1508	71.02208	-8.50361	5.90	-0.11	B2Ve	56 Eri	
1687	77.83000	-2.49083	5.90	+0.46	F5V		
1778	80.82708	-8.41583	5.90	-0.03	B8III		
2046	88.74583	31.70167	5.90	+0.14	A5IV		
2100	89.60167	1.83694	5.90	+0.21	A5mDel Del	59 Ori	
2338	97.51250	46.68556	5.90	+1.44	gK4	47 Aur	
2479	100.91125	3.93222	5.90	-0.02	B0III		
2732	108.56458	-9.94750	5.90	+1.52	K3III		
2856	111.67625	-34.14083	5.90	-0.17	B2IV-V		
2883	113.02417	-8.88083	5.90	+0.54	F5V		
3023	116.80208	-22.51972	5.90	-0.19	B2IV-V		
3291	125.70792	-26.34806	5.90	+0.37	F3Ib		
3360	128.22917	38.01639	5.90	+1.11	K2III		
3453	130.27208	-48.92250	5.90	-0.21	B1.5V		
4015	153.44125	-40.34583	5.90	+1.21	K1III		
4075	155.77625	33.90806	5.90	+0.14	A6V	27 LMi	
4124	157.96417	32.37944	5.90	+0.11	A0IV	33 LMi	
4448	173.08292	-66.96222	5.90	+1.13	K1IIICNIb-II		
4681	184.66792	-0.78722	5.90	+0.17	A5Vn	13 Vir	
4890	193.45458	-60.37694	5.90	+0.20	B5Ia	Kap Cru	
4977	198.20375	-66.22694	5.90	+0.06	A0Vm:		
5121	204.34875	-46.42833	5.90	-0.12	B8V		
5229	208.29292	28.64806	5.90	+0.20	A7V		
5355	214.65958	-18.71611	5.90	0.00	A0pCrEu		
5755	231.96417	60.67028	5.90	+1.44	K5III		
5975	241.15292	-37.86306	5.90	+0.40	F3IV		
6647	268.05667	-34.79917	5.90	-0.10	B6V		
6782	271.95625	26.09750	5.90	+0.14	A3V	100 Her	
6943	277.39875	23.86611	5.90	-0.10	B6IV		
7059	281.61875	-0.96167	5.90	+0.13	A2Vm	5 Aql	
7807	305.93500	37.47639	5.90	-0.20	B2Ven		
8026	314.10792	49.19583	5.90	+1.04	G8II-III		
8078	315.94833	53.28611	5.90	+0.99	K0III		
8352	328.79792	-61.88639	5.90	+0.39	F1III		
8642	340.48917	14.51639	5.90	+1.11	gK0		
8678	342.04542	37.41667	5.90	+1.03	gG8		
8736	342.75917	85.37361	5.90	+1.32	K5		
9024	357.42083	36.42528	5.90	+0.79	G1III		
174	10.17667	-4.35194	5.91	+1.10	K0III		
404	21.08583	-6.91472	5.91	+0.41	F3V		
527	27.10833	3.68556	5.91	+0.97	G9III		
659	33.63333	-41.16667	5.91	+0.97	G8III		
867	43.95208	18.33167	5.91	+1.47	M6-III:	45Rho2Ari	
993	49.51167	-28.79694	5.91	+0.33	F3V+A8-9		
1159	56.53958	6.80306	5.91	+0.99	G9III		
1182	57.16208	0.22778	5.91	+1.23	K3III		
1370	65.59500	20.82139	5.91	+1.66	M0IIIab+A,F		
1697	78.20083	-6.05722	5.91	+0.96	G7III		
2222	93.78542	13.85111	5.91	-0.23	B1V		
2242	93.78500	-20.27222	5.91	+1.32	K0		
2665	106.84292	34.00944	5.91	+1.51	gK4		
2779	109.94833	7.14278	5.91	+0.53	F8V		
2918	114.14458	5.86167	5.91	+0.60	G0V		
3071	117.59958	-50.50972	5.91	+1.09	K2III		
3408	129.82333	52.71167	5.91	+1.17	gK1		
3539	133.16083	-48.35917	5.91	-0.15	B3Vn		
3783	142.12750	-66.70194	5.91	+0.01	A0V		
3810	143.35917	-22.86389	5.91	+0.02	A0Vn		
3989	152.53125	-8.40833	5.91	+0.02	A1V	17 Sex	
4139	158.14000	-44.61889	5.91	+0.92	G6-8III		
4173	159.51042	-57.25639	5.91	-0.14	B3IV		
4239	162.35042	-59.32361	5.91	0.00	B9.5IV-V		
4265	163.92667	0.73694	5.91	+0.42	F2/3III/V	55 Leo	
4274	164.28292	-50.76500	5.91	+0.18	A4V		
4381	169.72917	1.65056	5.91	+1.04	gK0	76 Leo	
4563	178.74917	-63.27889	5.91	+0.19	A3Ib		
4962	197.44917	16.84861	5.91	+1.45	K5III		
4966	197.96500	-69.94194	5.91	+0.42	F3IV-V		
4971	197.51333	38.49889	5.91	+0.29	A9III-IV	17 CVn	
5106	203.66875	-13.21444	5.91	+0.02	A2pSrEu:Cr:		
5175	206.86500	-50.24944	5.91	+0.29	A3mA5F0		
5184	205.66375	78.06444	5.91	+1.01	gG7		
5244	209.11625	1.05056	5.91	+0.20	A8V	92 Vir	
5251	209.82208	-50.37000	5.91	+0.96	G8-K0III		
5317	213.42000	-0.84556	5.91	+0.47	F7V w		
5462	219.55833	18.29833	5.91	+1.10	gK2		
5473	220.17667	13.53417	5.91	+0.21	F0V		
5500	222.18500	-66.59389	5.91	-0.07	B2.5Ve		
5557	227.78458	-84.78750	5.91	-0.06	B9.5V	Ome Oct	
6011	242.24542	3.45444	5.91	+1.47	gK5		
6090	244.79667	49.03806	5.91	+1.37	gK6		
6172	250.34708	-68.29611	5.91	-0.08	B7IVe	Eta1TrA	
6178	249.77167	-37.21750	5.91	0.00	B9-A0V+B		
6246	252.39417	13.26139	5.91	+0.03	A1V		
6327	255.96167	-38.15222	5.91	+0.38	F4IV+F2V		
6408	259.80167	-59.69444	5.91	+1.37	K2IIICNIb-II		
6426	259.73833	-34.98972	5.91	+1.04	K3V+K5V		
7100	282.44125	32.81278	5.91	-0.16	B3IV	8Nu 1Lyr	
7356	290.06708	57.64528	5.91	+1.58	M1IIIab		
7519	296.41625	7.61333	5.91	+0.18	A3IV	49Ups Aql	
7591	298.03000	47.93194	5.91	-0.18	B2III		
7648	300.24542	8.55806	5.91	+1.52	K5III		
7756	304.00250	45.57944	5.91	+0.38	F5V:		
7812	309.57750	-81.28889	5.91	+1.71	K5III		
7843	307.36292	56.06806	5.91	-0.04	B9Vne		
7895	309.64625	23.68056	5.91	+0.98	K0II-III+A3V		
8112	316.37208	78.12639	5.91	-0.07	B8Vn		
8718	343.76083	37.07694	5.91	+0.42	F5II		
292	15.90417	61.07500	5.92	+0.49	F0II		
359	18.18917	-37.85639	5.92	+0.28	F0III		
454	24.11333	48.72278	5.92	+1.21	gK1		
701	35.72750	-51.09222	5.92	+0.22	A5V		
728	37.63500	25.23500	5.92	+0.41	F6IV		
848	42.56167	-35.84361	5.92	+0.90	K0III	Eta2For	
863	43.39333	-38.43694	5.92	+0.44	F6IV	Psi For	
1086	53.61083	24.46444	5.92	+0.13	A3V+A3V	7 Tau	
1337	65.06000	41.80806	5.92	+0.94	K0III		
1471	69.56583	20.68472	5.92	-0.05	B8V		
1618	75.45958	0.72222	5.92	+1.27	K0		
2052	88.73625	19.74972	5.92	-0.17	B2V	57 Ori	
2249	94.03208	-16.61778	5.92	-0.17	B2.5Vn		
2396	100.13417	71.74889	5.92	+1.19	K0III		
2500	101.34500	-31.79361	5.92	+0.48	F6V		
2589	104.10750	9.95639	5.92	-0.08	B8Vn		
2718	108.05083	-25.94250	5.92	-0.17	B2V	26 CMa	
2737	109.39042	52.13083	5.92	+1.26	gK1		
2894	114.19583	55.75528	5.92	+1.12	K2III		
2914	114.47458	48.77361	5.92	+0.22	A5m		
2975	116.66708	65.45583	5.92	+1.18	gK2	51 Cam	
3670	138.39375	-47.33861	5.92	-0.05	B9Ve		
3776	142.19583	-62.27306	5.92	+1.10	K1III		
4179	159.74750	-58.81694	5.92	+1.65	M1III		
4271	163.82167	-60.51694	5.92	+1.08	K0III		
4644	183.09167	-62.95083	5.92	+0.29	B8Ia-Iab		
4702	185.48958	-56.37472	5.92	+1.57	K4III+F:		
5266	210.85917	-56.21361	5.92	+1.22	K2III		
5434	218.13542	22.26000	5.92	+0.35	F2IV	26 Boo	
5878	236.64500	55.47472	5.92	+1.39	gK3		
5988	241.52625	-23.60639	5.92	-0.08	B8p		
6044	243.59292	-33.01139	5.92	+1.02	K0III		
6113	246.39625	-23.44611	5.92		B2V	5Rho Oph	
6213	250.40292	26.91694	5.92	+0.40	F2III	39 Her	
6478	261.80167	-50.63028	5.92	+0.08	B9II		
6622	267.61750	-53.61222	5.92	-0.08	B2V+B3V		
6907	276.95625	-29.81639	5.92	+0.52	F9V		
7281	288.66542	-45.19333	5.92	+0.90	G8III		
7545	296.07708	69.33694	5.92	+0.05	A2III		
7561	298.05000	-19.04500	5.92	+0.98	G5III	57 Sgr	
7646	299.83542	45.77222	5.92	+0.16	A5III		
7719	303.00292	26.47889	5.92	-0.11	B7Ve	20 Vul	
8466	333.03333	24.95000	5.92	+1.51	K0		
8690	342.59083	41.95361	5.92	+0.08	B3IV:	14 Lac	
8846	349.16542	-44.48917	5.92	+1.06	K1III		
135	8.29333	54.89500	5.93	+1.04	K0III		
143	8.88667	-0.50556	5.93	+0.44	F5IV	14 Cet	
221	12.07250	7.30000	5.93	+1.10	G8III	62 Psc	
420	21.27208	-64.36944	5.93	+1.56	K5III		
436	22.59542	-26.20778	5.93	+1.34	K4III		
610	30.95083	-0.34028	5.93	+0.88	G5II-III+G5V	61 Cet	
639	32.89917	-1.82528	5.93	+0.97	gG9	63 Cet	
968	48.10750	-44.41972	5.93	+0.44	F7III+A0V		
1001	50.46917	49.07083	5.93	+0.43	F6V		
1045	51.59375	-27.31750	5.93	+0.94	G5III		
1216	58.38875	-46.89361	5.93	+1.24	K2III		
1246	60.16958	-30.49083	5.93	+0.04	A2V		
1874	83.51667	-1.47056	5.93	+1.55	K5III		
1955	85.27333	0.33778	5.93	+0.30	F0IV		
2158	91.16750	-45.07889	5.93	+0.49	F4V		
2169	92.38500	22.19000	5.93	+1.63	K4I		
2367	97.54708	-10.08139	5.93	+1.38	K0		
2380	97.69292	-27.76944	5.93	-0.15	B2.5V		
2494	101.63500	8.58722	5.93	-0.17	B2.5V	16 Mon	
2643	105.87667	29.33722	5.93	+0.60	G4V		
2837	111.73458	20.25722	5.93	+0.30	F2Vn	61 Gem	
2960	115.05667	-19.66083	5.93	+1.16	K0		
3049	117.31125	-35.24333	5.93	-0.05	B9V		
3175	122.51583	58.24806	5.93	+1.39	gK4		
3625	137.21292	33.88222	5.93	+0.60	F9V		
3789	142.88417	-31.87194	5.93	+0.26	A9IV	Zet2Ant	
3922	149.30667	57.41833	5.93	+0.89	G5III		
3924	148.45917	-51.14694	5.93	-0.15	B2III		
4224	162.16917	-1.95889	5.93	+1.60	M2III		
4243	163.37792	69.85389	5.93	+0.99	G9IV		
4266	163.62333	-61.82667	5.93	+1.75	K4III		
4565	178.91708	-28.47694	5.93	+1.50	K5III		
4837	190.90875	-1.57694	5.93	+0.86	G8IIIp		
4885	193.26625	-54.95250	5.93	+1.31	K2III		
4907	194.13125	-72.18528	5.93	+1.13	G8III		
5547	225.04917	-77.16028	5.93	+1.05	G8II		
5584	224.84625	4.56778	5.93	+1.60	M2III		
5608	225.36292	60.20444	5.93	+0.09	A4V		
5804	234.12208	16.11889	5.93	+0.29	F3V	18Tau5Ser	
5981	240.52292	52.91583	5.93	+1.48	gK5		
6341	255.91375	13.60528	5.93	0.00	A1V		
6456	260.72875	-37.22056	5.93	+1.08	K1III		
6547	264.36333	-50.06000	5.93	+1.10	K0III		
7128	284.00250	-23.17361	5.93	-0.02	B8		
7190	285.98917	-51.01861	5.93	+1.24	K0-1III		
7286	288.15292	21.55444	5.93	+0.03	A2Vn		
7360	291.26708	-29.30917	5.93	+1.26	K3III		
7783	304.38042	66.85389	5.93	+0.58	G3V		
7800	305.68875	41.02611	5.93	+1.60	K7III		
7937	311.54167	-21.51417	5.93	+0.04	A0	17 Cap	
8223	322.24958	22.17944	5.93	+1.53	M4.5III-IIIa		
8388	329.72250	62.69833	5.93	+1.67	M3IIIab		
8530	335.88375	-7.19444	5.93	+1.00	G6IIIBaII		
8633	340.07667	53.84611	5.93	+0.93	K0III		
8869	349.85042	-18.07528	5.93	+1.52	gK3		
9041	358.23167	-3.15556	5.93	+1.07	G9III	24 Psc	
12	1.94500	-22.50889	5.94	+0.14	A2Vp:		
42	3.42542	-26.02194	5.94	+1.55	K5III		
113	7.58292	59.97722	5.94	+0.01	B9IIIn		
198	11.23792	-42.67667	5.94	+0.28	F0V		
353	17.93125	-2.25111	5.94	+1.40	K4III	34 Cet	
471	24.61417	-36.52833	5.94	+1.05	K0IV		
521	27.16208	37.95278	5.94	+0.97	K0III		
534	27.71667	11.04333	5.94	+0.30	F2V w		
541	27.72708	-50.20611	5.94	+0.14	A1Vp		
601	30.64667	13.47667	5.94	+1.59	M2III		
1067	52.68917	6.18861	5.94	+0.96	G8III		
1332	64.33000	-6.47194	5.94	+1.08	gG8		
1401	68.37792	72.52861	5.94	+0.30	A8m		
1416	66.27208	-61.23833	5.94	+1.54	K4-5III		
1440	69.10083	64.26167	5.94	-0.03	A1V		
1635	75.59500	-31.77139	5.94	+1.17	G8III		
1776	81.16042	31.14306	5.94	+0.04	B9III		
1795	81.70375	34.39167	5.94	+0.14	A0III		
1832	82.60875	15.36028	5.94	+0.14	A3Vn		
1908	84.26833	11.03500	5.94	+1.58	K4III		
1969	86.62667	56.11556	5.94	+0.17	A4Vn	26 Cam	
2072	88.08458	-57.15611	5.94	+0.66	F7IV		
2257	95.51500	59.37222	5.94		A3V	4 Lyn	
2394	99.42250	61.48111	5.94	+0.89	G8IV-V	8 Lyn	
2631	105.60625	17.75556	5.94	+1.63	M1		
2759	108.73792	-41.42583	5.94	-0.16	B4III-IV		
2966	115.39667	3.62472	5.94	-0.04	A0V		
3409	129.57917	32.80194	5.94	+1.12	gK2		
3802	143.23250	-13.51694	5.94	+1.50	K5III		
3824	144.86625	67.27222	5.94	+1.52	K5		
3960	150.50000	-60.42083	5.94	+0.26	A9IV		
4416	171.78958	-12.35667	5.94	+0.49	F4III-IV	16Kap Crt	
4431	172.62958	43.17333	5.94	+0.49	F4V	58 UMa	
4961	197.43875	-10.32944	5.94	+1.49	K5III	50 Vir	
5180	206.57917	38.50389	5.94	+0.94	G9III		
5357	214.84958	-37.00361	5.94	+0.08	A2Vn		
5418	217.46042	0.82889	5.94	+0.16	A5IV		
5508	221.77125	-38.29083	5.94	+1.33	K3III		
5846	236.09417	-41.81944	5.94	0.00	A0V+B		
5915	238.75125	-19.38306	5.94	-0.01	B5V	47 Lib	
6078	244.75167	-14.87250	5.94	+1.52	K4III		
6170	248.10708	60.82333	5.94	+0.02	A2V		
6251	253.50208	-57.90944	5.94	+1.59	M1III		
6275	254.11958	-52.28389	5.94	-0.08	B9V		
6444	259.59708	38.81139	5.94	+1.00	gG7		
6487	262.16125	-55.16972	5.94	+1.11	G8II-III		
6506	261.69250	34.69583	5.94	-0.01	A0V		
6562	264.40083	-15.57111	5.94	+0.37	F0IV		
6620	266.90333	-14.72583	5.94	+0.05	B9pHgMn		
6733	270.77083	-8.18028	5.94		F5V	69Tau Oph	
6957	277.98750	-1.00306	5.94	+0.16	A4III	61 Ser	
6988	279.47667	-21.39778	5.94	+0.19	A8IIIn		
7502	295.68583	32.42667	5.94	+0.11	A5III		
7537	297.55750	-47.55722	5.94	+1.70	M1III		
7830	307.47458	-18.58333	5.94	+0.08	A3Vn	12Omi Cap	
8046	315.61333	-38.53056	5.94	+1.11	K0IV		
8077	316.36125	5.95833	5.94	+0.54	F8V	4 Equ	
8209	321.44583	36.66750	5.94	-0.08	B0Ib	69 Cyg	
8314	326.13042	14.77194	5.94	+0.59	G0V		
8643	340.40042	41.54944	5.94		G9III		
8759	345.38208	-4.71139	5.94	+1.00	K0		
8825	347.61333	43.54417	5.94	+0.44	F5IV	6 And	
9027	357.56125	-9.97417	5.94	+1.13	K0IV		
347	17.64000	2.44556	5.95	+1.51	K4III	33 Cet	
791	41.20708	67.82472	5.95	+0.10	A5III		
862	43.39708	-22.37639	5.95	+1.04	K0III		
902	45.18375	10.87028	5.95	+1.59	K6		
906	47.92833	81.47056	5.95	+0.15	A7III-IV		
1284	62.25667	13.39833	5.95	+0.05	B9.5V		
1599	75.07625	39.39472	5.95	+0.41	F5V	5 Aur	
1988	86.64583	1.16806	5.95	+0.78	G4V		
2752	108.92958	-10.58389	5.95	+1.18	K0		
2860	111.92875	-22.85972	5.95	-0.09	B5V:		
3154	120.40583	-37.28361	5.95	+0.14	A3IV		
3178	121.17667	-50.59056	5.95	+1.21	G5II		
3284	125.84083	18.33222	5.95	+0.17	A9V	20 Cnc	
3333	127.15542	14.21083	5.95	+0.19	A5V	29 Cnc	
3522	133.14917	28.33083	5.95	+0.87	G8V	55Rho1Cnc	
3603	136.35042	48.53028	5.95	+0.45	F6II-III		
3639	137.66125	30.96306	5.95	+1.67	M6IIIase		
3915	148.42875	5.95833	5.95	+1.66	M2III		
4095	156.24750	-58.57639	5.95	+0.32	F2III		
4240	162.77250	-3.09250	5.95	+1.48	K2		
4306	165.90250	-0.00083	5.95	+1.22	K3III	62 Leo	
4446	173.19792	-7.82750	5.95	+1.38	K4III		
4456	173.67708	16.79694	5.95	-0.16	B4V	90 Leo	
4626	182.42208	1.89778	5.95	+1.12	K3III	10 Vir	
4722	186.29875	-11.61028	5.95	+0.03	A1V		
4771	187.98250	-63.50611	5.95	+0.27	A8III		
4845	191.24792	39.27889	5.95	+0.55	G0V	10 CVn	
5182	206.68042	25.70222	5.95	+0.49	G5III+A7V:	3 Boo	
5188	208.91125	-82.66611	5.95	+1.46	K2.5IIIaCH-3Ba0.5		
5388	216.00375	8.24361	5.95	+0.06	A3V		
5663	228.97417	-48.07417	5.95	+0.21	A3m		
5786	235.47750	-76.08194	5.95	-0.04	B9V		
5803	234.98542	-59.90833	5.95	+0.48	F6V		
6505	262.84583	-56.92056	5.95	-0.08	B7II-III		
6590	265.38458	6.31278	5.95	+1.26	G7III		
6667	268.14750	1.30500	5.95	+1.58	K5III		
6748	271.59875	-36.01972	5.95	+0.62	G5V		
6817	272.63167	54.28667	5.95	+0.94	K1III		
6823	273.80375	-20.38806	5.95	+0.02	O9.5II	16 Sgr	
6837	277.33125	-80.23278	5.95	+1.16	K2III		
6865	273.82083	68.75583	5.95	+1.06	gK1	37 Dra	
7540	296.95250	25.38389	5.95	+0.99	K0II-III		
7629	300.06625	-37.70222	5.95	+1.00	G8III		
7774	305.00083	13.54806	5.95	+0.31	A5-F2m		
7919	310.01292	43.45861	5.95	+1.19	K2III		
8168	318.92583	77.01222	5.95	+1.50	K5III		
8327	326.22208	62.46056	5.95	+0.31	O9Ib-II		
8380	330.76583	-76.11861	5.95	+0.39	F3III		
8461	332.96375	16.04056	5.95	+0.95	K1III		
8508	334.75333	-13.30500	5.95	+1.06	gG7	45 Aqr	
8563	337.44167	-27.10722	5.95	+0.33	F1V		
8654	341.02167	39.46556	5.95	+1.48	K5III+K2III		
8971	354.79333	75.29278	5.95	+0.13	A3V		
9005	356.65292	66.78222	5.95	-0.04	B2IV		
5	1.56667	58.43667	5.96	+0.67	G5V		
409	21.57750	43.45778	5.96	+0.49	F7V		
644	33.15625	24.16778	5.96	+1.37	K0		
986	49.44083	39.28333	5.96	+0.07	A2IV		
1064	51.40083	-69.33639	5.96	+0.42	F3-5IV		
1065	52.83667	27.57194	5.96		A2V		
1111	54.75458	-5.62611	5.96	+0.92	K1V	21 Eri	
1421	67.16250	-19.45833	5.96	+1.22	K1III		
1439	67.66792	-35.65361	5.96	+1.00	K0II		
1589	76.16583	74.06694	5.96		A1V		
1712	79.07583	34.31194	5.96	+0.22	O9.5V		
1747	79.71000	-18.13000	5.96	+0.58	G0V		
1924	84.82667	29.21528	5.96	+0.16	B2IV-V		
1933	84.65750	-6.57389	5.96	-0.23	B1.5IV		
2086	89.05958	-22.84028	5.96	+1.11	K0V		
2105	90.42958	48.95944	5.96	+1.45	K0		
2558	102.92625	-36.23028	5.96	+0.18	A3V		
2624	105.09875	-8.40694	5.96	-0.08	B9III		
2698	106.80542	-51.96778	5.96	+1.00	K0III		
2726	108.10708	-36.54444	5.96	-0.14	B3V		
2892	112.62875	-54.39944	5.96	+1.56	M1III		
3288	125.72500	-7.54333	5.96	+1.67	M1III		
3389	128.40958	-38.84889	5.96	-0.14	B5III		
3402	128.87000	-26.84361	5.96	+0.37	A1V+G-KIII		
3564	134.14208	-16.70944	5.96	+1.54	K0		
3645	138.96917	72.94611	5.96	+0.18	F0III		
4047	155.26417	68.74750	5.96	+0.20	A7Vn		
4056	154.61750	-41.66833	5.96	-0.06	B9V		
4485	174.45167	-67.62028	5.96	+1.02	K0III		
4497	175.17750	-53.96861	5.96	+1.66	M1III		
4581	179.82333	33.16750	5.96	+1.15	K1III		
4607	181.23792	-60.96917	5.96	+1.67	M2III		
4929	195.29000	17.12306	5.96	+0.96	K0III	38 Com	
5213	207.43958	61.48917	5.96	+0.96	G3V		
5619	226.63875	-30.91889	5.96	-0.08	A0pSi		
6207	251.16583	-53.15250	5.96	+1.26	G8III		
6257	253.42708	-43.05083	5.96	+1.73	M3II-III		
6398	258.89958	-38.59389	5.96	+0.58	F7V+G2V		
6419	258.92333	23.74278	5.96	+1.31	K2III		
6643	267.88667	-40.77250	5.96	+1.59	M2III		
6662	268.47875	-34.75250	5.96	-0.01	B9V+B9V		
6668	268.61333	-34.46639	5.96	-0.01	B9.5V		
6932	277.44500	-14.58167	5.96	-0.04	B9pSiCr		
7383	292.79542	-68.43389	5.96	+1.64	K4-5III		
7442	293.42333	49.26250	5.96	+1.64	M4.5IIIaS		
7503	295.45375	50.52528	5.96	+0.64	G1.5Vb	16 Cyg	
7654	299.61958	63.53417	5.96	+0.09	A3V		
7662	300.81833	18.50056	5.96	+1.42	K3II-III+G8IV		
7908	307.36458	81.09139	5.96	+0.92	K0III+F8V	74 Dra	
8023	314.14458	44.92500	5.96	+0.05	O6V((f))		
8108	318.32875	-36.42389	5.96	+0.98	K0III		
8149	319.71667	11.20333	5.96	+1.65	K5III		
8408	331.15333	-26.82250	5.96	-0.14	B4IVne		
8946	353.70583	-15.24583	5.96	+1.36	K0		
87	5.36917	-77.42694	5.97	+1.40	K3III		
273	14.62958	66.35222	5.97	-0.02	A0III		
397	20.85375	20.46889	5.97	+1.71	K5		
475	24.92000	16.40583	5.97	+1.12	K2III	105 Psc	
870	44.05750	8.38167	5.97	+0.48	F7IV		
1201	58.29167	17.32694	5.97	+0.34	F4V		
1514	71.68500	40.31278	5.97	+0.93	G9III		
1554	73.19625	27.89750	5.97	+0.37	F2IV		
1665	76.85417	-12.49056	5.97	+0.60	F7V		
2007	87.14542	-4.09472	5.97	+0.64	G4V		
2019	87.55458	4.42333	5.97	+1.36	gK2		
2039	88.03167	-9.04139	5.97	+0.10	A2Vnp		
2285	97.06083	70.53556	5.97		A4V		
2428	99.19458	-13.32083	5.97	+1.56	K5		
2449	99.94833	12.98306	5.97	+0.06	A2V		
2610	104.73750	3.60222	5.97	+1.06	G8III		
2647	105.82458	9.13833	5.97	+0.12	A3V s		
2767	108.83750	-52.49972	5.97	+1.10	K1III		
2833	111.46250	-5.77500	5.97	+0.92	G3Ib		
3293	125.30000	-57.97306	5.97	-0.09	B1.5III		
3346	126.46500	-64.60083	5.97	+0.96	G8-K0III		
3664	138.80958	34.63361	5.97	+0.86	G6III		
3676	139.38000	46.81722	5.97	+0.04	A1V		
3892	147.36708	-37.18639	5.97	+1.24	K1III		
4030	154.13458	23.50306	5.97	+0.67	G1.5IV-V	35 Leo	
4082	155.86042	-4.07417	5.97	-0.10	B9pSiCr:Sr:	25 Sex	
4206	160.46375	-79.78333	5.97	-0.07	B4IVe		
4691	185.04458	-22.17556	5.97	+0.82	G3IV		
5059	201.54750	-1.19250	5.97	+0.19	A7III		
5253	210.21750	-66.26861	5.97	+0.35	F2III		
5419	217.79500	-38.86972	5.97	+1.06	K1III		
5811	233.81792	53.92194	5.97	+1.18	gK4		
6014	242.29667	6.37889	5.97	+1.00	K1.5IV		
6311	255.15375	-35.93417	5.97	+1.16	K2IIICNII		
6366	257.19792	-30.40361	5.97	+0.25	A/FmDel Del		
6689	269.26792	0.06639	5.97	+0.10	A3V		
6736	270.96833	-24.36056	5.97	0.00	O4V((f))	9 Sgr	
7223	286.73167	-48.29917	5.97	-0.02	A0V		
7230	286.42167	-15.66028	5.97	-0.02	B9V		
7473	295.02958	-23.42861	5.97	+1.04	gK1		
7899	309.77083	15.83806	5.97	-0.14	B3V		
8051	315.30375	36.02611	5.97	+0.98	G5III		
8230	323.06083	-33.94472	5.97	+0.05	A2IV	6 PsA	
8239	321.20708	80.52472	5.97	+0.92	gG6		
8596	338.90208	-23.99111	5.97	+0.99	gK0		
8620	340.20375	-57.42222	5.97	+1.46	K4III		
8693	342.83708	-29.53611	5.97	+0.91	G8/K0III	21 PsA	
8764	345.68458	-20.87056	5.97	+0.94	K0III-IV		
8970	354.97958	9.67722	5.97	+0.20	A2IVm		
9025	357.41417	28.84250	5.97	+0.19	A2m	79 Peg	
9057	359.26500	42.65833	5.97	+0.69	F8III		
9060	359.33292	-62.95639	5.97	+0.11	A1IV		
102	6.81125	-25.54722	5.98	+1.03	G8III		
186	10.67417	-60.26250	5.98	+1.32	K5III		
275	14.55917	33.95083	5.98	+1.00	K0		
290	15.72625	41.34500	5.98	+0.16	A5m	39 And	
364	18.53167	16.13361	5.98	-0.08	B8III	87 Psc	
662	34.51875	57.51667	5.98	+1.05	G7III	7 Per	
796	40.39167	-14.54944	5.98	+0.43	F5III:		
948	47.66208	11.87250	5.98	-0.06	B8V		
1073	53.41250	54.97472	5.98	+0.11	A3V		
1385	66.23792	19.04167	5.98	+0.37	F4V		
2024	87.62500	2.02444	5.98	+0.91	G8III+A0IV		
2028	88.16708	33.91750	5.98	+1.60	M1.5II-III		
2110	90.29250	31.03472	5.98	+0.08	A2V		
2310	96.30458	7.08583	5.98	+1.22	F7Iab-K1Iab		
2322	95.90708	-52.18111	5.98	+1.04	G8III		
2651	105.96500	12.59444	5.98	+1.58	K5		
3236	125.16792	72.40722	5.98	+1.54	M0III		
3259	124.59958	-12.63194	5.98	+0.76	G7.5V		
3268	125.13375	24.02222	5.98	-0.03	B9.5V	19Lam Cnc	
3320	126.48167	-14.92972	5.98	+0.17	A5m		
3322	126.23833	-42.76944	5.98	-0.17	B3V		
3626	137.19708	26.62917	5.98	+0.66	G5IV-V	75 Cnc	
3835	144.36792	-36.09583	5.98	+1.12	K2III		
4001	152.65792	-41.71500	5.98	+1.24	K2-3III		
4458	173.62292	-32.83139	5.98	+0.81	K0V		
4508	175.86333	-37.19028	5.98	+1.46	K3III		
4822	190.31750	-13.01500	5.98	+0.42	F5V		
4879	192.98667	-39.68083	5.98	-0.10	B8V		
5118	204.27500	-44.14333	5.98	+0.94	G8-K0III		
5155	205.72917	-41.40111	5.98	+1.02	K0III		
5157	205.91667	-42.06750	5.98	-0.08	B8III		
5161	205.68083	34.98889	5.98	+0.85	G5III		
5203	205.59625	82.75250	5.98	+1.01	G9III		
5343	214.01750	18.91194	5.98	+0.26	A8III		
5636	227.53125	-38.79250	5.98		G8III		
5731	230.65542	62.04722	5.98	-0.03	A0pSi		
6088	243.63958	73.39500	5.98	+0.08	A3V		
6267	250.77500	77.51417	5.98	+0.42	F4V		
6344	256.58458	-37.22750	5.98	+0.07	A2IV		
6495	261.47667	16.91750	5.98	+1.62	M4IIIab		
6655	267.70167	22.31639	5.98		A9V		
7283	287.94167	31.28333	5.98	-0.07	B9pSi	19 Lyr	
7456	294.21875	11.27333	5.98	+0.88	G0Ib		
7973	312.40750	12.54528	5.98	+0.43	F5V	15 Del	
8150	319.30958	55.79806	5.98	+1.45	K3III		
8555	336.94250	31.84028	5.98	+1.45	K2		
8635	340.65375	-47.21056	5.98	+0.58	G0V		
8915	351.91833	25.16722	5.98	-0.06	A0pHgMn	69 Peg	
8972	354.83792	74.00278	5.98	+0.89	G8III		
16	2.07250	-8.82389	5.99	+1.04	gG8		
216	11.84833	6.74083	5.99	+0.94	G8III	60 Psc	
298	16.01000	52.50222	5.99	+1.47	K2		
485	25.41333	30.04722	5.99	+1.01	K0III		
1060	52.41292	-6.80500	5.99	+1.02	G5		
1081	52.65417	-47.37528	5.99	+0.11	A1V		
1375	65.88500	20.98222	5.99	+0.03	B8IV-V		
1489	70.45958	38.28028	5.99	+0.57	G0V		
1574	73.71125	0.46750	5.99	-0.12	B5V		
1758	79.84875	-27.36889	5.99	-0.04	A0V		
2075	89.11667	9.50972	5.99	-0.07	A0IV		
2234	93.87375	-4.91528	5.99	+0.09	A5IV s		
2243	93.82292	-18.47667	5.99	+1.06	K0		
2801	110.51458	0.17722	5.99	-0.07	B8III		
3053	117.98625	19.32528	5.99	+1.13	gK1		
3104	119.63125	16.51861	5.99	+1.47	K0		
3134	120.37625	16.45528	5.99	-0.02	B9.5Vn	5 Cnc	
3137	119.75750	-45.21611	5.99	-0.14	B4V		
3169	121.57667	22.63556	5.99	+1.66	M3III	9Mu 1Cnc	
3363	127.44000	-46.33194	5.99	-0.15	B5III		
3395	128.96250	6.62000	5.99	+0.52	F8V		
3509	133.04833	45.31250	5.99	+1.26	K0III		
3511	133.04167	42.00250	5.99	+1.25	K0III		
3742	141.02375	-61.64889	5.99	+1.06	K0III		
4262	163.42500	-70.72028	5.99	-0.02	B6V		
4384	169.81875	-64.58250	5.99	+0.46	F6IV		
4925	195.14958	-3.36861	5.99	+1.12	K2III	46 Vir	
4944	196.85083	-59.86056	5.99	+0.48	F8-G2+B9IV		
4946	196.58833	21.15333	5.99	+0.39	F4V	39 Com	
5262	210.33500	8.89472	5.99	+0.09	A2V		
5674	228.52542	31.78806	5.99	+1.52	K5		
6222	250.96542	34.03889	5.99	+0.29	F2-3III-IV		
6365	257.06208	-17.60917	5.99	+1.01	K0III		
6404	258.83458	-14.58389	5.99	+1.10	K1III		
6607	265.34083	51.81806	5.99	+1.05	gK0		
6726	270.15167	33.21389	5.99	+1.51	gK6		
6852	274.53208	18.13139	5.99	+0.03	B9V		
6867	274.96708	29.66611	5.99	+1.29	gK4		
7075	281.07583	61.04806	5.99	+0.96	G7IV		
7083	282.42083	-5.91278	5.99	+1.60	K2Ib		
7690	302.00750	-0.67833	5.99	+1.02	K1IV	64 Aql	
7918	310.31750	14.58306	5.99	+1.24	gK4	10 Del	
7982	312.85708	-5.62639	5.99	+0.46	F5V+F7V	4 Aqr	
8038	315.01625	7.51639	5.99	+0.26	F1Vp		
8175	320.73458	-9.31944	5.99	+1.54	M0III	17 Aqr	
8302	326.00417	-14.74944	5.99	+0.21	F0V	45 Cap	
8799	346.86958	21.13417	5.99	+0.26	A5V		
307	16.21917	5.65639	6.00	+1.51	gK5	73 Psc	
586	30.71958	64.90139	6.00	+0.03	A1Vn	52 Cas	
732	37.68833	0.25528	6.00	+0.17	A7III-IV s		
1217	58.81792	-12.09917	6.00	+0.32	A5pSrCrEu		
1345	64.56625	-20.71556	6.00	+1.67	G8III		
1824	82.70250	41.46194	6.00	+1.11	K0IIIp		
1940	84.88000	-3.56472	6.00	+0.27	A8V s		
1985	86.68958	15.82250	6.00	-0.06	B8IIIpHgMn:	129 Tau	
2057	88.68375	0.96833	6.00	+1.34	K0III		
2262	94.14833	-39.26444	6.00	+0.16	A2Vm:		
2287	95.65208	12.57000	6.00		F0III		
2600	104.76167	38.05222	6.00	+1.23	K2III	62 Aur	
2968	114.99167	-37.57944	6.00	-0.04	B6IVe		
3342	127.21208	-9.74833	6.00	+0.42	F2III		
3525	132.58750	-42.09000	6.00	-0.10	B1-2III		
3538	133.57458	-5.43444	6.00	+0.67	G2V		
3656	137.92083	-39.25889	6.00	-0.11	B6V		
3868	145.44917	-55.21417	6.00	-0.13	B4V		
4046	154.86167	48.39694	6.00	+1.02	K0		
4052	155.13000	54.21694	6.00	+1.13	gK3		
4055	154.82000	-12.52806	6.00	+0.26	A9V		
4144	158.19833	-58.66694	6.00	+0.32	A2Iab		
4195	161.26667	67.41139	6.00	+2.39	C5II		
4228	162.02250	-59.91917	6.00	+0.27	A0Ia-Iab		
4278	164.88667	36.09306	6.00	+1.59	M2III		
4309	166.13000	38.24139	6.00	+0.16	A3III-IV	51 UMa	
4639	182.75000	81.71000	6.00	+1.62	gK5		
4736	186.85250	-63.78917	6.00	+0.07	B8IV		
4809	189.68583	-18.25028	6.00	+0.29	dA6		
4834	190.78792	-56.17611	6.00	-0.08	B7-8V		
4901	193.57792	-11.64861	6.00	+0.08	A2V		
4934	195.44500	63.61028	6.00	+0.41	F6V		
5134	204.99875	-49.95028	6.00	+1.50	M5III		
5151	205.73375	-56.76806	6.00	-0.08	B0.5III		
5236	209.13750	-54.70444	6.00	+0.78	G6IV-V		
5254	209.66625	14.64944	6.00	+1.44	K5III		
5296	212.39583	-51.50472	6.00	-0.06	B9IV		
5380	215.95167	-53.17667	6.00	+1.10	K1III		
5833	234.84250	36.63667	6.00		B9V	7Zet1CrB	
5874	237.05542	13.78861	6.00	+1.25	gK2		
6286	253.32333	47.41694	6.00	+1.32	K2III		
6300	255.11292	-48.64778	6.00	+0.88	G8-K0III+G		
6432	259.52083	17.31806	6.00	+0.01	A1V		
6494	261.90625	-29.72444	6.00	0.00	B9IV		
6711	269.67625	36.28778	6.00	+0.94	gG5		
6739	271.21000	-35.90139	6.00	+1.16	K2III		
6840	274.22125	-3.00722	6.00	+0.89	G3III		
7028	279.97000	52.19611	6.00	-0.07	A0p:Hg:		
7299	288.76083	20.20333	6.00	+0.88	G8III		
7322	289.21417	46.99917	6.00	+0.44	F6IV:		
7863	310.51208	-76.18056	6.00	+0.44	F4III-IV	Mu 1Oct	
8145	320.03958	-45.02222	6.00	+2.33	C5II		
8318	326.56792	-9.27583	6.00	+1.66	M3III	47 Cap	
8385	330.03292	6.71750	6.00	-0.12	B3III	18 Peg	
8957	354.60042	-76.87000	6.00	+0.90	K0-2III		
9052	358.89042	57.41222	6.00	+0.21	B0.5II+B0.5II		
9053	358.89000	47.35583	6.00	+1.16	G8Ib		
20	2.33417	79.71472	6.01	+0.19	A7IV		
171	9.96667	-44.79667	6.01	+1.14	K1IIICNII		
460	23.81333	-58.13944	6.01	+0.38	F2V		
560	28.97417	1.84972	6.01	+0.56	F7V+G0V		
638	32.84250	-10.05222	6.01	+0.39	F5V		
805	40.52750	-38.38389	6.01	+0.92	G8III		
1114	54.69875	-27.94306	6.01	-0.02	A0V	Tau For	
1279	61.92500	15.16278	6.01	+0.40	F3V		
1374	65.38042	-25.72833	6.01	+0.35	F0IV-V		
1446	68.45042	9.41306	6.01	+1.06	G8III		
1517	71.57000	18.73500	6.01	+1.21	K4III		
1670	77.43792	28.03056	6.01	+0.27	A5m		
2542	103.26417	35.78861	6.01	+1.45	K3III:		
2730	108.34958	-22.67333	6.01	+1.48	K2III		
2800	110.22917	-26.96361	6.01	-0.17	B2.5V		
2958	115.14792	-8.18583	6.01	+0.15	A3IV		
3109	120.42667	60.32444	6.01	+0.14	A2pSrCrEu	53 Cam	
3222	123.24917	16.51417	6.01	+0.89	G8III		
3295	126.15167	-4.71694	6.01	+0.46	F2V		
3316	126.32958	-21.04583	6.01	+0.40	F3V		
3640	137.58708	21.99639	6.01	+0.90	G5III	79 Cnc	
3741	141.59292	-1.46389	6.01	+1.32	K2IIIb		
3899	147.80833	-4.24333	6.01	+0.17	A8III	6 Sex	
4115	156.85542	-65.70472	6.01	+0.09	A2V		
4633	182.69208	27.28139	6.01	+0.11	A4Vn		
4927	194.69708	75.47250	6.01	+0.99	K0III		
5094	203.01167	-18.72889	6.01	+0.18	F0IV-V	73 Vir	
5124	204.70458	-57.62306	6.01	+1.14	G5Ib		
5205	207.60292	5.49722	6.01	+0.90	K0		
5433	218.08417	26.67722	6.01	+0.22	A7Vn		
5553	223.34875	19.15278	6.01	+0.83	K2V		
5628	228.14083	-72.77028	6.01	0.00	B8-9III		
5732	231.02125	45.27111	6.01	+1.20	K2III		
5840	235.24667	16.02472	6.01	+0.90	G8III	19Tau6Ser	
5864	236.87083	-37.91639	6.01	+0.72	G6V		
5882	237.88125	-47.06056	6.01	+1.16	K2III		
5970	240.89292	-32.00056	6.01	+0.47	F4IV		
6349	256.32042	0.70250	6.01	+0.58	F8.5IV-V		
6389	258.24458	-32.43861	6.01	+0.07	B1II		
6586	266.23250	-57.54528	6.01	+0.90	G8III		
6692	269.66292	-28.75917	6.01	-0.08	B3IV		
6834	274.02333	2.37778	6.01	+1.59	M4IIIab		
7043	280.90042	36.55667	6.01	+1.04	G8		
7130	285.01458	-66.65333	6.01	+0.97	K0III		
7204	285.23000	33.80222	6.01	+0.97	gK0		
7486	295.27292	13.81556	6.01	-0.08	B5V		
7643	300.34958	-22.73722	6.01	+0.97	G7V		
7726	303.13250	51.46361	6.01	+1.14	K2.5III		
7925	310.07458	60.50528	6.01	+0.46	F6IV		
8024	314.67458	-14.48278	6.01	+0.23	F0IV		
8286	326.37000	-71.00889	6.01	-0.10	B8IV		
8381	330.10042	-55.88278	6.01	-0.10	B9IV-V		
8453	332.64083	-4.26722	6.01	+0.98	K0III-IV		
8707	343.26583	60.10111	6.01	+1.75	sgK2		
9105	1.15292	42.09222	6.01		B9III		
190	10.95917	-12.01167	6.02	+1.10	K2III-IV		
371	19.07833	33.11472	6.02	+1.15	K1III		
432	22.47042	18.35556	6.02	+0.14	A4IV	97 Psc	
561	29.63875	61.69806	6.02	-0.04	B5III		
633	32.80000	25.93694	6.02	+1.36	gK4	16 Ari	
865	44.13917	47.16389	6.02	+1.34	gK3		
946	47.61250	26.89639	6.02	+1.28	K3III		
1170	57.28417	43.96306	6.02	+0.29	A9IV		
1432	67.96583	15.85167	6.02	+0.34	F4V	85 Tau	
1459	69.12167	23.34083	6.02	+0.38	F5IV		
1669	77.57875	37.30194	6.02	+0.72	K3:+B2II:		
1967	85.72417	-6.79611	6.02	+0.40	F3V		
2074	89.23375	24.24972	6.02	+0.39	A0Ia		
2659	106.32667	22.63722	6.02	-0.03	B8Vn	44 Gem	
2661	105.27125	-58.94000	6.02	+0.30	A8III		
2754	108.00833	-63.19000	6.02	-0.02	A0IV-V		
2810	110.86750	22.94528	6.02	-0.01	A1V	58 Gem	
2950	115.02917	5.23083	6.02	-0.04	A0III		
2962	115.68125	34.00028	6.02		F7V		
3028	117.77375	54.12917	6.02	+0.46	F6V		
3101	118.94375	-43.84500	6.02	-0.11	B6V		
3115	119.89625	13.24222	6.02	+1.32	K2		
3148	120.06208	-48.98139	6.02	+0.04	A2V		
3209	123.05292	17.64778	6.02	+0.54	F9V	16Zet1Cnc	
3287	126.17833	42.00500	6.02	+1.59	K5III		
3691	138.82292	-58.38861	6.02	-0.10	B7IV		
3882	146.88958	11.42889	6.02	+1.30	M8IIIe		
3906	148.05083	2.45417	6.02	-0.04	A0V s	7 Sex	
4012	153.62375	21.16778	6.02	+0.56	F9V		
4096	156.86667	41.60083	6.02	+0.17	A2V		
4184	160.54708	31.69694	6.02	+1.62	M4III		
4285	165.08583	42.91139	6.02	+0.57	F9V		
4323	166.62208	-58.67528	6.02	+1.24	K2II-III		
4391	170.71375	64.33056	6.02	+0.09	A1Vnp		
4512	176.05500	25.21833	6.02	+1.53	K5III		
4755	187.49125	-41.73611	6.02	+1.52	M2II-III		
4878	192.90375	3.05667	6.02	+1.29	gK4	37 Vir	
4922	195.13583	-33.50528	6.02	+0.38	F0V		
4964	197.41125	37.42306	6.02	+1.15	K3III		
5025	199.76750	35.12806	6.02	+0.24	F0IV		
5027	200.20125	-55.80056	6.02	+0.29	B0.5Ia		
5169	205.97792	52.06444	6.02	0.00	A1V		
5279	212.11292	-74.85028	6.02	+0.58	G2-3IV		
5377	215.83458	-50.77222	6.02	+1.36	K2III		
5424	217.68917	4.77222	6.02	+1.42	gK4		
5456	219.58167	-38.79417	6.02	+1.43	K3III		
5633	226.83500	18.44167	6.02	+0.06	A3V		
5745	231.91208	25.10167	6.02	+1.62	gM1		
6218	251.25083	-28.50972	6.02	+0.09	A3IV		
6253	253.85292	-63.26972	6.02	+0.05	A0III		
6435	259.97208	-17.75639	6.02	+0.04	A2Vnn		
6501	262.23375	-36.77833	6.02	+1.11	K0III		
6570	264.15292	30.78528	6.02	+0.16	A5V		
6702	269.20167	45.35083	6.02	+1.64	M5IIbS		
7052	281.08458	39.67111	6.02		F1V	4Eps1Lyr	
7140	283.71875	33.96861	6.02	+0.91	G8III+A2		
7332	289.97083	11.53500	6.02	+0.08	A2V	29Ome2Aql	
7620	299.18417	36.25083	6.02	-0.15	B5IV		
8237	322.58500	52.95806	6.02	+0.08	A2Vp		
8798	346.86542	32.82583	6.02	+0.12	A4Vn		
8864	349.59750	41.77361	6.02		A7/8Vm	9 And	
8929	352.86250	-44.84361	6.02	+1.02	K1III		
367	18.67667	6.99528	6.03	+1.08	gG6	88 Psc	
816	41.33708	4.71167	6.03	+0.31	gF0		
866	43.08000	-62.90972	6.03	+1.25	K1III		
1048	52.11083	22.80417	6.03	+0.95	K0IV	66 Ari	
1281	63.43708	72.12639	6.03	+1.01	K1III		
1534	72.18583	3.58833	6.03	+1.19	K1III		
1593	75.39958	61.07806	6.03	+0.41	F4V		
1631	75.39375	-39.71806	6.03	+0.88	G5III		
1859	81.75000	-68.62278	6.03	+0.34	F0IV-V		
2001	86.86125	-10.53306	6.03	+0.16	A4V		
2378	98.09708	11.67361	6.03	+1.07	K0III		
2438	99.88792	28.26306	6.03	-0.08	B7III	54 Aur	
2448	99.64750	-16.87361	6.03	+0.03	A1V s		
2699	107.38833	-16.23472	6.03	+0.06	B1II		
2739	108.61750	-10.31667	6.03	-0.18	B0III		
3020	116.32542	-43.75222	6.03	-0.07	B6IV		
3040	117.75958	33.23361	6.03	+0.15	A2Vm		
3234	123.12875	-46.26417	6.03	-0.11	B5V		
3380	128.55542	8.45194	6.03	+0.33	F3IV		
3549	133.26583	-56.64944	6.03	-0.02	A0V		
4156	159.06958	-16.34444	6.03	+1.65	M1III	Phi2Hya	
4264	164.06042	42.00833	6.03	+1.13	K2III		
4725	186.31292	23.92611	6.03	+1.10	K0III		
4827	190.45500	-19.75861	6.03	+0.39	F3-5III		
4930	195.77167	-71.47611	6.03	+0.05	B1.5IIIne		
5448	218.66042	36.62583	6.03	+1.38	gK5		
5918	239.02708	-39.86417	6.03	+0.15	B6V		
5965	240.66417	-29.13583	6.03	+1.31	K3III		
6182	250.84208	-67.43250	6.03	+0.02	A0Vn		
6224	251.37375	1.02028	6.03	-0.02	B9.5III	16 Oph	
6235	252.11250	-14.90944	6.03	+0.20	A0Vn		
6330	254.83958	56.68861	6.03	+1.16	gK1		
6513	262.95458	-46.03639	6.03	+0.83	F8-G0Ib		
6584	264.98958	31.20250	6.03	+1.58	M2IIIab		
6653	268.24125	-35.62417	6.03	+0.34	F2III-IV		
7239	286.71792	-16.22889	6.03	-0.04	B8IV		
8086	316.73042	38.74333	6.03	+1.37	K7V	61 Cyg	
8218	321.68750	52.89861	6.03	-0.12	B6V		
8462	333.10750	-14.19389	6.03	+0.38	F2V	39 Aqr	
8626	339.89292	37.59278	6.03	+0.86	G3Ib-IICN-1CH2Fe-1		
9046	358.66083	-40.30000	6.03	+0.57	F8IV		
107	7.08375	10.18972	6.04	+0.43	F6Va vw		
178	10.40000	24.62917	6.04	+0.26	A7m		
283	15.01500	44.71333	6.04	-0.01	B9.5Vn		
301	15.95417	1.36667	6.04	+0.27	F1V	26 Cet	
572	30.73833	77.91639	6.04	+1.14	K0		
741	38.22542	15.03472	6.04	+0.54	F8V	29 Ari	
857	43.13375	-12.76944	6.04	+0.87	K2V		
876	44.50958	38.61500	6.04	+1.41	gK3		
1028	51.04208	12.62944	6.04	+1.23	K0III-IV		
1624	76.62375	61.17000	6.04	+1.37	K5II		
1938	85.14958	31.35806	6.04	+0.04	B9.5III-IVp:		
2188	93.43875	51.17250	6.04	+1.06	K1III		
2191	92.86625	13.63861	6.04	0.00	A0Vnn		
2436	99.77208	22.03083	6.04	+1.03	G9III		
2444	99.25792	-38.14667	6.04	+1.03	K0III		
2576	103.39125	-28.53972	6.04	+0.71	G5IV		
2582	103.74500	-2.80361	6.04	+1.10	gG6		
3030	117.25833	13.37083	6.04	+1.38	K0		
3078	117.91792	-42.88833	6.04	-0.18	B2IV		
3688	139.01750	-44.89861	6.04	+0.28	A1Ib		
3938	149.53167	8.31417	6.04	+1.36	gK3		
4006	153.45750	27.13583	6.04	+0.85	G3IIIFe-1		
4101	156.91250	9.76250	6.04	-0.06	A0pSiCr:	45 Leo	
4172	159.71000	-12.44361	6.04	0.00	A0Vn		
4230	162.47375	27.97389	6.04	+0.37	F3V	44 LMi	
4535	177.31208	16.24278	6.04	+0.27	A3m		
4744	187.07875	-64.34139	6.04	+0.02	A0Vn		
5012	199.82875	-72.03556	6.04	+1.35	K3III		
5220	208.07667	12.16528	6.04	+0.04	A1V		
5228	208.56917	-28.56972	6.04	+1.13	K2III		
5443	219.44292	-67.93222	6.04	+0.50	F7V		
5519	222.15875	-36.63472	6.04	+1.54	M3III		
5668	229.04375	-43.48472	6.04	-0.14	B3IV		
5807	234.67625	-39.12806	6.04	+0.21	A3-5mA3-F2		
5832	235.65500	-49.48944	6.04	+1.31	K2III		
6139	255.24375	-86.36444	6.04	+0.05	A2V		
6351	255.97292	34.79028	6.04	+0.22	A5V		
6399	257.91750	49.74667	6.04		A5III		
6673	268.01958	39.98222	6.04	+1.33	gK4		
6809	270.01417	80.00083	6.04	+0.51	F7	40 Dra	
6826	273.27000	38.77361	6.04	-0.08	B9IIIn		
6931	277.76250	-41.91361	6.04	+0.14	A3V		
7009	279.52708	39.66806	6.04	+1.65	M4.5-M5+II		
7015	281.29792	-61.09500	6.04	+1.46	K3III		
7240	286.87875	-28.63694	6.04	+1.61	K3III		
7355	291.12542	-27.86556	6.04	-0.13	B2Vn		
7541	297.25917	-10.87083	6.04	+1.24	K5III		
7979	312.99500	-33.17722	6.04	+0.03	A2Vn	Bet Mic	
8122	318.77750	-17.34500	6.04	+0.96	G5		
8169	320.34167	32.61278	6.04	+0.03	A1V		
8526	336.46250	-75.01556	6.04	+0.64	G3V		
8532	335.91500	20.84833	6.04		F7V	33 Peg	
8537	335.75083	62.42000	6.04	+0.05	A1V		
8700	343.40792	-48.59806	6.04	+0.62	G0V	Tau1Gru	
69	4.57167	11.20583	6.05	+1.03	K0III		
205	11.54542	44.86139	6.05	-0.07	B9.5IIIpHgMnCr		
597	32.35542	81.29583	6.05	+0.11	A1V		
795	40.45125	-3.21333	6.05	+1.17	gG9		
923	46.33667	40.58250	6.05	+1.01	K0III		
926	46.15875	1.86361	6.05	+1.04	K0III		
955	47.82833	-3.81167	6.05	+1.66	M1III		
1014	49.49583	-66.92694	6.05	+0.13	A3V		
1245	59.67875	-57.10250	6.05	+0.44	F2IV		
1526	71.48083	-39.35667	6.05	+1.07	K1III		
1531	69.59042	-77.65611	6.05	+1.10	K2III		
1646	76.22708	-3.03972	6.05	-0.11	B5IV		
1661	76.65292	-13.12194	6.05	-0.06	A0V		
1727	78.47208	-52.03111	6.05	+1.39	K3III		
1918	84.36417	-5.93833	6.05	-0.22	B1V		
1941	85.75667	56.58167	6.05	+0.95	K0III	24 Cam	
1991	83.90125	-78.82083	6.05	-0.02	B8III	Iot Men	
2111	90.25167	27.57222	6.05	+0.25	B9Iab		
2112	90.70292	49.90556	6.05	-0.06	B9.5IV		
2129	90.30458	-25.41778	6.05	+0.02	A1V		
2455	99.90125	-23.69556	6.05	-0.03	A0		
2495	101.34708	-23.46194	6.05	+1.20	K0		
2561	104.30500	57.56333	6.05	+1.49	K3III		
2813	110.08917	-52.31167	6.05	+0.42	F0-2IV-V		
2839	111.33292	-21.98278	6.05	+0.23	A8I-II:		
2868	112.34125	-14.99917	6.05	+0.47	F7V		
3097	119.31625	8.64139	6.05	+1.00	K0III		
3269	124.95792	3.94778	6.05	+0.97	G8III		
3341	126.60500	-52.80750	6.05	+0.06	A0V		
3495	131.12500	-65.82556	6.05	+0.20	A4V		
3524	130.80167	-79.06972	6.05	+0.23	A5V+A7V		
3716	140.12333	-37.58139	6.05	+1.39	K3/4III		
3761	141.68417	-64.92972	6.05	+0.15	A3Vn		
3943	149.42708	-48.41444	6.05	-0.14	B3V		
4109	157.18333	-3.74250	6.05	+0.05	A1pSr:		
4130	157.95250	-28.23750	6.05	+0.51	F7V		
4394	170.82500	0.13167	6.05	+1.46	K3		
4451	173.31083	-16.28056	6.05	+0.60	F9III		
4582	179.79542	-51.69667	6.05	+1.28	K1-2III		
4595	180.58375	-85.63167	6.05	+1.29	K3III		
4670	184.26375	-16.69361	6.05	+0.10	A2IV		
4770	187.83917	7.60417	6.05	+1.52	K5		
5030	200.71917	-72.14667	6.05	+0.09	B6V		
5147	205.44042	-33.59694	6.05	+1.44	K0e-M4IIe		
5178	206.80625	-9.70917	6.05	+1.42	K5III		
5293	212.62875	-70.30556	6.05	+1.74	K4II		
5964	239.76833	49.88111	6.05	+0.29	F0IV		
6054	243.72333	-25.47694	6.05	+0.04	B7IV		
6087	245.01792	21.13250	6.05	+0.94	G8IIIb		
6210	250.94833	-38.15667	6.05	-0.06	B9II-III		
6230	251.29875	43.21722	6.05	+1.40	K4III		
6520	262.93500	-26.26972	6.05	-0.06	B9p		
7203	285.76583	-19.24528	6.05	+1.29	G6III		
7415	292.63792	3.44444	6.05	+0.01	A0eShell		
7423	290.41750	79.60278	6.05	+0.07	A3V		
7457	293.95125	36.94444	6.05	-0.11	B8Vne	11 Cyg	
7505	295.78958	30.67861	6.05	0.00	A1V		
7512	295.96417	34.16250	6.05	-0.06	B8III		
7524	297.75542	-65.60500	6.05	+0.30	F2III-IV		
7538	297.29833	-28.78889	6.05	+0.40	F2V		
8010	313.91958	4.53278	6.05	+0.82	G6III-IV		
8017	314.29417	0.46361	6.05	+1.22	K2III		
8043	313.68458	75.92556	6.05	+0.93	G5III		
8045	315.43875	-26.88111	6.05	+0.06	A7V:m:		
8120	318.35958	36.63361	6.05	+0.21	F0III		
8182	320.67458	30.30972	6.05	+1.08	K1III		
8701	343.66417	-70.07361	6.05	+0.66	G2-3IV	Rho Ind	
8877	350.20833	-50.30667	6.05	+0.42	F5mDel Del		
8927	352.66542	38.66194	6.05	+0.99	G9III		
18	2.13917	-17.57750	6.06	+1.67	M0III		
106	7.05292	16.44500	6.06	+1.58	K5III	48 Psc	
148	8.88917	-54.82194	6.06	+1.01	K0IV		
151	9.02875	-22.84250	6.06	+0.29	A6pSr		
185	10.67875	-38.46333	6.06	-0.03	A0V	Lam1Scl	
249	13.36750	37.41806	6.06	+1.14	gK3		
344	17.54792	15.67417	6.06	+1.49	M0III		
550	26.94375	-80.17667	6.06	+0.34	F0IV	Tau2Hyi	
571	28.94333	-60.86139	6.06	+0.37	F0IV-V		
647	33.51083	47.48417	6.06	+0.40	F4V		
978	49.14625	32.18361	6.06	+0.99	G8IV		
1127	56.02667	48.52361	6.06	+1.55	K4III		
1221	59.26583	23.17556	6.06	+0.02	B9.5IV	33 Tau	
1397	66.58792	8.59028	6.06	+0.02	B6IV		
1447	68.34167	-10.78583	6.06	+1.38	K0		
1491	72.20958	75.94111	6.06	+0.28	A9IV		
1572	75.58375	74.26917	6.06	+1.57	K5III		
2030	88.09750	19.86806	6.06	+0.54	G2IIIe+B8III		
2268	94.70333	-15.02472	6.06	+1.66	M0III		
2304	96.38708	23.32694	6.06	-0.03	A2Vn		
2422	99.35042	6.13528	6.06	+0.05	O8p		
2929	115.20625	57.08278	6.06	+1.46	K5III	23 Lyn	
2971	114.75167	-53.27333	6.06	-0.11	B9IV-Vp:Si:		
3239	123.54583	-32.14083	6.06	-0.16	B1.5V		
3292	126.27042	35.01139	6.06	+1.27	K0		
3737	141.06792	-39.42583	6.06	+0.20	A7V:		
3895	147.16667	-56.41194	6.06	+0.94	K0III		
4330	167.41625	67.21028	6.06	+0.22	F0pSr		
4379	169.32917	-67.82361	6.06	+1.76	M2III		
4556	178.54792	-57.41000	6.06	+0.05	A0-1:III		
4615	181.59625	-65.70917	6.06	+0.65	G8-K0III+A3-5V		
4631	182.64083	-37.87028	6.06	+0.20	A5V		
4669	184.27500	-65.69278	6.06	+0.03	A0V		
4715	185.94583	42.54278	6.06	+0.33	F3III-IV	4 CVn	
4965	197.74333	-52.56694	6.06	-0.09	ApSi		
5211	207.95875	-32.99472	6.06	-0.04	B8V	3 Cen	
5295	212.75792	-69.71972	6.06	+0.18	A6IV		
5422	217.45708	31.79111	6.06	-0.03	A0V s		
5513	221.80708	-21.32472	6.06	+1.65	K5III		
5562	224.12875	-32.63667	6.06	+1.41	K3III		
6120	247.43750	-57.75583	6.06	+1.48	G8Ib		
6208	250.25250	24.85861	6.06	+1.31	K2		
6323	255.92375	-47.16000	6.06		A2-3V		
6367	257.05667	-1.07944	6.06	+0.08	A1V+F3V		
6497	261.57917	7.59556	6.06	+0.58	B9.5V+G0V		
6651	268.20500	-34.11417	6.06	+1.23	K1III		
6671	268.78292	-36.47583	6.06	+0.08	B9.5III		
6821	274.25375	-51.06833	6.06	-0.06	B9V		
7013	279.05542	65.48861	6.06	+0.28	F0V		
7027	282.43125	-72.99472	6.06	0.00	B9.5IV-V		
7081	281.98958	31.75694	6.06	-0.13	B3IVp		
7238	286.24292	30.73333	6.06	+1.55	M2.5IIIab		
7317	289.75042	-15.53639	6.06	+1.43	K3III		
7359	290.63917	33.51806	6.06	+1.03	K0III		
7568	297.69583	37.82639	6.06	+1.70	M4IIb		
7611	298.39750	59.70889	6.06	+0.02	A3V		
7768	304.93042	-1.07861	6.06	+1.09	K0		
7911	309.88875	40.57944	6.06	-0.16	B6IIIpMn		
8683	342.18417	62.93833	6.06	+1.20	K0		
8942	353.48125	20.84083	6.06	+1.73	M3III		
14	2.05042	-2.44778	6.07	+1.38	K2III+F		
94	6.12375	-2.21917	6.07	+1.22	K1III		
199	11.13458	-62.49778	6.07	+0.44	F5III-IV		
237	12.81833	61.80583	6.07	+1.88	K2Ib-IICN-2		
386	20.94500	78.72583	6.07	+0.39	A0Iab		
640	33.62125	66.52444	6.07	+0.63	G0II-III+B9V	55 Cas	
725	37.39708	9.56583	6.07	+1.02	K2III		
966	48.73625	42.50389	6.07	+1.07	K2III		
1185	57.47917	22.24444	6.07	-0.01	B8III		
1353	64.65583	-22.97028	6.07	+0.30	Am		
1557	72.56750	-41.32083	6.07	+0.37	F2-3V		
1573	74.08292	36.16889	6.07	+0.41	B2Ib		
1823	81.90208	-21.37556	6.07	+1.04	gG7		
1997	87.09333	20.86944	6.07	-0.08	B9Vn		
2231	93.91708	6.06611	6.07	-0.13	B6Ve		
2254	94.26458	-22.71500	6.07	+0.56	G0V		
2349	96.79667	-25.85667	6.07	+0.53	F9V		
3010	116.37125	-14.69083	6.07	+0.11	A2V	2 Pup	
3201	122.81917	9.82111	6.07	-0.10	B6III		
3589	135.45375	27.90278	6.07		A8Vn	67 Cnc	
3590	135.38083	5.64083	6.07	+1.11	K1II-III+F3IV		
3593	135.09250	-43.17333	6.07	-0.16	B2.5Vn		
4077	155.75167	6.54250	6.07	+1.12	K3III	43 Leo	
4186	159.81917	-74.49361	6.07	+1.71	K3II		
4298	165.17000	-31.83944	6.07	+0.52	F8V		
4510	175.97958	-6.67722	6.07	+0.96	gG8		
4833	190.39125	62.71306	6.07	+0.01	A2III	76 UMa	
4855	191.80667	11.95806	6.07	+0.12	A3V	34 Vir	
5000	199.18667	-65.13833	6.07	+0.44	F5V		
5052	200.97500	37.03389	6.07	+1.68	M3III		
5389	217.40333	-76.72917	6.07	+1.18	K0-1III		
5457	219.79583	-46.58417	6.07	+0.51	F7V		
5496	221.29875	-1.41778	6.07	+1.61	M1III		
5498	221.80125	-52.20556	6.07	+0.09	A1III-IV		
5796	233.97250	11.26556	6.07	+1.09	gK0		
5865	237.20958	-52.43806	6.07	+1.38	K2-3III		
6124	246.70875	2.34750	6.07	+0.92	G8III		
6635	269.42417	-76.17750	6.07	+1.20	K2III		
6778	272.76875	-47.51306	6.07	+1.20	K1IIICNII		
6825	273.87833	-18.66139	6.07	+0.20	A0Ia		
6925	276.95958	3.74861	6.07	+1.62	K3III		
7073	281.55417	41.44167	6.07	-0.13	B6V		
7260	286.98875	16.85333	6.07	+0.70	G5V		
7450	292.75083	70.98944	6.07	+1.41	K2		
7644	301.38667	-67.32083	6.07	+0.64	G3V		
8063	315.77000	38.65750	6.07	+1.01	G8III		
8098	317.63000	10.04889	6.07	+0.02	A2V s	6 Equ	
8210	321.61125	19.37556	6.07	+0.22	A8m		
8297	325.50458	35.51028	6.07	+2.52	C6.3		
8639	340.67958	-44.24778	6.07	+0.98	K0III		
8741	344.89875	-13.07083	6.07	+1.45	K5III		
8994	356.10583	-70.49028	6.07	+0.91	G8-K0IV		
9011	356.88833	46.83250	6.07	-0.14	B3IV		
9014	357.13542	-6.38056	6.07	+1.45	K4III		
1027	51.10875	20.80361	6.08	-0.04	A1V	65 Ari	
1296	63.75750	57.46028	6.08	+0.61	A4III		
1500	71.05375	40.78694	6.08	+0.06	B8IVne		
1537	72.43375	15.90417	6.08	+1.60	gK3	96 Tau	
1558	73.71375	44.06083	6.08	-0.02	A0V		
1588	74.94292	53.15556	6.08	+1.46	K4III	8 Cam	
1623	76.55083	59.02111	6.08	+1.12	K0III	12 Cam	
1741	79.81125	20.13472	6.08	+1.01	G8II-III+G1IV-V		
1774	80.90708	16.69944	6.08	+0.14	A2IV	110 Tau	
1813	81.23167	-44.22583	6.08	+1.20	K1III		
2133	90.85292	11.68083	6.08	-0.04	A0V s		
2146	91.59375	29.51250	6.08	+1.73	M3II+F7V		
2230	94.07917	23.97000	6.08	+0.90	G8III	8 Gem	
2509	101.75625	-21.01556	6.08	-0.19	B7IIIn	12 CMa	
2686	106.71792	-24.96056	6.08	+1.34	K2		
3290	125.98000	10.63194	6.08	+1.49	M2III	21 Cnc	
3739	140.99792	-51.73722	6.08	+0.57	A7Iab		
3908	147.99833	-16.53472	6.08	+1.04	K0		
4034	154.03792	-11.20333	6.08	+1.10	K0		
4154	158.79375	-43.66472	6.08	+0.94	G8II-IIICNVp		
4634	182.77042	-61.27750	6.08	+0.39	F2-3IV		
4762	187.51792	58.76750	6.08	+0.98	G8III-IV	75 UMa	
4821	190.31667	-13.01361	6.08		F3Vn		
4832	190.70667	-55.94722	6.08	-0.03	B9V		
5096	202.81583	42.10611	6.08	+1.05	K2III		
5324	213.75542	-29.28194	6.08		A1V		
5656	228.33000	-19.64750	6.08	+0.12	A3Vn	25Iot2Lib	
5728	230.80125	30.28778	6.08		G3V	2Eta CrB	
5976	240.94042	4.98667	6.08	+0.96	G9III	43 Ser	
6035	242.86958	16.66556	6.08	+0.02	A0V		
6203	250.21417	12.39500	6.08	+0.05	A3Vn		
6292	253.75875	25.73056	6.08	+0.92	G5III	56 Her	
6342	255.99167	13.56750	6.08	+1.03	K1III		
7836	307.57500	10.89583	6.08	-0.03	A1eShell	1 Del	
7903	309.79417	21.81722	6.08	-0.06	A0III		
7917	310.15083	29.80528	6.08	+0.14	A2V		
8231	322.79000	12.13750	6.08	-0.05	B9.5V		
8273	324.86708	-10.57694	6.08	+1.03	K0		
8310	326.03458	28.74306	6.08	+0.36	G2V	78Mu 2Cyg	
8312	325.68917	59.27111	6.08	+1.34	K1III		
8493	333.22042	73.30722	6.08	+1.01	K0II-III+A3V		
262	13.99375	27.20944	6.09	+0.14	A5IV	67 Psc	
578	29.85792	12.29472	6.09	+0.19	A6V		
1029	51.48917	49.12083	6.09	-0.07	B7V		
1224	59.25708	6.04000	6.09	+0.06	A2Vn		
1277	62.06375	37.72778	6.09	+0.95	K1III	49 Per	
1295	63.13083	17.27750	6.09	+1.08	K0III		
1365	64.66667	-52.86000	6.09	+0.49	F7IV-V		
1434	68.35375	43.06389	6.09	+0.38	F0V	57 Per	
1450	68.55917	-6.83778	6.09	+1.38	K2III		
1600	74.74750	14.54278	6.09	+0.04	B7V		
1701	78.38167	1.96806	6.09	+0.42	A5V		
1772	80.32042	-34.34528	6.09	-0.19	B5IVnpe		
1884	84.21833	40.18222	6.09	+1.03	G3Ib+F		
1978	86.25792	4.00806	6.09	+0.31	gF0n		
2176	92.90250	48.71111	6.09	+0.10	A3V	41 Aur	
2206	92.80625	-26.48222	6.09	-0.04	A0V		
2664	106.19625	-22.03222	6.09	+1.22	K0		
2710	107.96375	5.65472	6.09	-0.02	A1V		
2785	109.75833	-19.28028	6.09	+0.62	F0Iab-Ib		
3111	119.24125	-42.40611	6.09	+1.36	K3III		
3493	132.02042	-6.55861	6.09	+1.28	K0		
3889	147.45875	21.17944	6.09	+0.25	A7IVn	20 Leo	
4136	157.98583	-45.06944	6.09	-0.11	B8II		
4315	166.39167	-11.08889	6.09	+0.30	F0Vn		
4425	172.07583	-72.47444	6.09	+0.16	B3V		
4723	186.32667	-27.74917	6.09	+1.27	K1III		
5088	202.60708	-6.47028	6.09	+0.33	F2V	72 Vir	
5240	210.13667	-78.59000	6.09	+0.03	B9III		
5375	215.66125	-48.32028	6.09	-0.13	B1III		
5428	218.29000	-30.71417	6.09	+1.03	K0III		
5436	217.69208	63.18556	6.09	+0.41	F4IV		
5539	223.67667	-65.99139	6.09	-0.06	B3Vn	Zet Cir	
5583	224.72000	-4.98917	6.09	+0.50	F8V		
5913	238.39542	16.07500	6.09		F5II-III		
6061	243.96458	-14.84917	6.09	+0.06	A0V		
6179	249.50667	-6.53806	6.09	+0.16	A0pCrEu		
6193	250.40083	-24.46806	6.09	+0.20	F0V		
6298	254.71833	-37.62111	6.09	+0.19	A3V		
6363	256.20750	48.80417	6.09	+1.09	K1III		
6384	258.55500	-56.88833	6.09	+1.78	M1-2II-III+A		
6413	259.17833	-6.24500	6.09	+1.10	K0		
6632	267.79583	-53.13056	6.09	0.00	B9.5III-IV		
6803	272.53625	16.47667	6.09		B9V+F7III		
7042	280.23458	62.74972	6.09	+0.98	K0III		
7115	282.90208	36.53861	6.09	-0.11	B6IV		
7216	285.71917	19.66111	6.09	+1.34	K1III		
7243	286.59250	8.23000	6.09	+1.60	M7IIIe		
7412	292.54375	2.90417	6.09	+1.82	K5Ib		
7455	295.40625	-65.85417	6.09	+1.55	M0III		
7530	296.46417	35.01278	6.09	+1.06	K0II-III+A2V		
7626	298.84208	58.25028	6.09	+1.02	G9III		
7707	303.61208	-63.41583	6.09	+0.31	F0IV		
7797	305.65583	31.26500	6.09	+1.35	K2		
7799	306.44958	-40.79639	6.09	+1.36	K3III		
8159	321.32542	-71.79944	6.09	+1.26	K2III		
8292	325.63750	10.82472	6.09	-0.11	B5IV		
8304	325.66208	49.60028	6.09	+1.00	G8II		
8457	332.76000	-21.23250	6.09	+0.50	F6V		
8889	350.73708	-60.05583	6.09	+1.60	M3III		
8966	354.86667	-46.63778	6.09	+0.24	A8V+F0V	The Phe	
8993	356.00583	-45.08333	6.09	+0.98	K1III-IV		
268	13.98125	-27.77556	6.10	+1.67	M0III		
554	28.34667	-38.59472	6.10	+1.12	K1II		
573	29.25042	-51.76611	6.10	+0.48	F6-7V		
600	29.92125	-66.06639	6.10	+1.17	K1III		
625	32.19042	-17.77944	6.10	+1.61	M2III		
629	32.72375	39.04306	6.10	-0.07	A1Vn	59 And	
735	37.63667	-22.54556	6.10	+1.61	M1III		
757	39.17875	31.60750	6.10	+1.05	K0		
807	40.53542	-46.52444	6.10	+0.88	K1III		
1137	56.11708	20.92861	6.10	+0.01	A0V		
1147	56.88417	55.92250	6.10	-0.03	B9Vnn		
1209	58.84583	31.04583	6.10	+0.29	O9.5ep		
1418	66.77500	-46.94750	6.10	+0.46	F5-6V		
1488	69.94667	-1.05278	6.10	+0.94	K0		
1584	73.72833	-39.62861	6.10	+1.42	K3III		
1681	77.51333	-0.56528	6.10	+1.10	K0III		
2089	88.67125	-49.62694	6.10	-0.13	B3V		
2119	90.82500	42.91167	6.10	+0.97	K0II	38 Aur	
2237	93.85833	-9.03528	6.10	-0.08	B9III		
2601	104.69750	26.08111	6.10	+0.46	F7V	39 Gem	
2720	108.01708	-30.82167	6.10	+0.27	A8V		
3157	120.34542	-54.51500	6.10	-0.04	B2IV-V		
3329	127.15333	24.14472	6.10	+0.24	F0Vn	28 Cnc	
3423	130.07625	31.94194	6.10		F5III		
3483	131.45542	-25.38750	6.10	+0.08	A2V:		
3745	141.68667	-28.78750	6.10	-0.10	B6Ve		
3816	143.06083	-62.78889	6.10	+1.43	M6-7IIIep		
4018	153.25542	-59.91806	6.10	-0.08	B4Ve		
4111	157.00792	-49.40556	6.10	+1.51	K4III		
4149	158.74042	-23.17611	6.10	+0.50	F7V		
4480	174.63958	46.83417	6.10	+0.38	F5III s	60 UMa	
4513	175.97042	-62.87833	6.10	+0.06	A2III-IV		
5119	204.69042	-70.44500	6.10	+1.42	K3III		
5223	208.48708	-47.12806	6.10	-0.07	B2IIIe		
5416	217.06833	36.19694	6.10		K0III		
5472	220.09125	21.97556	6.10	+0.40	G0V		
5488	221.29542	-55.60194	6.10	-0.06	B2III		
5580	224.86292	-43.16000	6.10	+0.60	F5III		
5639	227.22250	13.23500	6.10	+0.96	dG6		
5653	228.28083	-36.09139	6.10	-0.08	B8V		
5738	232.11333	-51.59750	6.10	+1.09	G2II		
5911	238.30042	13.19667	6.10	+0.60	G0VFe-0.5	39 Ser	
5937	239.97500	-54.02111	6.10	0.00	B5IV		
5974	241.07417	-33.21444	6.10	+0.34	A9IV		
6145	247.84500	-26.53778	6.10	+1.08	K1III		
6232	251.79083	2.06444	6.10	+0.14	A3V	19 Oph	
6240	252.36583	-15.66750	6.10		A5V		
6360	255.56375	64.60056	6.10	+0.96	G5V		
6530	263.83333	-53.35278	6.10	+0.02	B9III		
6558	264.53542	-42.88056	6.10	-0.06	B8V		
6559	263.99833	20.99611	6.10	+0.19	A7IV		
6563	263.92667	37.30167	6.10	+0.98	G9III		
6699	268.84875	55.97139	6.10	+0.32	F0IV		
6984	278.80625	34.45778	6.10	-0.11	B5Vne		
7101	282.84208	-3.31778	6.10	+0.30	F2III	8 Aql	
7481	294.93750	33.97917	6.10	+0.08	A3IV		
7583	298.06792	36.43222	6.10	+1.43	K4III		
7775	305.19417	-14.78500	6.10	-0.02	A0III		
7817	307.19458	-35.59583	6.10	-0.11	B8II/III		
8224	321.85542	59.75000	6.10	+1.75	M3IIIaBa0.2		
8484	333.89625	-44.45194	6.10	+1.02	G8-K0III		
8604	339.03292	35.57722	6.10	+1.00	K0		
8719	343.96417	-31.63306	6.10	+1.36	K3III		
8896	350.93917	-43.12444	6.10	+1.46	K3III		
9049	358.81917	-31.92167	6.10	-0.08	B6V		
59	4.14208	8.24000	6.11	+0.92	G8II-III	36 Psc	
70	4.67542	43.79111	6.11	-0.08	B8V	26 And	
284	14.95708	6.48306	6.11	+1.67	M2III		
295	15.50750	-57.00250	6.11	+0.94	G8III	Ome Phe	
355	18.14167	45.33778	6.11	+1.64	M1III		
467	23.41333	-78.50472	6.11	+0.97	K0III		
679	35.17250	47.31083	6.11	-0.08	B5V		
727	37.14750	-31.10250	6.11	+1.11	K2IIICNII		
877	44.26917	4.50111	6.11	+1.69	M4IIIab		
894	45.04917	38.13167	6.11	-0.06	B8Vne		
904	45.21250	-2.87861	6.11	+1.77	M1III	7 Eri	
920	46.41625	56.06861	6.11	+1.02	G9III		
938	46.85708	17.88000	6.11	-0.12	B1.5V	53 Ari	
1118	55.19292	25.32944	6.11	+0.06	A2IV	11 Tau	
1130	56.17042	46.09972	6.11	+0.28	A7IV		
1410	66.73750	-24.08139	6.11	+0.14	A2		
1553	72.93083	9.97500	6.11	+0.08	B5V		
1782	80.96417	-0.86722	6.11	+0.50	F7V		
1801	80.59208	-56.13444	6.11	-0.10	B8-9V	Kap Pic	
1869	84.06625	47.71528	6.11	+0.26	dF0		
1885	90.33417	85.18222	6.11	+1.57	M0III		
1919	84.28667	-11.77556	6.11	+0.05	A2V		
1927	84.01125	-47.31389	6.11	+1.16	K2III+F		
1939	85.17542	31.92083	6.11	+2.12	M2IIIS		
2458	100.32167	11.00333	6.11	+1.68	M1III		
2536	101.23375	-70.43389	6.11	+1.33	K3III		
2562	102.50458	-60.24917	6.11	+0.46	F7III-IV		
2676	106.77667	4.91028	6.11	-0.13	B9.5III		
2685	106.50958	-38.38278	6.11	+0.70	G0IIaCH1		
2913	113.55333	-33.46333	6.11	+0.29	A9IV		
3241	123.49500	-36.34111	6.11	-0.18	B2IV-V		
3289	125.69500	-13.05472	6.11	+1.00	gG7	22 Pup	
3473	131.23000	-21.16778	6.11	+0.22	A5V		
3544	132.45958	-72.55083	6.11	+0.20	Am		
3629	136.64167	-55.80333	6.11	-0.15	B2IV-V		
3655	138.10833	-7.10972	6.11	+0.22	A3III:m+A0V:	21 Hya	
3713	139.46542	-67.05083	6.11	+1.26	K2III		
3794	143.17250	1.86417	6.11	+0.62	F7IV-V		
4175	159.70958	-42.75361	6.11	+0.66	Am+Am:		
4263	163.75417	-42.25111	6.11	-0.08	A0pSiCr		
4276	164.45167	-59.73194	6.11	+1.10	G3Ia		
4353	168.23708	-49.73639	6.11	+1.06	G8II-III		
4657	183.79417	-10.31250	6.11	+0.46	F5V		
4721	186.28542	-42.51444	6.11	+0.65	G5III+F-G		
4891	193.29667	-3.55306	6.11	+0.50	F5V	38 Vir	
4992	198.30167	18.72694	6.11	+1.20	G8III		
5069	202.28167	-64.67583	6.11	+0.11	ApSrEuCr		
5102	203.20042	24.34639	6.11	+0.96	G8III		
5269	210.86458	-41.42333	6.11	-0.11	ApSi		
5310	212.81292	32.29556	6.11	+1.26	K4III		
5311	213.41625	-54.62583	6.11	+0.05	B5Ve		
5486	221.23125	-58.47778	6.11	+1.02	K0III		
5827	234.70375	34.67500	6.11	+1.02	K0		
6121	246.54792	11.40750	6.11	+1.03	G8III		
6244	252.74917	-37.51444	6.11	+0.12	B9pSi*		
6304	255.44750	-58.95833	6.11	-0.03	B2IVne		
6614	267.15875	-55.40167	6.11	+0.28	A9IV		
6640	267.93542	-45.60056	6.11	+0.95	G6III		
6853	274.27833	40.93667	6.11	+0.99	G8.5IIIbFe-1CH0.5		
7060	280.87083	53.87194	6.11	+0.12	A2IV		
7439	294.10875	-18.85278	6.11	+0.27	F0III		
7532	297.01250	-13.70333	6.11	+0.20	A6m		
7555	297.36458	38.71000	6.11	+0.90	G5-8III		
7699	301.92250	34.42306	6.11	+0.16	B5Ib		
7809	306.42708	-2.80028	6.11	+1.19	gK1		
7838	308.96542	-69.61111	6.11	+1.29	K2III		
7876	308.71000	51.85417	6.11	+0.41	A9II		
8031	314.99875	-36.12972	6.11	+0.39	F5V		
8179	320.13958	60.75694	6.11	+1.00	G5III		
8256	324.20375	-33.04806	6.11	+0.22	A7Vn	7 PsA	
8258	323.86250	24.45222	6.11		A4V		
8291	325.39292	40.80528	6.11	+0.07	A2V	76 Cyg	
8441	332.07167	25.54361	6.11	+0.27	F1IV		
8448	332.17083	45.74194	6.11	+0.72	G2IV+K0III		
8490	333.45625	63.16250	6.11	-0.08	B8Vn		
8715	343.74792	1.06472	6.11	+0.20	A7III	1 Psc	
8801	346.79208	52.81639	6.11	+1.05	K0III		
9035	358.09750	21.67083	6.11	+1.59	M2III		
272	14.41542	45.83972	6.12	+1.02	K2III		
315	16.40333	-9.97917	6.12	+1.01	K0III	27 Cet	
319	16.64000	12.95611	6.12	+0.96	G8III	75 Psc	
453	23.71125	-31.89222	6.12	+1.11	K0-1III		
637	32.60667	-50.82444	6.12	+0.82	K1V		
709	36.96583	50.56972	6.12	+0.41	F4V	66 And	
952	47.84125	13.04778	6.12	+1.02	K0IIIp		
960	47.61417	-48.73417	6.12	+1.12	K1III		
1000	50.10667	25.66278	6.12	+1.24	gK3	60 Ari	
1076	52.55667	-41.37000	6.12	+0.48	F7V		
1119	54.99792	-1.12056	6.12	+1.00	K1III-IV		
1297	63.21333	22.41361	6.12	+0.19	B9IIIp:Si:		
1354	65.10458	18.74250	6.12	+0.37	F3:V		
1597	73.72083	-58.54722	6.12	+0.44	F3V		
1913	84.33042	8.95194	6.12	-0.17	B2IV-V		
2048	88.55583	10.58694	6.12	+1.47	G9II		
2107	89.75417	-9.38222	6.12	+0.29	F2IV	1 Mon	
2141	91.53542	35.38750	6.12	+0.60	G0V		
2147	91.86208	41.85417	6.12	+1.22	K0III		
2171	91.67083	-42.29861	6.12	+0.25	Am	Pi 1Col	
2309	96.08542	-12.96250	6.12	-0.08	B5Ve		
2437	99.42042	-12.98500	6.12	+1.00	K0		
2475	100.30875	-40.34972	6.12	-0.14	B4V		
2539	103.25625	38.86917	6.12	+0.37	F2VDel Del	59 Aur	
2644	106.41583	52.75806	6.12	+0.11	A3V s		
2734	108.40125	-27.35639	6.12	-0.23	B0.5V		
3031	116.39833	-56.72250	6.12	+0.39	F0II		
3051	117.52375	-19.52361	6.12	+1.26	K0		
3151	120.12042	-48.87139	6.12	-0.11	A0pSi		
3298	125.28208	-64.10611	6.12	+0.93	G6-8III		
3417	128.17583	-73.35667	6.12	+0.95	G8III		
3701	140.24708	38.18833	6.12	+0.38	F2V+F4V		
3801	143.25875	-8.50528	6.12	+0.98	K0		
3941	149.29542	-52.63889	6.12	-0.13	B3IV		
3959	150.92083	-9.57389	6.12	+1.66	K0		
3964	150.83542	-46.63611	6.12	+0.02	A0V		
4070	155.45958	14.97556	6.12	+0.02	A1V	42 Leo	
4108	157.61083	64.25750	6.12	+0.16	A7III		
4249	163.35375	-2.25528	6.12	+0.90	K0III+G0V		
4393	170.59625	-44.64583	6.12	+0.92	G8III		
4403	171.09208	-42.66917	6.12	-0.18	B2IV-V		
4919	194.28208	46.17694	6.12	+1.01	K0III-IV		
5212	208.00375	-31.61944	6.12	+0.48	F7V		
5569	223.99458	32.30028	6.12	+0.10	A2V		
5721	230.93208	-1.02250	6.12	+0.25	F0V	8 Ser	
5795	233.88833	17.65556	6.12	+0.94	gG8	15Tau3Ser	
5872	237.56792	-45.40167	6.12	+0.29	A9III		
6080	245.13583	-39.43083	6.12	-0.07	B9V		
6209	250.97458	-41.11306	6.12	-0.07	B6-7V		
6405	259.08958	-35.74944	6.12	+0.48	G0IV-V		
6577	264.74083	13.32917	6.12	+0.56	F6III		
6642	267.19958	19.25528	6.12	+0.02	A1V		
6820	273.31875	21.88028	6.12	+1.47	K4III		
7096	282.06708	48.76750	6.12	+0.21	A7III		
7151	284.58875	-31.03611	6.12	+1.35	K3III		
7547	296.86167	47.90778	6.12	+1.64	M2III		
7634	299.07917	56.68694	6.12		A4Vn		
7837	307.76792	-15.05639	6.12	+0.79	gG5+F		
8082	316.59792	26.92444	6.12	+1.05	K0II-III		
8124	318.94500	-36.21083	6.12	+1.37	K3III		
8188	321.56417	-54.66056	6.12	+0.34	F1III	Gam Ind	
8226	322.21958	55.41861	6.12	+0.14	B8III		
8338	327.12250	38.64861	6.12	-0.08	B8V		
8369	329.62542	-59.01222	6.12	+0.46	F3V	Kap1Ind	
8378	329.68250	-21.18278	6.12	+1.65	M4III		
8648	340.58667	53.90889	6.12	+1.62	K2		
8682	342.19917	54.41500	6.12	-0.07	B5Vne		
8689	343.04125	-63.18861	6.12	+1.03	K0III		
8714	343.64875	16.94167	6.12	+1.77	S4+/1+		
8786	347.09875	-79.48083	6.12	+0.14	A3-4V		
8829	348.52750	-62.70000	6.12	+0.79	G8V		
8836	348.66750	-10.68861	6.12	+1.49	K5III		
9107	1.22417	34.65972	6.12	+0.62	G2V		
8	1.65333	29.02139	6.13	+0.75	K0V		
139	8.34708	-71.26611	6.13	+0.23	A7IV	The Tuc	
214	11.80667	19.57889	6.13	+0.27	F0Vn	59 Psc	
425	21.94417	-10.90167	6.13	+1.32	K4III-IV		
1043	52.54708	59.36611	6.13	+0.08	A2V		
1267	61.17083	-20.38167	6.13	+1.16	K0		
1461	68.75208	-19.92056	6.13	+1.17	K3III		
1499	70.80750	24.08889	6.13	+0.54	F7IV-V	95 Tau	
1719	79.86583	58.11722	6.13	-0.03	B5V	15 Cam	
1976	87.27042	62.80806	6.13		A4V		
2481	100.69083	-22.44917	6.13	+0.34	F0		
2557	103.81125	43.91000	6.13	+0.32	A9III		
3168	121.17292	-19.72806	6.13	-0.16	B3III	14 Pup	
3272	125.07125	-5.32917	6.13	+1.33	K2III		
3276	125.11417	-22.92472	6.13	+1.04	K0		
3434	129.84208	-36.60694	6.13	+0.42	F1IV		
3464	131.33917	30.69778	6.13	+0.94	G5III	46 Cnc	
3469	131.25542	5.68056	6.13	+0.20	A6V	10 Hya	
3529	133.12792	-13.23361	6.13	+1.14	K0		
3697	140.18250	51.26611	6.13	+0.42	F3V		
3788	142.98250	-10.37056	6.13	+1.19	K0		
3992	152.38250	-35.85667	6.13	+0.60	F8V		
4076	155.55375	-19.86694	6.13	+0.03	A1V		
4099	156.53958	-42.73889	6.13	+1.13	K1III		
4279	164.31542	-75.09972	6.13	+1.53	K1II		
4316	166.26750	-49.39250	6.13	-0.02	B9.5V		
4347	168.12667	-18.50000	6.13	-0.01	A0V	Psi Crt	
4539	177.58125	-15.86389	6.13	+0.95	K0		
4568	178.97792	-39.68917	6.13	+1.02	K0III		
4610	181.41542	62.93306	6.13	+1.17	K2III		
5164	205.93833	22.70028	6.13	+1.42	K4III		
5259	210.32917	-40.22222	6.13	+1.25	K1III		
5446	219.10083	-39.59722	6.13	+1.05	K1III		
5507	221.33625	18.88472	6.13	+0.83	K0		
5629	225.99083	65.91972	6.13		A2V s		
5677	228.54292	42.17139	6.13	+1.66	M2IIIa		
5930	239.13917	-14.82917	6.13	+0.23	A2III		
5946	240.27667	-54.57778	6.13	+0.25	A5V		
6233	252.97458	-65.37556	6.13	-0.02	B8II-III		
6256	252.41875	43.43056	6.13	+1.26	K0IV		
6259	252.67958	32.55361	6.13	+1.01	K0III		
6347	256.61833	-35.45111	6.13	+0.50	O9.5Iab		
6348	255.31958	60.64917	6.13	+1.00	K1III		
6873	275.36875	5.43583	6.13	-0.04	B3Ve		
7104	283.15417	-29.37944	6.13	+1.35	K1III		
7265	287.45042	-19.80361	6.13	+1.16	K1III		
7271	288.19208	-50.48639	6.13	+0.95	G8III		
7388	292.46917	-55.44139	6.13	+0.98	K0-1III		
7410	292.72500	-21.31222	6.13	+0.12	A2		
7559	297.79625	-2.46083	6.13	+1.57	K5III		
7569	298.01458	11.62889	6.13	+0.65	G0V		
7746	304.08208	21.59861	6.13	+1.04	K1III	18 Sge	
7749	304.82458	-47.58028	6.13	+0.46	F5V		
7778	305.08542	14.56917	6.13	+0.91	G8III		
7821	307.10375	-3.35778	6.13	-0.06	B9V	68 Aql	
7855	308.54875	-13.72111	6.13	+0.54	F6V		
8147	319.25833	53.99750	6.13	+0.05	A1V		
8205	321.61708	1.10333	6.13	+0.44	F5V		
8374	328.83625	61.54194	6.13	+1.60	G8Ib		
8421	331.31833	46.74472	6.13	+1.61	M4IIIab		
8732	344.64583	-35.52306	6.13	+0.58	F8III-IV		
8788	346.57583	18.51750	6.13	+0.44	F6V s		
8855	349.58333	-67.47111	6.13	+1.35	K2-3III		
8884	350.18333	44.11639	6.13	+0.17	A5Vn		
65	4.42917	51.43306	6.14	-0.13	O9IIInn		
115	7.46625	-14.86417	6.14	+0.37	F2III		
173	10.13708	-23.80444	6.14	+0.70	G3V		
320	16.53208	-23.99250	6.14	+1.09	G8-K0III		
405	21.16583	-15.66028	6.14	+0.91	G5		
428	22.71792	66.09806	6.14	+0.08	A2V s		
537	27.58417	-47.81639	6.14	+1.01	K1IV		
844	42.46250	-24.56028	6.14	+1.07	K1III	Gam1For	
895	44.69750	-9.77639	6.14	+0.22	A2m		
900	44.77750	-28.90694	6.14	+1.04	K1III		
988	49.14875	-9.15444	6.14	+0.40	F1V	14 Eri	
1132	55.94667	19.66500	6.14	+1.01	G8III	14 Tau	
1160	57.07625	50.73667	6.14	+0.06	B8Vne		
1211	58.57250	-2.95278	6.14	+0.09	A2V	32 Eri	
1236	59.01667	-63.46361	6.14	+1.10	K1-2III		
1615	75.82750	41.44167	6.14	+0.16	A2IIIShell?		
1626	76.06042	30.49472	6.14	+1.21	K0II-III		
1728	79.57875	33.76722	6.14	-0.06	B9.5V	17 Aur	
2006	88.07250	58.96417	6.14	-0.04	A0V s	30 Cam	
2080	89.95042	54.54722	6.14	+1.20	K2III		
2370	97.78958	11.25083	6.14	-0.08	B2V:nne		
2440	99.58542	-2.54361	6.14	+1.48	K2		
2566	103.34042	-18.93333	6.14	+0.15	A5m		
2677	106.38333	-34.77778	6.14	+0.37	F2V		
3041	117.03542	-40.65222	6.14	+1.58	M2III		
3139	119.30208	-63.29694	6.14	-0.10	B8V		
3177	121.43708	-33.56917	6.14	+1.11	G1Ib		
3299	126.45792	17.04611	6.14	+0.41	F6V	25 Cnc	
3528	133.48208	35.53833	6.14	+0.04	A4III		
3557	134.15375	4.23667	6.14	+1.00	G8II-III		
3651	138.05375	3.86722	6.14	-0.01	A0Vp		
3695	138.05125	-76.66306	6.14	+1.09	K1III		
3760	142.35208	-2.20528	6.14	+0.22	F0III		
3785	142.91208	-10.55222	6.14	+0.24	F0Vn		
3857	145.67792	35.09333	6.14	+0.36	F3V	13 LMi	
3958	151.29375	52.37083	6.14		A5IV		
3971	150.89292	-61.88389	6.14	-0.04	B7IVne		
4147	158.35542	-58.19028	6.14	+0.35	B7Iae		
4269	164.07042	22.35167	6.14	+1.55	K2		
4303	165.81083	-0.75250	6.14	+0.26	F0V		
4369	169.24250	-7.13472	6.14	+0.20	A8IVpeSrCrSi		
4474	174.47083	50.61833	6.14	+1.07	G9III:Ba2.5		
4953	196.59458	62.04194	6.14	+0.99	G7III		
5234	209.08250	-54.13194	6.14	+0.07	A1V		
5246	209.36542	-23.02278	6.14	+1.43	K0		
5522	222.22542	-0.84778	6.14	-0.04	B9VSi:Cr:		
5524	222.09708	24.36667	6.14	+0.48	F2-6V		
5858	236.17542	17.26417	6.14	0.00	A0V	26Tau8Ser	
5910	238.62500	-27.33861	6.14	-0.07	B6Vp		
6005	241.84250	21.82250	6.14	+1.37	K4III		
6013	242.19417	17.20583	6.14	0.00	A0Vnn	8 Her	
6049	243.85000	-42.89972	6.14	+1.11	K2III		
6068	243.94750	27.42222	6.14	+1.31	K2		
6387	258.10417	-27.76194	6.14	-0.04	B9Vn:		
6747	271.15542	1.91917	6.14	0.00	B0IIIn		
6871	276.38125	-63.02139	6.14	+0.20	A3V		
7109	283.00792	13.96556	6.14	0.00	B8Vnn		
7159	284.60250	-22.52944	6.14	+0.09	A2V		
7627	300.11042	-43.04333	6.14	+1.64	M0II-III		
7687	301.27792	51.83944	6.14	+1.60	M1IIIa		
7733	303.42833	43.37917	6.14	+1.50	K4III		
7860	307.94375	56.78000	6.14	+1.43	gK5		
8443	331.85625	53.30722	6.14	+0.43	A3Ib		
8553	336.86042	39.80972	6.14	-0.14	B2V		
8581	337.82667	-6.55500	6.14	+0.56	F7V		
8783	346.30333	-17.07917	6.14	+1.37	K0		
56	4.09000	43.59472	6.15	+0.05	A2VpSi		
201	11.35042	-4.62917	6.15	+1.62	M0III		
202	11.25000	-53.71500	6.15	+0.53	F7III		
203	11.36958	-12.88083	6.15	+0.61	G0V	18 Cet	
234	12.57625	45.00222	6.15	+0.01	A0pCr		
388	20.11583	-11.23889	6.15	+1.11	K1III		
406	21.20292	-2.84861	6.15	+0.96	G8III		
615	31.70500	25.70472	6.15	-0.03	B9IV-Vn	11 Ari	
729	37.66000	19.85528	6.15	+0.25	A9V	26 Ari	
821	41.04458	-52.57056	6.15	+0.09	A2V		
950	48.04000	42.37611	6.15	-0.09	B4V		
959	46.95500	-69.26556	6.15	+1.02	K1III		
1053	51.01042	-69.62472	6.15	+0.48	G0-5+A3-5V		
1413	67.01500	1.85861	6.15	+1.02	G9III		
1595	74.43667	-14.23139	6.15	-0.21	B1V		
1688	78.79708	59.40556	6.15	+1.18	K2III-IV		
1717	78.82667	-1.40917	6.15	+0.39	F0IV		
1794	81.72625	35.45722	6.15	+1.45	K2		
1796	81.71375	33.26278	6.15	+1.15	K0		
1857	84.31292	64.15472	6.15	+0.01	A0V	19 Cam	
1943	86.03583	61.47667	6.15	+0.90	gG5	23 Cam	
1965	85.55958	-17.53028	6.15	+1.38	K0		
1982	86.11042	-22.42167	6.15	+0.94	K2V		
2195	92.75542	-6.75417	6.15	+0.01	A0pSrCr		
2325	96.64375	-4.59722	6.15	-0.14	B2.5V		
2342	97.07833	10.30389	6.15	+1.15	K2III-IV		
2410	97.79417	-61.87972	6.15	-0.15	B3V		
2432	99.46958	4.95722	6.15	+0.14	B1Ib		
2517	102.26542	1.00194	6.15	-0.13	B3II-III		
3092	118.66625	-34.84694	6.15	+1.53	K4III		
3158	121.18833	18.84222	6.15	-0.05	B9V		
3285	125.62583	-6.17917	6.15	+0.22	A8IV		
3379	129.92750	73.62972	6.15	+1.02	G7III		
3637	137.18125	-26.76778	6.15	+0.17	A4IV		
3872	145.86458	-51.22833	6.15	-0.10	B6V		
4097	156.75208	19.36444	6.15	+1.14	K0		
4223	162.23833	29.41583	6.15	+1.15	sgK1	43 LMi	
4296	165.03583	-51.81778	6.15	+0.18	A3III-IV		
4429	172.96000	81.12722	6.15	+0.24	A2m		
4533	177.25500	-0.31861	6.15	+0.52	F7V		
4675	184.44708	-36.09389	6.15	+0.01	A0V		
4694	185.07375	26.00194	6.15	+0.30	F0IV		
4749	187.13917	-56.40778	6.15	+0.92	K0-1III		
4881	192.99125	-26.73806	6.15	+0.23	A0III		
5280	210.74875	50.97194	6.15	+0.01	A2V		
5342	214.12542	-3.19639	6.15	-0.01	A1V		
5572	224.65333	-39.90667	6.15	+1.23	K2III		
5752	232.18542	47.20139	6.15	+0.10	AmA3-F0V:		
5898	238.71917	-60.74333	6.15	+0.10	B9II		
6089	246.34167	-63.12472	6.15	+0.03	A1V		
6283	254.15000	-40.82361	6.15	+0.26	B0.5Ia		
6737	270.39958	33.31139	6.15	+1.55	K5III		
6759	272.12542	-45.76722	6.15	-0.08	B7-8II		
6763	271.37583	21.64694	6.15	+1.23	gK3		
6889	276.34042	-35.99167	6.15	+1.00	K0III		
6898	276.23750	-1.57944	6.15	+0.37	F6III+A9III		
7024	280.65042	-7.07333	6.15	+1.00	K0-1III		
7079	282.06833	23.51417	6.15	+0.49	F8V		
7144	284.10667	2.47111	6.15	+0.97	G8III		
7598	298.66792	7.14028	6.15	+0.03	A2V		
7651	299.81417	52.05583	6.15	-0.19	B5III		
7803	306.15625	1.06861	6.15	-0.04	B9V		
7938	310.66542	60.60139	6.15	+0.01	A2IV		
8090	317.11750	6.98944	6.15	+1.66	K5III		
8155	319.73042	41.04083	6.15	+0.30	A5IV		
8174	318.33958	81.23083	6.15	+0.09	A3IV		
8194	321.03083	25.31222	6.15		A2V		
8259	323.61458	51.69833	6.15	+0.02	B9IIIe		
8275	324.41125	54.04222	6.15	+0.99	K1III		
8359	328.49083	6.86444	6.15	+0.80	G0III s		
8432	332.98042	-76.11611	6.15	+1.00	K0III		
8492	334.15583	-25.89833	6.15	+1.11	K1II/III		
8495	334.14000	-1.59639	6.15	+0.19	A5Vn		
8577	338.86000	-78.77167	6.15	+1.38	K1III		
8763	345.63583	-6.57417	6.15	+1.58	M2III	82 Aqr	
8794	347.14875	-73.58639	6.15	+1.42	K3III		
8895	350.97625	-53.80833	6.15	+0.26	A4III		
9055	359.17292	22.64806	6.15	+1.60	M2III		
36	2.99625	48.15250	6.16	+1.45	gK4		
255	13.57333	-8.74083	6.16	+0.92	G5IV	21 Cet	
593	28.96042	-78.34833	6.16	+0.44	F5-6IV-V	Sig Hyi	
973	49.01958	45.34583	6.16	+1.67	M2III		
974	48.40833	-29.80417	6.16	+1.05	K1IICNIII		
1110	54.85708	16.53667	6.16	+1.00	K0III		
1222	59.36000	24.46194	6.16	+1.37	K0		
1344	65.04167	31.95333	6.16	+1.71	K5		
1433	67.33333	-46.51528	6.16	+1.06	K1III		
1803	81.44583	0.52083	6.16	-0.18	B2.5V		
1809	81.80750	15.25778	6.16	+0.08	A1IV		
1926	84.31875	-27.87139	6.16	+0.34	F0IV	Nu 1Col	
2253	94.52333	14.38278	6.16	+0.01	A3V		
2355	97.31208	2.64611	6.16	+1.54	gM1		
2373	97.64458	-13.14806	6.16	-0.15	B1.5V		
2675	107.15125	37.44500	6.16	+1.21	K1III		
2713	108.03083	5.47472	6.16	+1.14	K0III		
3054	117.73000	-11.12861	6.16	+1.13	K0		
3253	123.99542	-35.90278	6.16	+1.55	K2III		
3257	124.34625	-16.28500	6.16	+0.01	A2V	21 Pup	
3286	125.35083	-39.62083	6.16	+0.17	A3V		
3504	132.68792	18.83222	6.16	-0.01	A2V s		
3707	140.36333	32.90194	6.16	+1.09	K3III		
4010	153.09583	-52.16333	6.16	+1.17	K2IIICNII		
4038	153.81917	-54.97417	6.16	-0.17	B2IV-V		
4290	164.80833	-61.32028	6.16	-0.06	B8IV		
4445	173.09708	-26.74667	6.16	+1.66	M1III		
4592	180.37083	-57.50361	6.16	0.00	A0V		
4654	183.68083	53.43472	6.16	+1.04	gK0		
4841	191.25708	-68.83111	6.16	+0.69	F6Ia		
4980	198.23333	-59.81667	6.16	+0.60	G0V		
4991	198.48958	-43.13889	6.16	+1.38	K4III		
5038	200.71958	-47.94306	6.16	+0.18	A4V		
5092	203.02208	-38.39917	6.16	+1.04	K1III		
5156	205.55292	8.38833	6.16	+0.42	F3Vp		
5243	208.95833	14.05639	6.16	+0.50	F6V		
5529	222.27792	37.81111	6.16	+0.36	F2V		
5631	226.91792	5.49806	6.16	+0.94	K0III		
5979	241.85000	-56.19139	6.16	+0.58	F2II		
6198	249.22917	63.07278	6.16	+1.53	K5		
6226	250.74333	55.69028	6.16	+0.07	A2VpSr		
6470	261.26125	-34.69639	6.16	+0.02	A0VSiCr		
6788	272.73000	-33.79972	6.16	-0.14	B1V		
6833	274.40042	-34.10722	6.16	-0.11	B3V+A		
6864	275.50083	-28.43000	6.16	+0.26	A3III		
7232	286.71875	-37.81028	6.16	+0.72	G5IV		
7308	288.99750	27.92694	6.16	+0.61	F6Ib-II		
7491	295.90667	-37.53889	6.16	+0.01	B8		
7492	295.17167	43.07778	6.16	+1.56	M2III		
7684	301.12000	48.22972	6.16	+0.04	A2IV		
7825	307.38042	-22.39167	6.16	+1.55	M1III		
8036	314.62833	41.94028	6.16	-0.08	B7III		
8242	322.86458	52.62000	6.16	+0.90	G2Ib+B9V		
8274	324.68750	25.49889	6.16	+1.02	G9III		
8346	327.92417	-18.62306	6.16	+0.36	F0III		
8535	335.75083	57.28444	6.16	-0.13	B8III-IV		
8580	337.82667	-2.91111	6.16	+1.08	K0		
8734	344.56458	-2.39528	6.16	+0.74	G8IV		
54	3.74250	-34.90444	6.17	+1.34	K3III		
67	4.44875	1.68889	6.17	+0.94	K0II		
181	10.62958	58.75333	6.17	-0.01	B9.5III		
443	22.91292	-45.57556	6.17	+0.06	A2V		
484	25.32667	25.74583	6.17	+0.44	F2III		
494	25.36375	-38.13306	6.17	+0.42	F2V		
983	49.00375	-5.91861	6.17	-0.02	B9V		
1085	53.53458	17.83278	6.17	+0.89	K1IVFe-1		
1183	57.43125	23.71167	6.17	-0.05	B8V		
1248	61.66250	65.52083	6.17	+0.14	A3m		
1358	65.22000	13.86417	6.17	+0.46	F6V		
1648	76.34875	1.17750	6.17	+3.45	C6II		
1662	76.90958	9.47194	6.17	+0.62	G1IV	13 Ori	
1675	78.26333	61.85000	6.17	+0.02	A2III		
1844	84.93208	75.04389	6.17	+1.57	M0III		
2000	86.78167	-16.23778	6.17	+0.89	G2Ib-II		
2036	87.86917	-22.92611	6.17	+1.02	K0		
2179	92.40083	-5.71111	6.17	+0.34	F3IV w		
2430	99.41792	2.70417	6.17	+1.08	K1III		
2636	105.47042	-1.34556	6.17	+1.28	G5II		
2931	114.79958	24.22250	6.17	+0.01	A2V		
2936	114.97542	32.00972	6.17	+0.35	F6II		
3093	119.09958	4.48583	6.17	+0.98	G8III		
3516	132.59000	-28.61806	6.17	-0.08	B9V		
3558	134.28417	17.14389	6.17	+1.00	K1III		
3618	136.74958	1.46278	6.17	+1.65	M1III		
3831	144.10542	-48.75139	6.17	+0.27	ApSrEuCr		
3847	146.82500	79.13667	6.17	+0.25	F0V:		
3859	146.15292	64.98389	6.17		F3Vn		
4275	164.82458	51.88222	6.17	+1.38	K0		
4478	174.54083	8.88417	6.17	+1.08	K1III		
4524	176.77917	-35.90694	6.17	+0.96	G8III		
4553	178.36167	-35.06667	6.17	+0.08	A2V		
4580	179.76417	0.53056	6.17	+1.26	K2IV		
4586	180.07750	80.85306	6.17	+1.61	M2III		
4628	182.51042	-34.70500	6.17	+0.03	A0V		
4645	183.19500	-70.15194	6.17	+0.84	F6Ib		
4911	193.97208	-15.32694	6.17	0.00	A0Vn		
5086	202.50042	7.17889	6.17	+1.47	K5		
5278	211.44375	-54.66944	6.17	+0.23	A5III-IV		
5294	212.21625	-43.47111	6.17	-0.06	B9V		
5406	216.85167	-6.12028	6.17	+0.09	A2IV	104 Vir	
5611	226.98667	-65.27556	6.17	+1.47	K3III		
5620	226.61292	-22.03194	6.17	+1.05	gK1		
5662	228.64042	-17.76861	6.17	-0.05	B9.5III	26 Lib	
5672	227.68375	67.78139	6.17		A8Vn		
5701	230.22375	-18.15861	6.17	+1.02	G8III	28 Lib	
6352	256.17208	19.59917	6.17	-0.01	B9.5V		
6412	259.05917	2.18611	6.17	+0.22	A2V		
6522	263.10208	-34.27972	6.17	+0.35	F2V		
6560	263.38208	57.55889	6.17	+0.59	G5III+A5V		
6609	266.14167	2.57944	6.17	+0.07	A1IV-V	61 Oph	
6650	267.68125	11.94667	6.17	+1.25	K1III-IV		
6657	268.33167	-34.73056	6.17	-0.03	B8V		
7025	276.03833	83.17528	6.17	+0.05	A2V		
7067	281.67250	18.70583	6.17	+1.59	K5		
7350	291.08917	-43.72306	6.17	+1.60	M1-2III		
7621	300.10542	-49.35111	6.17	+1.06	K0III		
7636	299.84458	1.37778	6.17	+1.13	G8III		
7698	306.22667	-83.31056	6.17	+0.20	Am		
7793	305.71792	14.55139	6.17	+0.51	F8V		
8083	316.93583	-17.45528	6.17	+0.02	A0V		
8126	318.54292	29.90111	6.17	+1.09	G6Ib-IIaCa1Ba0.3		
8298	325.53500	45.76583	6.17	+1.55	M4III:		
8332	326.90875	-5.91722	6.17	+0.22	A7V		
8347	327.32917	61.27278	6.17	+1.67	M1II-III		
8349	327.77042	39.53667	6.17	-0.08	B9pHgMn		
8464	333.23958	-26.32778	6.17	+0.17	A3V		
8497	334.24917	-23.14000	6.17	+1.05	G5		
8510	334.73417	37.76944	6.17	+0.28	A9IIIp		
8514	335.23250	8.18667	6.17	+0.44	F6V		
8637	340.59208	-29.36083	6.17	+1.54	M5III	19 PsA	
8827	347.95500	26.84722	6.17	+0.94	G8III-IV	60 Peg	
8879	350.17042	-5.90806	6.17	+1.07	K0III		
8925	352.53083	49.13306	6.17	+1.46	K3III		
8999	356.12042	-26.24639	6.17	+0.50	F4V		
9	1.70875	-23.10750	6.18	+0.38	A7V		
121	7.85542	66.51944	6.18	-0.10	B6V	13 Cas	
407	21.39875	23.51167	6.18	+0.43	F5III		
468	24.18667	-58.27083	6.18	+1.61	M3III		
524	26.82000	-41.76000	6.18	+1.54	K5-M0III		
706	36.14083	-40.84056	6.18	+0.66	G2V		
711	36.77917	27.01333	6.18	+1.43	K5III		
751	38.76708	7.47139	6.18	+1.06	gG6		
768	39.57417	37.72667	6.18	+0.47	F6III		
815	42.23125	69.63417	6.18	+0.18	A3V		
1276	62.34333	54.82889	6.18		F5V		
1725	79.66833	40.46500	6.18	+1.37	K0		
1755	80.23583	19.81417	6.18	+1.23	K0III		
1860	83.41167	20.47417	6.18	-0.07	B6V		
2023	86.80417	-54.36083	6.18	+1.40	K3III		
2202	92.93208	-4.66556	6.18	-0.08	B9pHgMn		
2468	99.50250	-61.53306	6.18	+0.62	G1-2V		
2976	115.34833	-22.33722	6.18	+1.62	M1III		
3000	114.01750	-77.63417	6.18	+1.73	M0III		
3021	117.14000	23.14111	6.18		G2III+A4V	82 Gem	
3038	116.05417	-69.82139	6.18	-0.06	A0IV-V		
3050	117.69750	3.27722	6.18	+1.12	K1III		
3271	125.05458	-0.90944	6.18	+0.60	F9V		
3348	127.83292	37.26583	6.18	-0.03	A0V		
3584	134.91625	-19.20806	6.18	+0.46	F6V		
3781	142.69208	-31.88944	6.18	+0.03	A0V	Zet1Ant	
3791	143.37625	36.48694	6.18	+1.27	gK4	9 LMi	
4093	156.32167	-42.46806	6.18	+1.00	G8III		
5024	200.14542	-59.77333	6.18	+0.43	F3-F5II		
5034	200.64875	-60.97222	6.18	+0.01	B2.5Vn		
5197	207.52708	-29.08139	6.18	-0.03	A0V		
5268	210.75708	-31.68389	6.18	+0.48	F8V		
5536	222.75042	-0.25722	6.18	+1.40	K3III		
5688	229.67208	-31.20944	6.18	+1.23	G6-8III		
5757	234.82625	-77.91806	6.18	+1.20	K2IIICN0.5Ba-1		
5851	236.97333	-65.44250	6.18	+0.22	A5III-IV		
6067	244.23042	-3.95333	6.18	+0.31	A9Vn		
6167	249.71958	-60.99028	6.18	-0.08	B7Vn		
6177	250.21042	-60.44611	6.18	+0.48	F2III-IV		
6617	266.94000	-22.47806	6.18	+1.49	G6IbHdel 1		
6666	268.26500	-10.89972	6.18	+1.11	gK1		
6828	274.91750	-63.88694	6.18	+0.58	F9V		
7112	282.89958	28.78361	6.18	+1.18	K1II-III		
7284	287.84625	40.42917	6.18	+0.09	A3V		
7434	294.60792	-57.98333	6.18	+0.97	K0III		
7535	296.64583	32.88861	6.18	+1.13	K3III		
7578	298.57375	-23.94111	6.18	+1.02	K2V		
7694	302.13042	-10.06278	6.18	+0.06	B9.5III		
7791	305.12667	53.59611	6.18	+1.56	K4III		
7839	307.74208	20.60583	6.18	+0.15	A1m		
7854	307.83792	52.30972	6.18	+1.01	K0III		
8234	324.73417	-79.44250	6.18	+0.46	F4IV		
8265	324.43208	6.61833	6.18	+0.02	A2V	3 Peg	
8367	329.25917	-37.74694	6.18	+0.33	F1III-IV		
8455	332.57917	19.61694	6.18	+0.69	G0V		
8733	344.41958	39.30889	6.18	-0.15	B2IV-V		
8921	352.25250	-9.26611	6.18	+1.44	K0		
8950	353.69458	38.02389	6.18	+1.58	K7III		
10	1.82583	-17.38639	6.19	+0.14	A6Vn		
17	2.17083	36.62667	6.19	+0.48	F8IV		
101	6.65583	-0.04972	6.19	+0.90	G8III	10 Cet	
119	7.61583	-40.93944	6.19	+0.33	F2III		
303	16.11500	29.65861	6.19	+0.43	F7IV-V		
356	18.24792	30.06417	6.19	+1.00	G9III+G1V		
507	25.97833	-4.76556	6.19	+1.54	K0		
723	37.30667	23.46889	6.19	+0.15	A5m		
913	45.53875	-6.49472	6.19	+0.60	G0IV-V		
943	46.96208	-27.83111	6.19	+0.16	A5V		
1117	54.85583	-10.43722	6.19	+1.03	G5		
1225	59.15792	-9.75083	6.19	+0.28	F1V		
1352	65.74125	59.61639	6.19		A4V		
1525	71.60750	-28.08750	6.19	+0.19	A3IV		
1594	75.71000	66.82278	6.19	+0.48	dF6		
1633	76.09000	21.27806	6.19	+1.32	K0		
1882	82.56625	-63.92778	6.19	+0.22	F0IV		
1923	84.47250	-4.81361	6.19	-0.04	B2IV-V		
1972	85.54833	-30.53556	6.19	+0.01	A0V		
2301	95.90000	-9.87444	6.19	+1.84	K5		
2416	98.35875	-52.32889	6.19	+1.09	G8III		
2464	100.80750	37.14694	6.19	+1.03	K0		
2474	100.77708	3.03333	6.19	+1.37	K0		
2826	111.07167	-22.91278	6.19	-0.09	B8		
2955	114.63583	-38.78111	6.19	+1.02	G8III		
2982	115.77250	0.18944	6.19	+1.02	K0III		
3179	121.33500	-46.97889	6.19	-0.15	B3Vnp		
3381	128.27000	-24.60639	6.19	+0.27	A8IV		
3411	129.36292	-4.93361	6.19	+1.05	K0		
3567	134.42500	9.38778	6.19	+0.98	G8III		
3766	142.31792	-38.40389	6.19	+0.22	A7Vn		
3837	144.19292	-52.94417	6.19	+1.05	K0III		
3966	150.74958	-60.17861	6.19	+0.17	A6II-III		
4029	153.83708	-36.51806	6.19	+1.06	K0III		
4105	156.18458	-73.97167	6.19	+0.07	A2-3V		
4129	157.53625	-66.98500	6.19	+0.01	B4IV		
4312	164.80750	-84.59389	6.19	+0.11	A1V	Eta Oct	
4491	174.96000	-16.62028	6.19	+1.62	M3.5IIIBa0.2Ca1		
4705	185.54500	24.77389	6.19	-0.01	A0V		
4772	187.91125	-5.05250	6.19	+1.04	gG9		
4824	190.39333	10.42639	6.19	+0.19	A7Vn	27 Vir	
4956	196.97333	27.55583	6.19	+1.36	K4III		
4999	198.79042	-36.37111	6.19	+0.97	K1III		
5016	199.64417	-51.28611	6.19	+0.01	A0V		
5170	206.39625	-15.76750	6.19	+0.05	A2Vn	85 Vir	
5224	208.46750	-35.31444	6.19	+1.02	K1IV-V		
5233	208.74250	-8.05889	6.19	+0.53	F8V+G0		
5368	214.92042	0.38417	6.19	+0.20	A7V		
5394	216.07625	8.08500	6.19	+1.20	K4III		
5716	230.17333	44.43417	6.19	+0.39	F3-4IV s		
5801	234.36875	-26.28000	6.19	+0.01	B7IV		
5884	238.34500	-62.60694	6.19	+1.47	K3III		
5896	237.91000	-14.13361	6.19	+1.00	G8III		
5995	240.78875	59.41083	6.19	+1.58	M1III		
6006	242.38208	-32.64972	6.19	+0.79	K0-2III		
6296	254.35875	-10.96333	6.19	+1.00	G8-K0III-IV		
6338	256.45250	-44.10500	6.19	+0.28	A4III		
6391	257.76333	24.23778	6.19	+0.23	A8V	63 Her	
6474	261.27583	-24.24361	6.19	+1.10	gK1		
6475	261.73458	-51.94917	6.19	-0.03	B8-9V		
6578	265.04917	-2.15250	6.19	+1.67	K2.5Ib		
6611	266.07208	14.41028	6.19	+0.21	A3m		
6835	274.35000	-28.65250	6.19	+0.18	A5/7V		
7095	283.26042	-48.36000	6.19	+0.14	A2V		
7097	283.24833	-46.58583	6.19	+0.03	A1IV-V		
7313	289.45083	2.03167	6.19	+0.02	A1Vn		
7386	291.35750	24.91278	6.19	+0.51	F7V		
7683	301.29083	38.47833	6.19	+0.64	G5IV		
7847	307.74667	36.93583	6.19	+1.01	F5Iab	44 Cyg	
7865	308.88417	-16.52583	6.19	+0.20	A7V		
7930	307.26292	83.62556	6.19	+0.13	A3/4Vm		
8062	315.60042	44.79111	6.19	+1.69	S4/1III		
8144	319.34667	42.68333	6.19	-0.11	B7Vn		
8362	329.05833	-57.89944	6.19	+0.21	Am	Pi Ind	
8429	331.55167	45.24861	6.19	+0.09	A3V		
8676	342.12583	-10.55556	6.19	+0.28	A9III-IV	70 Aqr	
8687	342.25292	68.57028	6.19		F5V		
8710	343.64208	-7.20472	6.19	+1.28	K3III	78 Aqr	
8900	351.03250	-18.68750	6.19	+1.02	G8III		
9079	0.12875	59.55972	6.19	+1.01	G9III-IV		
259	13.81125	24.55694	6.20	+1.62	M4IIIab		
392	20.65417	1.72639	6.20	+1.52	K5IIIab		
426	22.09542	7.96139	6.20	+1.12	K1III		
1024	50.82417	-7.79417	6.20	+0.70	G2V		
1093	53.48667	-31.08028	6.20	+0.48	F5V		
1644	76.70667	43.17472	6.20	+0.43	F2IIp:		
1692	78.68458	53.21389	6.20	+0.07	A0V		
1994	88.23125	68.47139	6.20	+0.95	G9III		
2059	82.55792	-84.78500	6.20	-0.02	B9.5IV-V		
2136	90.64083	-14.49722	6.20	+0.96	G5		
2366	97.79208	16.93861	6.20	+1.16	K2III		
2390	97.74917	-40.91639	6.20	+1.40	K3III		
2499	101.84792	18.19333	6.20	+0.07	A2V		
3199	122.29250	-35.45500	6.20	+0.89	G8III		
3210	123.05542	17.64778	6.20	+0.60	G5V	16Zet2Cnc	
3470	132.20583	66.70806	6.20	-0.11	B8V		
3597	135.29750	-26.66389	6.20	+1.13	K1IIICNII		
3746	141.61875	-40.50194	6.20	+0.25	A7III		
3949	149.24875	-69.10194	6.20	-0.10	B3V		
3955	150.41875	-53.36444	6.20	-0.13	B2.5V		
3957	150.49167	-57.34972	6.20	+1.12	K1II		
4122	157.74458	-7.63750	6.20	+1.38	K5III+F6V		
4254	163.67583	25.49083	6.20	+0.28	A8V	48 LMi	
4272	164.98667	77.77000	6.20	+0.97	G9III		
4437	172.93708	14.36444	6.20	+0.57	G0V	88 Leo	
4797	188.99417	-20.52722	6.20	+0.33	F0III		
4926	195.16167	18.37306	6.20	+0.42	F6V s		
5018	199.11917	68.40806	6.20	-0.06	B9.5V		
5066	202.19333	-69.62806	6.20	+0.02	ApSi		
5242	209.63000	-65.80056	6.20	+1.05	K0III		
5270	210.63250	9.68639	6.20	+0.90	F8IV		
5286	211.54542	-43.09194	6.20	+0.98	G8III		
5360	214.33792	51.30722	6.20	+0.04	A2IV		
5455	219.24917	-12.30528	6.20	+0.46	F5V		
5555	224.98333	-75.03250	6.20	-0.04	B9V		
5673	228.39833	38.26472	6.20	+1.20	gK2		
5689	229.88167	-37.09667	6.20	+0.96	G6III-IV		
5696	230.39708	-40.74972	6.20	+0.07	A1V		
6206	250.93958	-41.11889	6.20	+0.14	A4V		
6649	268.21958	-41.99667	6.20	+0.54	F8IV-V		
6672	268.72500	-24.88722	6.20	+0.04	O7.5II((f))		
6919	276.98542	-17.80000	6.20	+0.01	B8V		
7003	279.19000	43.22194	6.20	+0.24	F0V		
7476	295.18083	-16.29333	6.20	+1.13	K2III+F8V	54 Sgr	
7487	294.89333	45.95806	6.20	+0.90	G8-K0II-III		
7504	295.46667	50.51750	6.20	+0.66	G2.5V		
7577	297.83083	47.37722	6.20	+0.36	F2V		
7655	300.31375	37.09889	6.20	+1.31	K0III		
7686	299.90250	76.48139	6.20	+1.61	M3III	69 Dra	
7802	305.73125	42.98333	6.20	+0.95	K0III		
7888	309.34833	38.32861	6.20	+0.99	K0III		
8081	317.83625	-72.54417	6.20	+1.08	K1III		
8249	324.51208	-64.82417	6.20	+0.03	A0-1IV		
8272	324.36625	44.69667	6.20	+0.19	A7III		
8290	325.18042	54.87222	6.20	+1.16	K0III		
8363	328.64958	-3.30111	6.20	+0.48	F5IV		
8761	345.37792	57.10556	6.20	+1.50	K1.5II		
8910	351.78792	-50.15722	6.20	-0.08	B9V		
112	7.72917	77.01944	6.21	+0.84	K0IV		
241	12.89042	51.57111	6.21		B9.5V		
260	14.05375	57.99667	6.21	+1.37	K3III		
304	15.67875	-65.45611	6.21	+1.64	M2III		
401	21.01042	-8.00750	6.21	+0.23	F0V	44 Cet	
499	26.07458	57.53639	6.21	+0.10	A3V		
609	30.92750	18.25333	6.21	+1.42	gK4		
671	34.79542	46.47250	6.21		A4V		
745	38.41750	-20.00194	6.21	+1.10	K0		
775	39.65375	3.44306	6.21	+1.00	G9III		
871	43.52708	-50.87139	6.21	+1.58	K4III		
1186	56.95667	-36.10583	6.21	-0.10	B8V		
1419	67.65958	32.45806	6.21	-0.04	B9.5Vn		
1438	67.85792	-13.64500	6.21	+0.12	A3V		
1710	78.49958	-14.60667	6.21	+0.37	F2III		
1837	82.58250	4.20417	6.21	+1.27	K2IIIe		
1961	85.83125	23.20417	6.21	-0.06	B2.5Ve		
1962	85.42292	-16.72556	6.21	-0.13	B3IVp		
2442	99.65875	1.61361	6.21	+0.15	O9.5II		
2510	101.55042	-37.77556	6.21	-0.13	B4Vne		
2577	103.67542	-1.75639	6.21	+0.56	B3IVe+K2II		
2578	103.48042	-24.53917	6.21	+0.01	A1		
2694	107.33458	-10.34722	6.21	+0.03	O6.5V		
2897	113.34208	-14.33833	6.21	-0.04	B1V		
2978	115.84250	22.39944	6.21	+0.93	K0III		
3012	115.72208	-58.23000	6.21	+1.05	K0III		
3164	121.40417	27.52972	6.21	+0.01	A0V		
3251	123.96875	-30.92583	6.21	+0.78	G5-8III+G:		
3488	131.59917	-41.12556	6.21	-0.05	B9Ve		
3489	131.27208	-58.72500	6.21	-0.09	B7III		
3946	149.77542	-23.95028	6.21	-0.10	B4Ve		
3973	151.69750	5.61139	6.21	+0.94	K1III	14 Sex	
4210	161.26500	-59.68417	6.21	+0.61	pec	Eta Car	
4364	168.72500	-43.73417	6.21	+1.61	K4III		
4383	170.22417	67.10056	6.21	+1.01	G8		
4490	174.96292	-14.46861	6.21	0.00	A1V		
4571	179.26542	-33.31528	6.21	-0.04	A0V		
4692	185.11667	-65.84278	6.21	-0.04	B9V		
4761	187.51208	51.53556	6.21	+0.51	F6-8V	7 CVn	
4767	187.70875	53.07667	6.21	+0.54	F8-G0V		
5033	200.37458	-19.48889	6.21	+0.09	A2V		
5143	205.06500	31.01194	6.21	+0.96	G5II:		
5166	206.19042	-25.50083	6.21	+1.38	K0		
5383	215.85667	-11.71417	6.21	+0.99	G7III	2 Lib	
5916	238.87667	-31.08361	6.21	+1.37	K4III		
5952	240.22375	-40.43528	6.21	+0.01	A0V		
5973	240.97792	-24.72639	6.21	+1.38	K0		
6069	243.10458	67.14417	6.21	+0.99	G8III		
6379	255.41750	75.29722	6.21		F0IV-Vn		
6403	258.96458	-30.21056	6.21	-0.03	B9.5V		
6473	261.15458	-18.44583	6.21	+0.03	B9Vn		
6496	261.75875	-12.51250	6.21	+0.51	F7V		
6661	268.16167	-6.14361	6.21	+1.40	F8Ib-G3Ib		
6704	270.00042	-20.33917	6.21	+1.40	K0II-III		
6741	270.62542	22.92306	6.21	-0.10	B3Vn	97 Her	
6753	270.78750	48.46444	6.21	+0.03	A2V		
6981	278.97167	16.97556	6.21	+0.53	G2V+G2V		
7076	282.01125	4.24139	6.21	+1.51	K5		
7163	284.59917	6.24028	6.21	+0.46	F5IV		
7527	297.59042	-61.06139	6.21	-0.14	B5V		
7692	301.33958	56.34139	6.21	+0.43	F4V		
7771	304.87167	13.21694	6.21	+1.63	M1III		
7824	307.07000	2.93694	6.21	+0.90	G8III		
7964	312.33542	-18.03583	6.21	+1.42	K3III		
7975	312.49625	5.54472	6.21	+0.98	K0		
8041	315.14083	-4.73028	6.21	+0.63	G1V	11 Aqr	
8117	318.81125	-40.50639	6.21	+1.14	K2III		
8269	324.99875	-52.35917	6.21	+0.60	F7III		
8330	326.76958	17.19417	6.21	+0.34	F3V		
8491	333.99917	8.54944	6.21	+0.02	A1Vn		
8624	339.94583	19.68111	6.21	0.00	A2V	41 Peg	
8692	342.54250	50.67694	6.21	+1.14	G4Ib		
8750	345.15792	0.18583	6.21	+0.89	G4III	3 Psc	
8757	345.34833	-7.06111	6.21	+1.41	K5III	81 Aqr	
8811	346.98833	64.22250	6.21	+1.10	K0		
9048	358.78250	7.07111	6.21	-0.07	B9V	26 Psc	
252	13.10125	-69.50444	6.22	+0.56	F7IV-V	Lam1Tuc	
455	23.94333	14.66139	6.22	-0.04	B9.5III	101 Psc	
697	35.74083	-18.35444	6.22	+0.94	G5		
817	41.08542	-32.52500	6.22	+0.04	A1V		
864	44.21083	51.26083	6.22	+1.57	K5III		
1206	58.30417	-18.43444	6.22	+0.88	gK+F		
1328	64.53417	42.14111	6.22	-0.08	B9V		
1477	69.84625	25.21833	6.22	+0.16	A5Vn		
1614	75.20417	-5.75333	6.22	+1.06	K3V		
1848	82.83708	-6.70833	6.22	-0.17	B2V		
1873	83.51625	-1.03556	6.22	-0.17	B2.5V		
1950	85.15542	-2.82500	6.22	-0.20	B1.5V		
2005	86.76958	-28.63917	6.22	-0.15	B5V		
2093	89.47583	1.22444	6.22	+1.48	M0III		
2096	90.07917	44.59194	6.22		K2III+K0III		
2097	89.54875	-0.99417	6.22	+1.14	K0		
2118	90.07375	-12.89972	6.22	+0.36	F0		
2270	94.78292	-8.58639	6.22	-0.04	B9V		
2330	96.98583	20.49611	6.22	+0.01	A2V s	16 Gem	
2626	104.67417	-45.76806	6.22	0.00	A0V		
2858	112.19708	15.10944	6.22	-0.05	B9IV		
3118	119.33333	-47.89028	6.22	-0.10	B5V		
3144	120.46125	8.91389	6.22	+0.57	G0IV		
3436	130.75083	46.90111	6.22	+0.96	G8III		
3887	146.48083	-58.79417	6.22	+0.46	F5IV		
4043	154.01292	-59.90333	6.22	+0.20	A5V		
4484	174.60042	-2.43611	6.22	+1.12	G9III		
4506	175.51458	-20.29389	6.22	+0.95	K0		
4569	179.22167	61.54917	6.22	+0.96	G8III		
4598	180.71500	-7.68361	6.22	+1.49	K5		
4622	182.10250	-60.84722	6.22	+1.74	K3-4II		
4653	183.57000	-64.40861	6.22	+0.12	B1.5Ia		
4664	184.09792	-72.61472	6.22	-0.01	A0V		
4746	186.96500	-4.61528	6.22	+0.44	A8n		
4747	187.10625	-61.79528	6.22	+1.26	K2III		
4790	188.87083	-61.84194	6.22	+0.73	G3III		
4982	198.21208	-42.69972	6.22	+1.06	K0III		
5043	200.78625	-33.19000	6.22	+1.65	M1III		
5344	214.26583	-18.58528	6.22	+0.98	G5		
5387	215.77833	25.33806	6.22	+0.37	F5V		
5465	220.48208	-58.61611	6.22	+0.45	F4V		
5587	225.49208	-34.35889	6.22	+0.24	A8IV		
5749	232.65125	-20.72833	6.22	+0.17	A5m		
5756	232.93083	-20.16472	6.22	+0.22	A8V		
5770	233.04042	16.05611	6.22	-0.05	B9V	12Tau2Ser	
6357	258.08250	-70.72111	6.22	+1.06	K1IVCNIII		
6633	267.08417	3.80417	6.22	+0.16	B9.5V		
6887	275.76208	16.68806	6.22	+1.20	K0		
6948	278.25375	-39.89222	6.22	+0.42	F5IV		
6954	278.63000	-52.89194	6.22	+1.25	K2III		
7022	281.34875	-56.88167	6.22	+1.38	K3III		
7143	284.09458	-1.80000	6.22	-0.05	B9III		
7153	283.44292	57.48694	6.22	+1.23	gK5		
7179	284.69417	40.67917	6.22	-0.16	B3V		
7199	283.38833	75.78750	6.22		A1V		
7338	289.75500	37.44528	6.22	-0.03	A0III		
7522	295.81083	58.01639	6.22	+0.56	G0V		
7706	303.09958	-42.78056	6.22	+1.23	K1III		
7713	302.76458	21.13472	6.22	+0.90	K0		
7760	304.38125	29.14806	6.22	+1.01	G9III		
7816	306.59667	17.31556	6.22	+1.01	K0		
7872	309.96417	-62.90778	6.22	+1.10	K1III		
7878	309.32625	0.09694	6.22	-0.08	B8IIIp		
7890	309.80500	-2.41278	6.22	-0.10	B7IIIne		
7923	310.49250	17.52139	6.22	+0.94	G8III		
8293	325.80625	-19.62083	6.22	+0.27	A3m		
8382	329.72917	-4.37306	6.22	+1.00	K2V		
8536	335.97583	38.57361	6.22	+0.49	F5IV:		
9083	0.33042	49.98167	6.22	+0.97	G7II-III		
19	2.21750	25.46278	6.23	+0.97	K0III		
86	5.60625	13.48250	6.23	+1.22	K3III	42 Psc	
281	14.59333	-60.69639	6.23	+0.10	Am		
387	20.14375	-3.24694	6.23	+1.02	K1III		
579	30.79375	73.85056	6.23		A5III		
634	32.85417	31.52639	6.23	+0.11	A1m	5 Tri	
731	37.72667	17.70389	6.23	+0.90	G5III-IV	27 Ari	
1116	54.90958	-3.39306	6.23	+1.04	G5		
1307	63.39500	10.21222	6.23	+0.05	B8Vn		
1371	65.89958	42.42806	6.23	0.00	A1pSi		
1400	66.75292	2.07944	6.23	+1.09	K1III		
1591	74.32167	-1.06722	6.23	+0.42	F2		
1806	81.51000	-5.51833	6.23	-0.06	B9.5Vn		
1925	85.33458	53.48111	6.23	+0.84	K1V		
2139	91.39167	33.59917	6.23	-0.08	B9pSi		
2340	97.11667	16.23833	6.23	+0.90	G5		
2611	104.42667	-27.53750	6.23	-0.14	B2.5V		
2612	104.32333	-35.50750	6.23	+0.46	F8IV-V		
2705	107.53875	-18.68528	6.23	+0.40	F0		
2807	110.57708	-2.97889	6.23	+0.68	F5		
3042	117.36917	-13.35333	6.23	-0.09	B8III		
3083	118.92000	35.41278	6.23	+0.28	A3IVp:		
3174	121.61458	-9.24500	6.23	-0.07	B9V		
3198	122.74500	14.62944	6.23	+0.02	A1V		
3521	133.11917	28.25917	6.23	+1.62	M3III	53 Cnc	
3843	146.37833	78.13472	6.23	+1.35	K2III		
4151	158.55375	-60.98778	6.23	+1.40	K2-3III		
4302	165.60167	-26.83139	6.23	+0.31	F1V		
4612	181.48625	-35.69389	6.23	-0.08	B8V		
4614	181.58250	-68.65083	6.23	+1.24	G3Ib		
4637	182.88083	-51.35944	6.23	+0.82	G6III+G:		
4680	184.63167	30.24917	6.23	+0.30	A9.5III		
5145	205.16292	28.06528	6.23	+1.28	K3III		
5263	210.29375	27.38667	6.23	+0.17	A7III	11 Boo	
5515	222.27875	-56.66778	6.23	+1.13	K1III		
5821	235.24292	-47.73556	6.23	+1.63	K5-M0III		
6096	245.66208	-2.07972	6.23	+0.07	B9V		
6197	250.76417	-46.07056	6.23	+0.85	F5Iab		
6619	266.41792	31.50472	6.23	0.00	A0Ib		
7011	280.46500	-23.83333	6.23	+0.23	Am	26 Sgr	
7071	281.23083	54.89667	6.23	+0.82	G5III		
7177	285.53625	-41.91000	6.23	0.00	A0V		
7263	287.01500	21.69889	6.23	+0.40	F3V		
7499	295.48958	40.25389	6.23	+0.18	A6V		
7574	298.09083	18.67194	6.23	+0.01	O7.5Iaf	9 Sge	
7784	305.06333	39.40333	6.23	+0.06	A1V		
8029	314.07083	56.88750	6.23	-0.18	B2.5IV		
8477	333.66083	-41.38167	6.23	+0.65	G5V		
8593	338.97042	-57.88361	6.23	+0.20	A5V		
8612	339.59250	-7.89778	6.23	+0.78	G0III+F0V		
8977	355.16917	36.72083	6.23	+0.39	F1V		
49	3.73375	22.28417	6.24	-0.01	A1pSi		
380	19.26500	-66.39806	6.24	+0.05	A0V		
466	24.40708	-9.40389	6.24	+0.53	F7V		
551	28.72417	40.70194	6.24	+1.25	K2		
755	38.47750	-51.09361	6.24	+0.52	F6V		
861	44.10333	64.33250	6.24	+2.03	K3Ib		
1047	52.35917	46.93778	6.24	+0.13	B7V		
1431	67.54042	-13.59222	6.24	+1.00	G5		
1619	75.50000	1.60889	6.24	-0.04	B8V		
1822	82.41917	29.18639	6.24	+0.45	F6III		
1891	83.84375	-4.42528	6.24	-0.15	B2.5V		
2122	90.72958	32.63583	6.24	+0.42	F4V		
2259	94.66875	9.04722	6.24	+0.87	K0		
2303	95.94167	-15.07167	6.24	+1.53	K2		
2308	96.36708	14.72194	6.24	+2.34	C5II		
2365	99.47875	73.69556	6.24	+0.38	F2		
2392	98.19542	-11.16639	6.24	+1.11	G9.5III:Ba3		
2555	103.34375	10.99639	6.24	+0.97	K0III		
2757	109.51708	30.95583	6.24	-0.03	A0Vn		
2831	111.21125	-19.01222	6.24	+0.29	A2Ib		
2876	112.71292	-5.22639	6.24	+1.18	K0		
2953	115.19708	13.77083	6.24		K0		
3351	128.13958	53.11472	6.24	+1.01	K0IV		
3365	128.34083	36.43639	6.24	+0.36	F5Vb vw	32 Lyn	
3390	128.37667	-46.97111	6.24	+1.56	K3III		
3767	142.45792	-23.34528	6.24	+1.57	K0		
3805	143.33375	-7.19000	6.24	+1.17	K0		
3853	145.41042	25.91278	6.24	+1.25	gK2	13 Leo	
3893	147.62542	4.34361	6.24	+0.48	F7Vn	4 Sex	
3921	148.63208	-22.48833	6.24	+0.04	A2		
3979	152.06625	31.60417	6.24	+0.45	F4V		
3988	152.48542	-12.09583	6.24	+0.18	A5m		
4190	160.63042	-13.97500	6.24	+1.54	K2		
4440	172.94833	-20.77667	6.24	+0.54	F7IV		
4740	186.60083	71.92972	6.24	+1.06	gG8		
4784	188.44750	33.38472	6.24	+1.05	K0III		
4871	192.58167	-48.45972	6.24	+0.05	A0V		
4882	193.10250	-53.82944	6.24	+1.13	G8Ib-II		
5275	210.98250	4.90083	6.24	+0.39	F4V		
5314	213.30500	-26.61222	6.24	+1.08	K0III		
5335	213.59792	41.51889	6.24	+1.04	gK3		
5790	234.04750	-33.09278	6.24		B8V		
5866	236.68917	-6.12028	6.24	+1.17	K0		
6201	250.29792	-1.00056	6.24	+0.30	A7III		
6471	262.03208	-63.03639	6.24	-0.09	B7-8V		
6576	265.51625	-50.51056	6.24	+1.76	M3+II-III		
6604	265.84167	14.29500	6.24	+0.42	F5II		
6717	267.54375	78.30667	6.24	+1.44	K5		
7182	285.40750	-22.69556	6.24	+1.66	K5		
7558	298.66833	-61.17083	6.24	+0.16	A4V		
7992	313.64583	-50.72778	6.24	-0.12	B5IV		
8941	353.42792	45.05806	6.24	+0.98	G8II		
8985	355.47708	57.26000	6.24		G8III		
9021	357.38167	-15.86111	6.24	+1.22	K2IIIbFe-0.5		
9043	358.33667	-24.22917	6.24	+0.19	A3Shell		
9097	0.85708	63.64194	6.24	+0.33	B3Ia		
44	3.50958	33.20611	6.25	-0.01	A1V		
306	19.05625	87.14528	6.25	+1.12	gK2		
327	17.00542	32.01222	6.25	+0.40	F5IV	78 Psc	
376	19.54250	47.41972	6.25	+1.35	K0		
502	26.19208	57.08917	6.25	+0.04	A2V		
696	36.31667	56.61000	6.25	+0.31	B2Ia	10 Per	
726	37.56917	33.83389	6.25	+1.07	K1III		
761	39.27667	32.89194	6.25	+0.48	F8V		
783	40.06542	6.11194	6.25	+0.40	F3V:		
819	41.74292	35.98361	6.25	+0.93	G8III		
825	42.37833	57.08417	6.25	+0.89	A5Ia		
908	45.46792	5.33611	6.25	+1.05	K0		
976	49.00792	34.68861	6.25	+0.28	A1m		
980	48.75083	-26.10028	6.25	+0.04	A5V		
1091	53.65583	-9.86861	6.25	+0.02	A2V		
1164	56.95375	32.19500	6.25	+0.47	G0		
1197	58.01792	31.16833	6.25	+0.20	A5V		
1310	63.45792	12.75333	6.25	+1.16	K0		
1442	68.38708	18.01667	6.25	+0.07	B9IVn		
1518	70.93417	-41.06472	6.25	+1.46	K3-4III		
1685	77.74167	-2.25389	6.25	+0.98	K1-IVa		
1798	81.52375	16.70028	6.25	-0.08	B2Vn	113 Tau	
1981	85.87583	-39.40694	6.25	+0.37	F3V		
2018	87.85708	32.12500	6.25	+1.75	M3III		
2041	89.39583	66.09611	6.25	+1.36	K0		
2240	94.24458	23.74083	6.25	+0.45	B3Ib	9 Gem	
2329	96.37458	-35.06389	6.25	+1.36	K3III		
3065	118.62208	47.38611	6.25	+1.15	gK2	25 Lyn	
3125	120.20000	19.81611	6.25	+1.11	K1III		
3126	119.21125	-59.12639	6.25	+2.08	M0III		
3480	131.52875	-11.00639	6.25	+1.61	K5III		
3499	132.63417	33.28528	6.25	+0.49	F7Vn		
3506	133.27458	59.05611	6.25		F5IV-V		
3585	134.81542	-28.80611	6.25	+1.00	G8III		
3680	138.81083	-45.55556	6.25	-0.08	B8V		
3804	143.49625	23.45389	6.25	+1.46	gK7		
4000	152.82417	-7.31667	6.25	+0.01	A2Vn		
4008	153.78208	59.98556	6.25	+1.60	M0III		
4011	153.33083	-27.02889	6.25	+0.31	A9mA8-F3		
4217	161.57000	-60.60333	6.25	+0.04	A0IV		
4419	171.97375	-1.70000	6.25	+1.04	gK2		
4718	186.18625	-41.38417	6.25	+1.18	K2-3III		
4806	189.71875	-67.19306	6.25	+0.06	B1Ia		
4900	193.45708	12.41861	6.25	+0.27	A7III	41 Vir	
5009	198.10583	80.47139	6.25	+0.94	K0Ib		
5346	214.13667	20.12139	6.25	+0.49	F8V		
5492	220.51333	61.26194	6.25	+0.41	F2V		
5751	233.01833	-38.62306	6.25	+0.20	A7V		
5831	235.04333	12.05306	6.25	+0.94	G7.5IIIaFe-0.5		
5951	240.71833	-62.54167	6.25	-0.04	B9.5V		
6009	242.02042	17.05444	6.25	+1.14	K1III	7Kap Her	
6041	243.23542	-4.22083	6.25	+0.13	A1V		
6157	247.76167	35.22500	6.25	+1.64	K5		
6277	253.54417	-1.61222	6.25	+0.28	F0V		
6373	259.14833	-74.53306	6.25	-0.01	A0V		
6861	275.38083	-24.91500	6.25	+1.84	M5III		
7017	279.88792	40.93500	6.25	-0.06	B9V		
7085	282.40458	0.83583	6.25	+0.04	A1V		
7290	287.44083	65.97861	6.25	0.00	A0V	55 Dra	
7291	288.88833	-24.17917	6.25	+0.54	F9V		
7296	289.13667	-33.52167	6.25	+0.02	G0Ipe(C1,0)		
7369	291.09208	16.93778	6.25	+0.08	A2III-IV	2 Sge	
7404	292.32500	0.24611	6.25	+1.32	K2		
7419	292.69542	36.22861	6.25	-0.04	B9.5III		
7461	294.92500	-45.27806	6.25	+0.28	F2IV		
7521	297.22958	-52.88806	6.25	+1.13	K1III		
7562	297.82375	9.63028	6.25	+0.10	A1m		
7808	306.72083	-37.40306	6.25	+0.97	K2IV-V		
7820	307.03125	8.43750	6.25	+1.08	G9III		
7886	309.47750	18.26917	6.25	+1.48	M6III		
8033	314.90042	-19.03528	6.25	-0.13	B9pSi	20 Cap	
8050	315.79250	-27.73194	6.25	+0.95	K0III		
8056	315.76250	1.53194	6.25	+0.48	F5V		
8091	317.38750	-20.55639	6.25	+0.38	F1IV	27 Cap	
8248	323.32458	45.85417	6.25	+1.81	K1Ib		
8263	324.39083	-0.39028	6.25	+0.06	A2V		
8660	341.36750	19.36667	6.25	+1.05	gG6	45 Peg	
8912	351.81167	1.12250	6.25	+1.02	G7III	9 Psc	
8924	352.38375	-4.53278	6.25	+1.09	K3III		
9086	0.43250	42.36722	6.25	-0.03	B9IIIpHg:Mn:		
9095	0.74000	-20.04611	6.25	+0.53	F6V		
9109	1.23333	26.64889	6.25	+1.40	K4IIIb		
110	7.23583	36.90000	6.26	+0.92	G5III		
111	7.17958	-50.53278	6.26	+1.09	K0III		
357	19.12792	79.91000	6.26	+0.42	F5V s		
411	21.17458	-44.52833	6.26	+1.14	K1II		
538	28.21167	51.47472	6.26		A3V		
552	28.73958	37.12833	6.26	+1.17	K0		
823	40.86083	-66.71444	6.26	+0.53	F5V		
849	43.33833	48.56944	6.26	+1.18	G5I		
957	47.82000	-16.02528	6.26	+1.20	K0		
1272	61.48542	-8.85611	6.26	+0.06	A3V		
1424	67.85000	40.01028	6.26	+0.04	B8V		
1515	72.02917	55.60250	6.26		F0		
1545	72.42583	-13.76972	6.26	+0.44	F5V		
1853	84.31750	66.69611	6.26		A8Vn		
1915	84.04292	-28.70778	6.26	+0.13	A2/3III/V:		
2300	96.00958	8.88472	6.26	-0.08	B8Vn		
2532	103.28167	44.83944	6.26	+0.21	A8Vn		
2594	103.50958	-50.61167	6.26	+0.99	K0-1III		
2623	104.91375	-21.60333	6.26	-0.15	B2-3IV-V:		
2907	113.30625	-40.05889	6.26	-0.12	B8IVpSi		
3167	121.79125	43.26028	6.26	-0.02	A1V	28 Lyn	
3205	122.44875	-42.64056	6.26	-0.04	B7V		
3562	133.83042	-45.04167	6.26	-0.16	B3IV		
3762	142.38500	-4.24722	6.26	+0.84	G6IV		
3891	146.77792	-65.07250	6.26	+0.08	B7III	Ups Car	
4182	160.35083	-1.74167	6.26	+0.88	K1IV	33 Sex	
4211	161.08083	-70.86000	6.26	+0.20	A5IV-V		
4516	176.30250	-49.06972	6.26	+1.17	K1III		
4529	177.09792	-10.31333	6.26	+0.58	F7V		
4570	179.18292	-47.07250	6.26	+0.40	F5V		
4658	183.87708	-41.91306	6.26	+1.01	K0III		
4734	186.70083	-48.91333	6.26	+0.68	G3-5V		
4777	188.26208	10.29556	6.26	+0.95	G8III	20 Vir	
4778	188.34333	-19.79194	6.26	+0.29	F2V		
4814	189.98167	-66.51167	6.26	-0.05	B8V		
4856	191.88917	-6.30194	6.26	+0.55	F7V		
4904	193.55458	33.53444	6.26	+0.20	A7IV		
4938	196.20042	-41.19667	6.26	+1.68	M3-4III		
5031	200.17333	2.94167	6.26	+0.10	A3V		
5274	210.90333	7.54639	6.26	+0.94	G9III		
5479	218.40958	79.66028	6.26	+1.30	K3III		
5931	238.91583	18.62056	6.26	-0.11	B8III		
6190	250.14375	-20.40861	6.26	+1.08	gG9		
6321	255.46333	-18.88556	6.26	+1.38	K0III	29 Oph	
6557	264.36167	-38.06556	6.26	+1.25	G2Ib		
6575	264.78542	2.02806	6.26	+1.03	K0III+F4IV		
6722	270.23833	15.09333	6.26	+0.69	G5IV		
7339	290.40458	-19.23417	6.26	-0.10	B5V		
7351	289.90208	54.37611	6.26	+0.03	A1V		
7459	295.07625	-54.41750	6.26	+1.00	K0III		
7511	296.14208	13.30278	6.26	-0.03	B9III-IV	48Psi Aql	
7674	301.89625	-55.01639	6.26	+0.53	F8V		
7695	301.18583	63.89056	6.26	+0.10	A2II-III		
7716	302.83792	21.87556	6.26	-0.02	B1Ibe		
8543	336.41958	18.44444	6.26	+1.22	K0		
8808	346.94875	63.63333	6.26	-0.02	B3V		
8960	354.41583	16.82556	6.26	0.00	A1V	74 Peg	
8981	355.36208	49.51222	6.26	+0.19	A4V		
9058	359.28458	-26.62361	6.26	+1.45	K3III		
9065	359.58833	-15.84750	6.26	+1.08	K0II-III	1 Cet	
229	12.23625	-46.69778	6.27	+0.90	G8III		
250	13.44833	52.68917	6.27	+0.19	A5m		
256	13.77167	48.67861	6.27	+1.68	M2.5IIIa		
415	21.77583	34.37750	6.27	+0.46	F7IVb vs		
508	26.23250	20.08306	6.27	+0.75	G3Va	109 Psc	
940	47.08833	18.79500	6.27	+1.58	M0III	54 Ari	
970	48.25625	-35.94389	6.27	-0.08	B8V		
1080	54.85333	75.73972	6.27	+0.97	G9III-IV		
1362	65.16125	-6.24556	6.27	+0.91	G8IV:		
1667	76.25250	-54.40750	6.27	+1.54	M2III		
1700	76.53875	-73.03778	6.27	-0.01	A1V		
1711	78.86542	22.28472	6.27	+0.08	A2V	108 Tau	
1818	81.19250	-52.31639	6.27	+0.07	A0V	The Pic	
1854	83.40833	34.72583	6.27	+0.15	A3IV		
1878	83.98125	27.66222	6.27	+1.54	K0		
2187	92.14417	-44.35611	6.27	-0.15	B8II		
2192	92.44667	-26.70083	6.27	+1.01	G8-K0III		
2328	96.68708	-7.51139	6.27	-0.04	A0Vn		
2337	95.75542	-63.68306	6.27	+1.60	M1III		
2360	96.23167	-63.82778	6.27	-0.13	B6V		
2463	101.04833	53.29639	6.27	+1.08	K0		
2597	104.35708	11.90750	6.27	+0.34	F2Ib-II		
2606	104.66250	7.62194	6.27	+0.11	A3V		
2634	104.66500	-55.72944	6.27	+1.16	K2III		
2637	105.17750	-28.48944	6.27	+0.45	F5V		
2920	114.06917	-8.31139	6.27	+1.54	K2		
2926	114.56042	24.36028	6.27		F0		
3181	122.34625	42.43056	6.27	+1.27	gK3		
3184	122.17667	13.64083	6.27	+0.43	F3V	12 Cnc	
3246	124.56583	54.14361	6.27	+1.54	K5		
3602	135.52667	-39.40250	6.27	+1.00	K1III-IV		
3758	142.25917	-1.25694	6.27	+0.27	F0Vn		
3813	142.88708	-66.71944	6.27	+1.35	K1III		
3911	148.76417	61.11611	6.27	+1.05	K0		
3972	151.31333	-36.38389	6.27	+1.11	K1III		
3986	152.14792	-15.61167	6.27	-0.01	A0V		
4083	155.80458	-30.16222	6.27	+0.31	F0III		
4087	155.91833	-41.95333	6.27	+0.88	G8IV		
4197	161.06042	19.75861	6.27	+0.17	A5V		
4213	161.11042	-72.44389	6.27	+0.49	F6V		
4372	169.29917	-38.01444	6.27	+0.10	A3Vn		
4387	169.90125	-75.14250	6.27	-0.03	B9.5-A0V		
4482	174.63417	33.62556	6.27	+1.32	K2III		
4500	175.43167	55.17250	6.27	+1.49	K5		
4545	177.78917	33.37500	6.27	+0.32	Am		
4606	181.11708	85.58722	6.27	+0.59	F6V		
4685	184.82958	23.03472	6.27	+0.17	A5III vs	8 Com	
4866	192.17417	48.46694	6.27	+0.18	A6m	11 CVn	
5135	204.92000	-39.74806	6.27	+1.66	M4III		
5271	210.55083	45.75361	6.27	+1.32	K2III		
5384	215.81375	1.24167	6.27	+0.63	G1V		
5402	216.37167	38.39306	6.27	+1.23	gK2		
5437	217.92833	60.22556	6.27	+0.24	F0III		
5615	226.55792	-36.26417	6.27	+1.65	K5III		
5740	231.47208	19.48083	6.27	+0.60	G0IV-V		
6294	254.26667	-19.54000	6.27	+0.07	B6V+B7V		
6423	259.87625	-50.06333	6.27	+0.41	F8III+B9V		
6904	276.24375	27.39528	6.27	+0.05	A0V+A4V		
6912	280.55875	-81.80778	6.27	-0.13	B8V		
6914	277.02583	-26.75722	6.27	+0.16	A3/4V		
7274	289.11875	-69.19056	6.27	+0.17	A6IV-V	Tau Pav	
7311	288.83042	50.07083	6.27		G8III		
7433	293.89000	-12.25278	6.27	+1.09	K0		
7526	295.91500	57.04250	6.27	+0.88	K2III		
7717	303.14667	0.86750	6.27	+0.02	B9pCrEu:Sr:		
7732	304.76250	-63.23111	6.27	+1.04	K0III		
7752	304.01417	38.89778	6.27	+0.01	A1V		
7758	305.13458	-55.05083	6.27	+1.59	M0-1III		
7766	305.42083	-49.99944	6.27	+0.55	G0V		
7868	307.50292	72.53167	6.27	+1.35	gK4		
7946	311.76500	-2.48667	6.27	+1.55	K2		
7972	311.97000	52.40722	6.27	+0.89	G7IV		
8096	317.69542	-9.35389	6.27	+1.16	K0III		
8116	318.37000	15.98250	6.27	+0.24	A7Vn		
8427	331.46333	48.23167	6.27	-0.06	B2V		
8451	332.58792	-3.89417	6.27	-0.01	A1Vnn		
232	12.38917	-23.36167	6.28	+0.13	A3V		
447	23.15125	-49.72778	6.28	+0.46	F4V		
616	31.62208	0.03500	6.28	+0.90	K0		
690	35.96583	55.36444	6.28	+0.86	F7Ib		
942	47.16125	8.47083	6.28	+1.06	G9III		
1039	51.82792	12.73500	6.28	-0.02	A0V s		
1270	62.36500	59.90806	6.28	+1.14	G8IIa		
1606	73.27292	-72.40750	6.28	+0.52	F6V		
1775	81.15958	31.22389	6.28	+1.24	K1III		
2071	88.89750	-4.78833	6.28	+0.06	A2III		
2457	100.34083	16.39750	6.28	-0.01	A1V		
2486	102.05125	55.70444	6.28	+0.47	dF5		
2673	107.05542	33.83222	6.28	+1.34	K1		
2893	113.52125	10.56833	6.28	-0.01	A1V		
2925	113.66458	-51.47472	6.28	+0.08	A1III-IV		
3161	120.38125	-55.45500	6.28	-0.15	B4V		
3217	122.10208	-63.80111	6.28	-0.06	B6Ve		
3376	128.43792	13.25722	6.28	+1.17	K0III		
3717	139.88583	-55.18667	6.28	-0.10	B5V		
3722	141.43417	63.94083	6.28	+1.46	K2III		
3931	149.19375	-26.55028	6.28	+0.22	A4V		
4003	153.01208	-28.60639	6.28	+0.01	A1V		
4150	159.08917	36.32694	6.28	+0.39	F3V	35 LMi	
4201	161.28917	2.48806	6.28	+1.21	K4III	36 Sex	
4424	172.43125	56.73750	6.28	+0.15	A4m		
4588	180.17708	-21.83722	6.28	+1.22	K0IV		
4686	183.83458	87.70000	6.28	+0.35	F2V		
4967	197.42500	38.53389	6.28	-0.12	B7III	15 CVn	
4990	198.36167	-18.82667	6.28	+0.09	B9III	54 Vir	
5063	201.83667	-49.38083	6.28	-0.12	B3IV		
5277	211.11250	-14.97167	6.28	+1.08	G6III		
5283	211.15625	2.29750	6.28	+1.02	K0		
5510	221.30708	32.78833	6.28	+1.58	M1IIIb		
5623	227.35625	-63.64278	6.28	+0.06	A0pSrCrEu		
5669	228.71125	-5.50278	6.28	+1.47	K2		
5682	229.53917	-41.06083	6.28	+0.18	Am		
5684	230.16958	-67.48139	6.28	-0.09	B3V		
5717	230.59667	12.56750	6.28	-0.02	A0V	7 Ser	
6305	254.37917	25.35278	6.28	+0.90	gG5	57 Her	
6331	256.27208	-45.50167	6.28	+0.07	A2V		
6491	261.11292	36.95194	6.28	+0.88	G5III+F0V		
6525	263.89542	-59.84611	6.28	-0.08	B5II-III		
6591	265.17167	31.28750	6.28	+1.05	K0III		
6715	270.34625	-17.15694	6.28	+1.80	K3III	6 Sgr	
6762	271.79750	-21.44389	6.28	+0.12	B0.5Ib		
6940	277.55958	-5.72417	6.28	+0.95	G8II-III		
7010	279.96500	7.35833	6.28	+0.96	G8III		
7118	283.02958	41.38333	6.28	-0.09	B9IIIpSi		
7508	295.98292	27.13556	6.28	+1.10	B7V+G1:III		
7617	299.73500	-30.53806	6.28	+1.05	K1III		
7704	301.22208	68.02722	6.28	+1.65	M3IIIa		
7910	310.35042	-26.00000	6.28	+1.22	K2III		
7959	312.90958	-62.42917	6.28	+0.15	A2-3IV-V		
8268	324.77542	-33.67917	6.28	+0.92	G8IV		
8325	326.60000	25.56333	6.28	+1.21	K3III:		
8394	330.54958	-17.90361	6.28	+1.01	gG7		
8600	339.12208	-40.58278	6.28	+0.12	A3Vn	Sig1Gru	
8668	341.82958	-34.16111	6.28	+1.16	K1III		
8730	344.38667	3.81028	6.28	+1.12	K1III		
8756	345.34583	-22.79083	6.28	+0.13	A5V		
9042	358.27000	2.09056	6.28	-0.01	A1V	25 Psc	
2	1.26583	-0.50306	6.29	+1.10	gG9		
300	15.82333	-29.52583	6.29	+0.93	G5IV		
312	17.30125	80.01167	6.29		sgG6		
396	20.90625	34.24583	6.29	+0.83	G8IV		
626	33.33833	74.02778	6.29	+0.91	G8III		
884	44.30458	-29.85528	6.29	+0.47	A2-3V:+G:		
1056	52.87250	49.20972	6.29	+0.09	A0Vn		
1154	54.12500	-78.32306	6.29	+1.15	K2III		
1405	66.05083	-57.07139	6.29	+0.66	G4V		
1682	75.05500	-78.30028	6.29	+1.51	K5-M0III		
1831	82.68083	22.46250	6.29	+1.18	K0		
1979	86.81125	42.52667	6.29	+1.35	K0		
2003	87.73500	51.51472	6.29	+1.05	K1III		
2408	97.51250	-65.56833	6.29	+0.33	F0III		
2482	100.56833	-38.39861	6.29	+0.34	A3V+F/G		
2534	102.67625	-8.04111	6.29	0.00	A2pSrCrEu		
2584	103.89417	8.32472	6.29	+0.04	A0V		
2604	104.19042	-35.34167	6.29	+1.29	K2III		
2765	109.38208	-6.68000	6.29	+1.62	K2		
3166	120.87292	-42.94861	6.29	+1.01	G8II		
3252	124.38208	8.86611	6.29	+0.98	G8III		
3471	130.58708	-55.77417	6.29	+1.18	K2III		
3563	134.49458	30.23361	6.29	+0.43	F6V	61 Cnc	
3668	138.32750	-42.27361	6.29	+1.25	K2III		
3719	141.96500	75.09833	6.29	+0.07	A5V s		
3736	141.38542	16.58556	6.29	+0.97	gG9		
4157	159.01917	-26.67500	6.29	+0.48	F5V		
4473	174.25500	-32.98806	6.29	+0.46	F6III-IV		
4665	183.92250	72.55083	6.29	+1.14	K0IIIe+K0IIIe		
4780	188.39250	24.28306	6.29	+0.11	A4Vm	22 Com	
5153	205.08875	57.20750	6.29	+0.10	A2VpSrCrEu		
5542	223.13792	-30.57694	6.29	+0.60	G1V		
5565	224.30667	-29.15778	6.29	-0.04	B9V		
5919	238.66792	8.58028	6.29	+0.18	A7Vn	40 Ser	
5923	239.05792	-31.78583	6.29	+0.43	F6V		
5992	241.40750	8.09611	6.29	+0.08	A3m		
6043	242.91542	33.34250	6.29	+1.20	K2III		
6076	244.78208	-20.21778	6.29	+1.08	K5III		
6150	247.18083	51.40778	6.29	+1.05	G9III		
6264	252.65042	41.89667	6.29	+1.08	gK3		
6354	256.72167	-26.51306	6.29	-0.04	A0III		
6395	257.62750	52.40889	6.29	0.00	B9V		
6465	260.71375	-2.38833	6.29	+0.68	G5IV		
6683	269.49083	-39.13694	6.29	+0.01	A0IV-V		
6690	269.23333	6.48778	6.29	0.00	B9III		
6790	271.72292	50.82278	6.29	+1.04	K0III		
6847	273.88583	45.20944	6.29	+0.62	G2V		
6995	279.28750	16.19833	6.29	+0.90	G8IV		
7103	283.11875	-26.65028	6.29	+0.94	G8/K0III		
7183	284.99208	22.81472	6.29	+1.75	M3.5IIIab		
7241	286.78542	-18.73778	6.29	-0.04	B8III		
7448	293.29208	60.15861	6.29	+1.57	K4III		
7600	298.25500	47.80750	6.29	-0.11	B0.5IIIn		
7639	300.36000	-40.81417	6.29	+0.11	A2-3V		
7762	304.37125	42.72194	6.29	+1.64	K4II:		
7915	310.72083	-39.55861	6.29	+1.08	K1III		
7978	312.17792	51.91056	6.29	-0.07	B8Vnp		
8158	320.05833	22.02639	6.29	-0.08	B6IV		
8341	327.36208	20.46250	6.29	-0.10	B2V		
8342	326.75417	70.15083	6.29		A0V		
8542	336.54458	-23.68250	6.29	-0.03	A0V		
8568	337.08208	64.08556	6.29	+1.08	K0		
8606	338.97250	50.07111	6.29	-0.05	B3V		
8744	344.79292	52.65444	6.29	+1.42	K2		
8746	345.10250	-25.62667	6.29	+1.13	K1III		
8891	350.66875	20.82861	6.29	-0.04	B9.5V	65 Peg	
8932	352.92542	-21.36944	6.29	+0.33	A9III	100 Aqr	
9077	0.08000	-44.29056	6.29	+0.76	G3IV		
9099	0.96625	66.71222	6.29	+1.67	M4III		
40	3.35000	26.98722	6.30	+0.65	G0III		
134	8.20458	28.28028	6.30	+1.00	K0III		
362	18.43875	7.57833	6.30	+0.49	F7V	86Zet Psc	
742	38.06167	-36.42750	6.30	+1.02	G8III		
769	39.61583	38.08944	6.30	-0.03	B9.5V		
797	40.62042	10.74167	6.30	+0.06	A2V		
820	41.76458	35.55500	6.30		A9V		
1094	54.58208	56.93278	6.30	-0.13	B9p		
1168	56.14083	-54.27389	6.30	+1.04	K1III		
1194	57.81583	13.04583	6.30	-0.07	B9pSi		
1226	59.62125	38.84028	6.30	+1.08	gK1		
1476	69.21208	-30.71667	6.30	-0.10	B9IV-V		
2172	92.94167	52.64722	6.30	+0.14	A5IIIm		
2488	100.84708	-39.19333	6.30	+0.26	A8:mDel Del		
2541	103.30583	38.43806	6.30	+0.49	dF5	60 Aur	
2552	103.09542	-5.31611	6.30	+0.99	K0		
2622	105.07500	-5.36694	6.30	+0.57	G0III-IV		
2794	109.80708	-33.72722	6.30	+1.31	K2-3III		
2895	113.09292	-35.96139	6.30	-0.10	B9V		
2898	113.98333	43.03111	6.30		F0		
3186	121.17875	-62.83611	6.30	-0.10	B2.5Vn		
3311	126.69583	26.93528	6.30	+0.18	A3V	23Phi2Cnc	
3371	127.66333	-44.73722	6.30	-0.02	B4IV		
3399	128.62208	-37.61139	6.30	+1.56	K5III		
3429	130.11250	19.54500	6.30	+0.17	A8Vn	41Eps Cnc	
3503	132.00083	-52.85056	6.30	-0.10	B8V		
3740	140.86417	-60.30250	6.30	+1.48	K1-2II-III		
3916	148.24167	-27.33222	6.30	+0.62	G1V		
3929	149.48708	45.41444	6.30	+1.11	K0III		
3936	149.60875	27.75889	6.30		F3V		
4045	154.16750	-51.20500	6.30	+1.54	M4-5III		
4053	154.65750	-36.80472	6.30	+1.28	K2-3III		
4170	158.85333	-76.30917	6.30	+1.20	K2III		
4260	163.90542	24.74889	6.30		A2Vn	54 Leo	
4318	166.52417	-51.21250	6.30	+0.95	G8III		
4341	167.93208	14.40028	6.30	+0.21	A5V		
4555	178.45958	0.55194	6.30	+0.20	F0V		
4720	186.32208	-65.77056	6.30	+0.96	G8-K0IV		
4886	193.11500	16.12250	6.30	+0.16	A7V		
5160	205.62000	41.67417	6.30	+0.86	G6III		
5272	210.97125	-22.42167	6.30	+0.45	F5III		
5273	210.88458	10.78667	6.30	+0.74	G8V		
5461	220.13667	-56.44083	6.30	+1.18	K0-1II		
5509	221.88375	-43.55750	6.30	+1.08	G8III		
5632	227.68583	-61.42250	6.30	+0.63	G2V		
5665	228.38292	22.98333	6.30	+0.06	A2V		
5703	230.25583	-15.54833	6.30	+0.41	F0III	29Omi Lib	
6026	242.99417	-19.44972	6.30	+0.13	B8V+B9VpSi	14Nu Sco	
6176	249.17917	15.49806	6.30	-0.11	B9pSiCrSr:		
6180	247.86708	72.61194	6.30	+1.32	K2III		
6335	254.07000	73.12778	6.30	+0.24	F0V		
6340	256.18875	-20.49472	6.30	-0.02	B6IV		
6350	256.54917	-21.56472	6.30	+0.13	A3m		
6382	258.06875	-38.82222	6.30	+1.05	K1IIICNII		
6601	265.94583	-7.07944	6.30	+0.38	B1.5V		
6697	269.30958	23.99583	6.30	+0.63	G2V		
6708	270.45125	-36.37778	6.30	-0.03	B7IV		
6839	274.66667	-42.28833	6.30	-0.11	B0.5Ia		
6851	274.51208	13.77694	6.30	-0.03	B5V		
6880	274.98375	51.34778	6.30	+1.10	gK1		
6893	276.47750	-33.94528	6.30	-0.08	B5IV		
7196	284.74833	50.80944	6.30	+0.98	G8III		
7208	285.59000	8.37417	6.30	+1.67	K2III		
7246	287.06083	-24.65694	6.30	+0.04	B9III		
7270	287.82875	-29.50222	6.30	-0.04	B9		
7393	292.64375	-55.11000	6.30	+0.45	F5V	Mu Tel	
7725	303.96083	-30.00528	6.30	+1.51	K4III		
7764	305.11708	-29.19722	6.30	+0.17	A4/7V		
7788	305.75333	-9.65472	6.30	+0.91	G5IIIa		
7958	311.66042	46.53167	6.30	+0.03	A3V		
8299	326.12292	-38.55250	6.30	+1.12	G5III		
8476	332.98708	59.08472	6.30	+1.13	K0III		
8608	339.26958	12.57722	6.30		K5		
8609	339.20292	35.65250	6.30	+1.37	K5		
8646	341.06875	-60.49944	6.30	+0.56	F3V		
8674	341.98417	-25.91194	6.30	+0.91	G5III		
8792	346.63292	19.91083	6.30	+0.49	F7V		
43	3.43417	-26.28472	6.31	+1.48	K5III		
375	20.08125	77.57056	6.31	+0.92	G5III		
410	21.53625	34.57972	6.31	+0.47	F7V		
435	22.37667	-46.75639	6.31	+1.66	M2III		
614	31.55125	8.24750	6.31	+1.65	M2III:		
621	32.53250	53.84306	6.31	+0.95	G8III		
698	35.54917	-43.20000	6.31	+1.00	K0III		
856	43.29875	16.48333	6.31		F5III		
903	44.90958	-32.50722	6.31	0.00	A0V		
930	47.01625	52.21333	6.31	-0.01	B5V		
975	48.94583	32.85639	6.31	+0.37	F4V vw		
1255	61.65250	54.00861	6.31	+0.99	K0III-IV		
1322	63.87167	6.18667	6.31	+0.59	G0IV		
1349	64.90625	10.12139	6.31	+1.43	K0		
1651	75.97500	-41.74500	6.31	+0.53	F8V		
1960	84.22792	-66.56028	6.31	-0.07	B9.5V		
1970	85.78875	-1.61306	6.31	+1.47	K4III		
2051	88.56542	3.22528	6.31	+1.29	K0		
2211	92.66625	-45.28194	6.31	-0.03	A0V		
2280	95.35750	2.26861	6.31	+0.24	A4.5V		
2323	96.18542	-40.28417	6.31	-0.05	B9V		
2471	101.05250	36.10972	6.31	+0.06	A2V		
2625	105.03375	-20.15889	6.31	-0.15	B4III		
2709	111.34125	81.25750	6.31	-0.04	A0III		
2829	110.99292	-35.83778	6.31	-0.15	B7III		
2847	111.42917	-31.73861	6.31	-0.17	B2V		
3032	116.77417	-39.33139	6.31	-0.17	B8III		
3061	118.03000	3.27722	6.31	+1.59	M4III		
3132	120.43250	25.08972	6.31	+0.01	A1V	4Ome2Cnc	
3332	128.22250	69.32000	6.31	+1.35	K0		
3352	129.20292	74.72361	6.31		A2m		
3373	127.85250	-39.06417	6.31	-0.15	B4V		
3667	138.35792	-38.61639	6.31	0.00	A0V		
3725	141.23208	51.57389	6.31	+0.75	G2III		
3822	143.89042	-19.58361	6.31	+0.06	A2V		
3846	144.94750	-10.57028	6.31	-0.03	A0Vn	37 Hya	
3885	147.59875	65.59333	6.31	+0.28	A9Vn		
4245	163.15042	-0.20139	6.31	+1.50	K5III		
4370	169.11542	-45.88000	6.31	+0.40	F3V		
4470	174.17000	-37.23778	6.31	+0.06	A1V		
4591	180.25750	-1.76806	6.31	+1.21	gG8		
4864	192.19583	24.84028	6.31	+0.70	G7V		
4918	194.38833	-22.75389	6.31	+1.07	G5		
4950	196.20708	73.02528	6.31		F0V		
5061	201.77625	-49.14389	6.31		A0III-IV		
5325	213.91167	-45.00083	6.31	+0.60	F9V		
5847	235.85375	-15.04333	6.31	+1.16	K0IV		
5921	239.26583	-48.16222	6.31	+0.38	F1IV		
5935	239.62792	-37.50306	6.31	+1.01	K0III		
5949	238.95708	58.91167	6.31	-0.02	A0V		
5950	239.37458	39.69528	6.31	+1.07	K0		
6057	243.55625	5.90194	6.31	+1.15	K2III		
6181	249.45000	13.68694	6.31	+0.41	F5IV		
6326	255.38750	14.94944	6.31	+0.04	B9pCrEu		
6843	274.35083	-9.75861	6.31	+0.38	A8V		
6892	276.17542	-7.07528	6.31	+1.16	K0		
6909	276.93250	-26.63472	6.31	+0.26	A8V+F2V		
7034	280.96417	-6.81861	6.31	+0.48	F7V		
7047	281.16750	23.58972	6.31	+0.40	F6V		
7093	283.30042	-51.93111	6.31	-0.09	B4III		
7136	284.39458	-39.82333	6.31	+0.20	A3		
7229	285.52917	52.26111	6.31	+1.00	G8III		
7244	286.44625	29.92167	6.31	+1.65	M0III		
7341	289.65708	49.56972	6.31	+1.12	K1III		
7345	289.91208	37.33056	6.31	+0.68	G8V		
7346	290.13792	35.18611	6.31	-0.12	B9V		
7347	290.58625	-8.20111	6.31	-0.10	B3IVp		
7384	291.34333	20.27139	6.31	-0.02	A0V		
7700	302.15958	10.72583	6.31	-0.12	B3V		
7745	304.73333	-47.71083	6.31	+1.67	M1III		
7755	303.93083	50.23278	6.31		A2Vn		
8057	315.75750	14.73000	6.31	+1.67	M1III		
8125	319.50125	-64.68167	6.31	-0.07	B8V		
8177	321.08667	-46.61500	6.31	+0.20	A7mSr:		
8257	323.82917	28.19722	6.31	+0.35	F0IV		
8337	327.42125	-12.72306	6.31	+0.22	A3m		
8619	339.93333	-28.32528	6.31	+1.01	K0IV		
8629	340.20000	-3.55417	6.31	+0.52	F6V		
8727	344.32167	-4.81000	6.31	+0.94	G9III		
8837	348.55958	50.61778	6.31		A0V		
8897	350.88292	0.29139	6.31	+1.61	K2		
9001	356.50500	-40.18250	6.31	+0.20	A7III-IV		
9054	359.12458	-24.73722	6.31	+0.92	G5		
276	14.47708	13.69583	6.32	+0.89	G8III		
518	26.95000	46.22972	6.32	+0.43	F6V		
528	26.94917	-37.15972	6.32	+1.02	K0III		
636	32.52042	-43.81556	6.32	+0.90	G8III		
859	43.21042	-9.44111	6.32	+0.19	A7IV		
1032	52.58125	71.86389	6.32	+1.80	M2III		
1049	51.54875	-41.63694	6.32	+0.06	A0V		
1166	57.92417	68.50750	6.32	-0.08	B9IVp		
1237	60.15375	17.29667	6.32	+0.06	A0V		
1282	63.21500	68.50167	6.32	+1.18	K0		
1319	63.94292	15.40056	6.32	+0.40	F5V	48 Tau	
1382	66.75375	57.58528	6.32	+0.04	A0III		
1613	75.16583	-2.06556	6.32	+0.28	A8IV		
1703	78.44667	0.56028	6.32	+1.46	M0V		
1786	81.15083	2.35278	6.32	-0.15	B4IVn		
1936	83.74000	-61.17583	6.32	+0.85	G5IV		
2009	86.82750	-35.67472	6.32	+1.18	K1III		
2066	89.14083	28.94222	6.32	+0.30	A2II		
2258	94.75750	17.32500	6.32	-0.07	B9IIIpSiCr:		
2368	97.17625	-41.07444	6.32	+0.40	F2-3V		
2591	103.61125	-42.36556	6.32	+2.24	C3II		
2755	108.94792	-23.74056	6.32		A0		
2768	109.23833	-30.89667	6.32	+0.20	A9II		
3057	117.36750	-44.75194	6.32	+0.96	K0III		
3074	117.83542	-43.09556	6.32	-0.17	B2IV-V		
3142	119.80125	-49.97667	6.32		B2IV-V		
3189	122.23708	-11.33972	6.32	+0.01	A0Vn		
3197	126.13708	82.43083	6.32	+0.01	A2Vn		
3265	124.81292	-10.16583	6.32	+0.33	F3IIIpDel Del		
3296	125.82167	-38.28583	6.32	+1.63	M1III		
3309	126.90333	45.65306	6.32	+0.62	G5V		
3310	126.69500	26.93444	6.32	+0.18	A6V	23Phi2Cnc	
3394	129.03208	15.31361	6.32		F0IV		
3491	130.97625	-68.21167	6.32	+1.50	K3III:		
3693	138.89583	-57.57806	6.32	+1.04	G8II		
3933	149.22500	-27.47500	6.32	+0.17	A4V		
3987	152.74542	40.66139	6.32	+1.25	gK3		
4060	154.99750	-9.05889	6.32	+0.33	F1IV		
4085	156.05458	2.36806	6.32	+1.00	G9V		
4106	157.47625	65.62611	6.32	+1.14	gK2	35 UMa	
4321	166.61417	-50.95667	6.32	+1.16	K2III		
4412	171.60625	33.45056	6.32	+0.43	F7V		
4727	186.27667	63.80278	6.32	+0.91	G8III		
4884	193.05125	17.07389	6.32	+1.59	M0III	32 Com	
4959	197.31000	-9.53833	6.32	+1.02	K0		
5148	205.09667	50.51944	6.32	+0.54	F7-9V		
5245	209.04375	32.03250	6.32	+0.37	F4IV-V		
5363	214.45500	48.00167	6.32	+0.44	F5		
5398	216.55583	-42.31917	6.32	+1.19	K2III		
5645	228.25417	-61.74389	6.32	+1.90	K4Ib		
5702	229.87583	32.51528	6.32	+0.24	A2m		
5809	234.56542	-28.20667	6.32	+1.17	K1III		
5996	241.76417	-14.07083	6.32	+0.66	G4IV-V		
6053	243.66292	-18.53528	6.32	+1.09	K2III		
6231	253.07250	-67.68194	6.32	+1.28	K2III		
6238	249.47042	78.91833	6.32	+1.14	G9III		
6248	252.59292	-2.65389	6.32	+0.42	F1III-IV		
6261	253.49500	-41.99472	6.32	+0.50	B1Ia		
6307	254.42625	24.38139	6.32	+1.10	K0III		
6439	259.99792	-5.91722	6.32	+0.85	G9V		
6448	259.12250	60.67056	6.32	+1.09	K1.5IIIb		
6792	271.77625	49.71056	6.32		A2V		
6911	275.94917	53.30083	6.32	+0.16	A3m		
6952	278.34708	-38.72028	6.32		A0III	Kap1CrA	
7026	281.03208	-36.71861	6.32	+0.98	K0III		
7186	285.38958	-15.28250	6.32	+1.00	gG6		
7325	289.71958	9.61806	6.32	+1.05	G9III		
7353	290.76917	-7.40028	6.32	+1.45	K0		
7396	291.89125	14.28250	6.32	-0.06	B4III		
7452	294.03458	22.58583	6.32	-0.07	B9pSi:Cr:		
7642	299.64333	38.10556	6.32	-0.09	B5IV		
7738	304.09500	-12.33694	6.32	+0.01	B9pHg	3 Cap	
7885	309.38250	31.57250	6.32	-0.09	B8IIIn	48 Cyg	
7940	310.80625	57.11417	6.32	+0.33	B2III		
8074	315.93042	46.86194	6.32	+0.25	F0IVn		
8197	321.09625	24.52889	6.32	+1.04	K0III		
8241	323.57083	-42.92500	6.32	+1.09	K1IIICNII		
8442	331.79000	58.84083	6.32	+0.88	G6III		
8460	332.71500	30.55306	6.32	+0.18	A8IV		
8587	338.19542	15.86333	6.32	+1.19	K0		
8873	349.86417	34.79333	6.32	-0.08	B8III		
8875	349.92333	48.38083	6.32	+1.12	K1III		
8914	352.00292	-35.54444	6.32	+1.20	K2III		
9092	0.60083	8.95694	6.32	+0.18	A6V	31 Psc	
23	2.26000	-54.00194	6.33	+0.74	G4IV		
73	4.67750	-43.23528	6.33	+1.21	K2III		
75	4.92333	40.72972	6.33	+1.18	K1III		
200	11.66250	69.32500	6.33		F3V		
516	25.33875	-79.14833	6.33	+0.94	G6-8III	Tau1Hyi	
653	33.99125	47.81139	6.33		G9III-IV		
704	36.24333	-2.78000	6.33	0.00	A0III	71 Cet	
949	48.11000	47.72583	6.33	+1.43	K5III		
1120	55.04750	-15.22667	6.33	+0.88	G5		
1462	69.00667	-3.61194	6.33	-0.10	B7III		
1522	71.60042	-2.95444	6.33	+0.04	A2V		
1750	80.24708	27.95722	6.33	+0.04	B9IV		
1840	82.58625	-7.43472	6.33	-0.19	B2IV-V		
1904	84.44042	33.55917	6.33	+1.31	K0		
2184	92.75750	18.12944	6.33	+1.35	K1II		
2302	96.22042	16.05694	6.33	+1.08	G9III		
2485	102.05375	55.70444	6.33		dF6		
2528	102.43333	-24.07583	6.33	+0.04	A1		
2544	102.65375	-25.77806	6.33	-0.18	B2V		
2743	108.48833	-30.34000	6.33	-0.20	B2IV-V		
2991	116.28875	20.31639	6.33	0.00	A1V	79 Gem	
3056	117.08000	-56.47111	6.33	+1.01	K0III+A1V		
3099	119.09500	-30.28528	6.33	+1.66	M6III		
3150	120.60833	-6.33722	6.33	+0.62	G0III		
3152	119.91750	-60.20750	6.33	-0.06	B5III		
3336	126.81833	-31.67306	6.33	+0.90	G8III		
3392	128.85375	2.74361	6.33	+1.02	G9III		
3425	129.66792	-19.73694	6.33	+1.59	K5III		
3451	131.04208	36.91806	6.33		F7V		
3526	133.10083	5.34000	6.33	+0.12	A5V		
3581	138.83833	84.18111	6.33	+0.30	F2III		
3700	139.42625	-54.49528	6.33	+1.41	K3III		
3714	140.23125	-15.61778	6.33	+0.46	dF6		
4268	163.11458	-79.55944	6.33	+1.46	K2II-III		
4351	168.41750	41.08861	6.33	+1.15	K2III		
4507	175.25500	-83.10000	6.33	+1.08	K0III		
4611	181.47167	-65.54722	6.33	+0.22	B6Iab-Ib		
4651	183.40292	-33.79278	6.33	+0.08	A0V		
4683	184.21417	86.43611	6.33	+0.43	F4V		
4688	184.87333	28.15694	6.33	+0.50	F8V s	9 Com	
4709	186.40625	-86.15056	6.33	+1.08	K0III		
4805	189.51833	3.28250	6.33	+0.01	A1V		
4820	190.52125	-69.40750	6.33	+0.78	F7Ib-G2		
4843	191.11292	44.10306	6.33	+0.43	F6IV		
4880	193.02208	-48.09417	6.33	+0.03	A0IV		
4972	197.97125	-63.30278	6.33	+0.44	A8II-III		
4984	198.03500	24.25806	6.33	+0.98	K1III		
5103	203.62042	-48.27222	6.33	-0.05	B8III		
5183	206.73792	6.35056	6.33	+0.63	G0-1IV-V		
5373	214.94875	38.79389	6.33	+0.05	A2V		
5445	218.54875	32.53444	6.33	+0.40	F5V		
5503	221.49083	-15.45972	6.33	+1.19	K1III	5 Lib	
5650	228.13042	-48.21861	6.33	+1.12	K2III		
5861	236.41542	0.89139	6.33	+1.19	K0III		
5956	240.33125	-31.88944	6.33	+1.45	K4III		
5998	241.96625	-24.46194	6.33	-0.06	B7IIIp:		
6036	242.26208	57.93778	6.33		A1V		
6059	244.33708	-53.08667	6.33	+0.27	A8IV		
6099	246.22583	-45.34917	6.33	+0.19	A2-3V		
6274	254.03708	-50.67500	6.33	-0.02	B3Vnep		
6329	255.49625	8.45056	6.33	+0.09	A4V		
6390	257.93833	7.89472	6.33	+1.04	K0III		
6808	274.50375	-68.22917	6.33	-0.04	B9V		
6878	275.75917	-10.21861	6.33	+0.14	B9.5V		
7409	292.33708	20.27972	6.33	-0.10	B5Vn	7 Vul	
7666	299.67458	70.36694	6.33	+0.88	G8III		
7810	306.43333	10.05639	6.33	+1.56	K5III		
7962	311.58833	52.99528	6.33	+1.12	K0		
7974	312.45125	7.86417	6.33	+0.02	A1V s	14 Del	
7983	312.47792	46.66111	6.33	-0.07	B4Ve		
7989	313.25500	-23.78306	6.33	+0.88	K0III		
8068	316.18917	2.26972	6.33	+0.97	G5		
8071	315.96708	41.62806	6.33	+0.38	F3IV		
8271	325.14000	-55.73750	6.33	+1.06	K0II-III		
8376	329.55542	-5.42472	6.33	+0.37	F5IV		
8456	332.59250	14.63000	6.33	+1.08	K0III		
8680	342.49625	-32.80528	6.33	+0.31	F0V+F3V		
8738	344.67750	7.33972	6.33	+0.06	A1V		
8791	346.78958	-49.60667	6.33	+1.45	K4III		
8849	349.78375	-79.47278	6.33	+0.91	K0III		
9020	357.30000	58.96306	6.33	+0.40	F2IV		
372	19.27125	44.90194	6.34		K5		
384	20.27167	64.65833	6.34	+0.09	A2Vnn	35 Cas	
488	25.74333	61.42167	6.34	+0.01	B7II		
495	25.81875	45.32222	6.34	+1.01	K2IV		
503	25.95833	32.19167	6.34		G8III-IV		
532	27.33125	-31.07278	6.34	+1.22	K2-3III		
683	34.74375	-25.94556	6.34	+0.73	G5V		
1196	59.12583	71.82167	6.34	+0.30	A5m		
1274	61.44458	-20.51222	6.34	+0.92	G5		
1653	76.10875	-35.70528	6.34	+0.30	F1III	Gam2Cae	
1748	79.89667	-1.41222	6.34	-0.11	B1.5Vn		
1766	80.08583	-34.69889	6.34	+0.33	F2IV-V		
1929	84.86250	21.76278	6.34	+0.06	A1Vn		
1966	85.36250	-33.40056	6.34	-0.04	A0V		
1980	86.11833	-20.12639	6.34	+0.58	G0		
1986	86.51167	-4.26833	6.34	+1.05	K1III+G0IV		
2121	91.28458	59.39306	6.34	+1.10	K1III-IV		
2137	91.26083	37.96417	6.34		K0III+A2		
2307	95.81000	-31.79000	6.34	+0.89	G8III		
2393	97.89583	-36.94000	6.34	+1.63	M1III		
2445	99.21375	-41.55694	6.34	+1.15	K0II		
2556	103.81333	45.82639	6.34	+0.94	K0III-IV		
2599	104.25042	-8.17889	6.34	+0.64	K0II-III+A2V		
2680	106.50250	-30.65556	6.34	-0.16	B3V		
2923	114.03250	-22.16056	6.34	+0.99	G5		
3026	116.91042	-15.99083	6.34	+1.78	K1Ia-Iab		
3094	119.56917	43.97750	6.34	1.06	K0		
3127	120.25292	23.58306	6.34		K1III-IV		
3130	120.47958	35.41306	6.34	+1.56	K0		
3143	119.80583	-49.97361	6.34		B2IV-V		
3155	120.52583	-37.05056	6.34	+1.62	M1III		
3171	119.81708	-73.24472	6.34	+0.14	A3III		
3382	127.87333	-54.39417	6.34	+1.31	K3III		
3455	130.18167	-57.54528	6.34	+0.20	A3V		
3865	146.48083	63.65333	6.34	+0.31	F2V	28 UMa	
4202	161.59375	57.36583	6.34	+1.56	M1III	41 UMa	
4297	165.23833	-15.79278	6.34	+1.18	K0		
4308	165.90208	-13.43444	6.34	+0.88	G5		
4676	184.43458	15.14417	6.34	+1.37	K4III		
4854	191.75958	5.95083	6.34	-0.05	A0pSrEuCr		
5076	201.99792	52.74583	6.34	+0.23	F0		
5115	204.79958	-75.68389	6.34	+0.01	B8IV		
5282	210.46083	68.67861	6.34	+1.40	K5		
5292	212.23458	-59.27667	6.34	+0.05	B5IV		
5309	213.10208	-24.36417	6.34	+1.35	K0		
5819	234.83875	-23.15028	6.34	+0.02	A0V		
5822	235.06417	-31.21361	6.34	+1.43	K2III		
6191	247.66167	77.44667	6.34	+1.00	K1III		
6290	253.81667	13.61972	6.34	+0.34	F3V s		
6313	254.45917	42.51250	6.34	+1.28	K3III		
6376	256.94458	40.51611	6.34	+0.03	A2IV		
6589	265.29583	15.17806	6.34	+0.03	A1V		
6612	265.77333	44.08444	6.34	+1.54	K4III		
6719	270.22042	6.26833	6.34	-0.08	B2IV		
6754	271.16750	23.94250	6.34	+0.30	F0IV-V		
6757	271.53083	-0.44667	6.34	+1.06	G8IIp		
6767	271.25333	41.94667	6.34	+0.26	F0V		
7110	283.25792	-9.57611	6.34	+0.20	A7Vn		
7269	287.46500	-0.42806	6.34	-0.04	B5Vn		
7320	291.02250	-68.37111	6.34	+1.23	K2III		
7334	290.54000	-42.01611	6.34	+1.14	K1III		
7403	291.90208	37.94111	6.34	-0.14	B3Ve		
7432	293.87417	-7.46028	6.34	+1.12	K0		
7470	294.95583	-23.42778	6.34	+0.03	B9.5V+A3IV	53 Sgr	
7493	295.55333	12.19333	6.34	-0.03	B9IIIpHgMn	46 Aql	
7523	296.20417	40.71667	6.34	+1.64	M4-III		
7563	296.68625	68.43833	6.34	+0.28	F0III		
7671	301.27250	-11.59944	6.34	+0.52	F1III		
7680	301.36042	15.50028	6.34	+1.64	M2.5III		
7712	302.99125	-12.39250	6.34	+1.21	K0III	1Xi 1Cap	
7849	307.99250	25.80444	6.34	+0.26	Am		
7999	313.28083	29.64944	6.34	+1.09	K2		
8088	316.89000	15.65861	6.34	+1.01	K2IV		
8509	335.15083	-57.51000	6.34	+1.37	K3-4III		
8598	338.32083	70.37389	6.34	0.00	A0V		
8638	340.38083	30.96583	6.34		K5		
8672	342.32250	-70.34778	6.34	+0.07	A2V		
8706	343.29708	40.16722	6.34	-0.08	B7III-IV		
8856	349.41667	-11.71306	6.34	+0.05	A1Vn		
9019	357.22458	59.97889	6.34	-0.01	A0V		
53	3.79417	27.28306	6.35	-0.02	A1Vn		
55	4.05833	76.95083	6.35	-0.07	B8Vnn		
313	16.45500	4.90833	6.35	+0.38	F3V	77 Psc	
394	20.62708	-19.08139	6.35	+0.48	F6IV		
504	26.11042	46.13972	6.35		K5III		
576	29.61125	-33.06667	6.35	+1.02	K0III		
803	40.96333	25.63806	6.35	+0.08	A2Vp:		
1018	50.56792	-25.58778	6.35	+0.01	A0V		
1512	71.42708	23.62806	6.35	+0.06	B5III		
1596	74.54500	-2.21250	6.35	+0.10	A2V		
1777	80.87958	5.32250	6.35	+0.12	A2V		
1817	81.77000	-11.90083	6.35	+0.51	dF7		
1819	82.14500	13.67889	6.35	+0.15	A4V		
2044	87.61917	-52.76778	6.35	+0.76	K0-1III+A4V+A		
2157	91.11833	-45.03667	6.35	+0.52	G0IV-V		
2182	92.33458	-18.12611	6.35	-0.03	B9Vn		
2277	95.35792	17.76361	6.35		g:G9		
2317	96.44625	-3.88917	6.35	+1.02	G9III		
2431	98.97500	-36.08889	6.35	+0.48	G0V		
2433	99.17042	-22.61500	6.35	-0.11	B5V		
2613	104.83375	7.31694	6.35	-0.11	B7III		
2681	108.49208	71.81667	6.35	+1.12	K0		
2772	110.57167	59.90194	6.35		A8m	47 Cam	
2775	110.26292	42.65556	6.35	+1.46	K0		
3098	119.31750	1.12694	6.35	+0.50	F7V		
3649	137.98167	5.46833	6.35	+0.32	A9IVDel Del		
3675	138.85375	-15.02472	6.35	+0.02	A0V		
3907	148.05000	0.07556	6.35	+0.94	G9III		
3944	149.04042	-71.38944	6.35	-0.08	B9Ib		
4019	153.48583	-40.31056	6.35	+0.94	G8III		
4091	155.96208	-57.95389	6.35	+1.52	K4III		
4103	157.15208	45.21222	6.35	+1.32	K0		
4270	164.14333	25.50000	6.35	+1.03	K0	50 LMi	
4349	167.87292	-71.43639	6.35	+1.37	K2-3III		
4385	169.64292	-79.66861	6.35	+0.26	A8IIIm:		
4430	172.60417	46.65750	6.35	+1.27	K2IIICN-1		
4543	177.73042	12.27889	6.35	+0.27	F0IVm s		
4547	177.84125	-12.18778	6.35	+0.40	F1III-IV		
4627	182.44708	74.66139	6.35	+0.50	F6IV		
4649	183.48208	-78.57361	6.35	+1.24	K2-3IIICNII		
4742	186.95583	-16.63194	6.35	+0.84	G3III		
4758	187.52000	-13.39306	6.35	+0.56	G0V		
5045	200.51583	43.90306	6.35	+0.24	A7m		
5208	207.90250	-36.43333	6.35	+0.48	F6IV-V		
5400	216.70792	-39.87389	6.35	-0.08	B7IV		
5423	217.40333	41.79583	6.35	+0.70	G5V		
5518	221.97875	-12.83972	6.35	+1.10	K0III		
5566	224.53667	-48.86306	6.35	+0.71	G3-5V		
5630	226.64625	36.45556	6.35	+0.52	F8V		
5706	230.19625	-2.41333	6.35	+1.06	K0V		
6189	249.91292	-9.55444	6.35	+0.48	F3V		
6239	252.03708	13.59056	6.35	+0.87	G5III		
6273	253.65000	-30.58722	6.35	+0.21	A7IIIm:		
6343	255.96958	19.69056	6.35	+1.52	K4III		
6463	260.38917	16.73083	6.35	+1.61	M2.5IIIab		
6466	260.38000	28.75806	6.35	+0.70	G0III		
6482	261.14083	15.60611	6.35	-0.02	B9V		
6621	267.11583	-26.97500	6.35	+0.12	B4IVe		
6646	271.36125	-81.48639	6.35	+1.50	K3-4III		
6659	267.99792	-1.23667	6.35	+1.12	K0		
7023	280.73000	-19.28389	6.35	+1.75	M4III		
7354	290.70167	9.91306	6.35	+0.44	F6V		
7471	294.70417	3.38167	6.35	+0.04	B3III		
7991	313.35417	-30.71861	6.35	+1.09	K1III		
8191	321.10250	10.17417	6.35	+0.47	F5III		
8395	329.46250	74.99667	6.35	+1.56	K5		
8436	331.87500	18.00056	6.35	+1.64	M1		
8545	336.64333	-16.74250	6.35	+0.61	G1V	53 Aqr	
8584	337.89250	29.54278	6.35	+0.19	A5m		
8589	338.07833	54.03750	6.35		G8III		
8831	348.26667	29.44167	6.35	+0.93	G8III		
8922	352.27333	23.04778	6.35		G9III		
8955	354.12708	32.90417	6.35	+0.46	F6V		
9044	358.58917	-27.04222	6.35	+0.20	A2V+F2V		
465	24.63208	45.40000	6.36	+0.04	B9pCrEu		
627	32.87083	57.64583	6.36	+0.33	B5Ia	5 Per	
746	38.86625	39.66444	6.36	-0.10	B9pHgMn		
814	40.83458	-40.52750	6.36	-0.02	B9V		
846	43.21667	52.99778	6.36	+0.07	B8III		
853	42.69958	-39.93167	6.36	+0.05	A0V		
916	45.87625	28.26972	6.36		F0V		
967	49.38167	65.65861	6.36	+0.09	A3V		
1378	65.99917	24.30111	6.36	+0.17	B3V	62 Tau	
1455	68.92792	19.88167	6.36		G5II-III+A-F		
1753	79.82292	-18.52000	6.36	-0.16	B3V		
1954	85.51625	22.66028	6.36		K2		
2068	88.55875	-29.14778	6.36	+0.37	F3V		
2073	87.84583	-64.03361	6.36	+0.86	G8III		
2090	89.14375	-23.21556	6.36	+1.07	K0		
2153	92.09583	41.05556	6.36	+1.05	G9III		
2598	103.97833	-31.79000	6.36		B3V		
2733	108.45125	-22.90639	6.36	-0.21	B2IV+G5IV		
3063	117.92042	-12.81944	6.36	+0.39	F2	8 Pup	
3190	122.18125	-20.36306	6.36	+0.16	A7IV		
3368	127.40125	-55.19111	6.36	+0.80	G0V		
3369	128.25042	24.08472	6.36	+1.02	G9III	32Ups2Cnc	
3385	128.24417	-34.63389	6.36	+0.95	K0V		
3443	129.80500	-60.31722	6.36	0.00	A0V		
3497	131.91875	-41.73722	6.36	+0.58	G0Ia-0:		
3586	135.41917	39.71333	6.36	+0.30	A9Vn		
3818	143.97042	14.37972	6.36	+0.01	A1V	7 Leo	
3984	152.00708	-37.33361	6.36	+0.98	K0III		
4226	161.91125	-57.46778	6.36	+1.62	M1II		
4710	185.80750	-67.63167	6.36	+0.89	G8-K0IV		
5322	213.58875	-5.94750	6.36	+0.60	F9V		
5382	216.41458	-66.17333	6.36	+0.13	A3V		
5561	224.14917	-39.41611	6.36	+0.06	A0-1V		
5773	233.58708	-39.34944	6.36	-0.03	B9V		
5909	238.23417	17.40361	6.36		K0		
6336	255.57167	31.88472	6.36	+1.13	K0		
6372	257.22708	-3.88278	6.36	+0.69	G5-8IV-V		
6422	259.58500	-32.55333	6.36	+0.15	B5Vn		
6592	265.27292	24.51333	6.36	+1.20	K1III+F4V		
6593	265.82417	-27.88417	6.36	+0.47	A9V:		
6696	269.36208	11.04417	6.36	+0.11	A1V		
6735	268.61083	75.17083	6.36	+0.98	K0		
6798	272.81167	-19.84222	6.36	+0.16	A4V		
6824	273.17750	41.14694	6.36	+1.03	K0III		
6830	273.99167	-3.61750	6.36	+0.20	A4V		
6901	275.98917	38.73917	6.36		K4III		
6915	277.30375	-43.84583	6.36	+0.90	G8III		
6963	278.34542	-5.91139	6.36	+0.02	A0Vn		
7016	280.00833	30.84944	6.36		K0		
7038	281.32792	-21.00139	6.36	+0.45	F5V		
7168	285.10333	-24.94222	6.36	+1.25	gK0		
7268	287.75750	-39.00500	6.36	+0.01	B7IIIMn		
7280	287.87875	26.73583	6.36	+0.41	F5V		
7376	291.02542	36.45194	6.36		K1III		
7490	295.31208	22.45278	6.36	+1.53	K0I		
7827	306.59792	56.63889	6.36	0.00	B9V		
7842	308.21833	-24.94389	6.36	-0.01	A0		
7877	309.46708	-25.10889	6.36	+0.33	F0III		
7970	312.69625	-32.05444	6.36	+1.54	K5III		
8192	321.21542	-3.39833	6.36	+0.33	F0III	20 Aqr	
8261	324.05792	30.05556	6.36		G8III-IV		
8677	341.84667	58.48278	6.36	-0.04	B9.5IV		
8839	348.65208	24.10306	6.36		K2III		
8992	355.95625	-15.28444	6.36	+1.58	M7IIIpe		
243	12.82625	3.38500	6.37	+1.07	K0III		
261	14.23167	68.77611	6.37	+0.38	F4III		
277	14.57875	21.40444	6.37	+0.09	A2V		
325	16.80458	-23.99639	6.37	+0.23	A7V		
482	25.57417	58.62778	6.37	-0.02	B8III		
535	27.45333	-38.40389	6.37	+0.52	F8V		
584	29.47333	-65.42472	6.37	+0.90	G8II-III		
673	34.84458	48.95528	6.37		F4V		
686	34.85292	-41.84833	6.37	+1.16	K2III		
734	37.01833	-64.29972	6.37	-0.04	A0V		
1071	53.42167	57.86889	6.37	+0.51	F7V		
1233	59.91958	10.33083	6.37	+0.42	F5V		
1323	63.39875	-40.35778	6.37	+1.46	K3III		
1357	64.08792	-60.94861	6.37	+0.07	ApEuCrSr:		
1359	64.76250	-33.90500	6.37	+0.13	A3V		
1460	68.80833	-9.73667	6.37	+0.11	A1m		
1510	72.65167	70.94167	6.37	-0.08	A0IV		
1539	71.95667	-30.02028	6.37	+1.07	K1IV	Zet Cae	
1566	73.74292	19.48528	6.37	+0.29	F3IV		
1575	74.06500	24.59222	6.37	+0.33	F0		
1650	78.64833	76.47278	6.37	-0.02	A0V		
1704	78.38875	-8.14778	6.37	-0.13	B5V		
1825	82.68792	39.82583	6.37	+0.97	G9III		
1921	84.73917	26.61778	6.37		G9III		
2116	90.42333	22.40083	6.37	-0.07	B8V		
2236	93.97500	1.16917	6.37	+0.46	F5IV:		
2467	100.49708	6.34500	6.37	-0.05	O6.5V		
2531	100.90333	-73.11806	6.37	+0.96	G8III		
2614	104.53167	-27.16472	6.37	-0.19	B2.5III		
2836	111.61625	10.60833	6.37	+0.09	A2IV		
2933	114.32000	-23.77500	6.37	+0.54	F0II		
3195	122.15667	-37.68139	6.37	-0.04	B4V		
3238	123.42125	-33.56917	6.37	+1.14	K2III		
3458	130.99875	4.33472	6.37	-0.06	B9.5III-IV		
3490	131.70500	-34.62278	6.37	-0.13	B4V		
3632	136.53167	-64.49972	6.37	+1.35	K3III		
3848	145.08375	-10.76917	6.37	+0.08	A2V		
3897	147.46375	-36.26861	6.37	+1.01	K0III		
3934	152.14292	83.91833	6.37	+1.52	K0		
3935	149.09125	-51.33611	6.37	-0.17	B2IV-V		
3969	151.42042	15.75750	6.37	+0.37	F2Vn		
4059	154.88417	-5.10583	6.37	+0.90	K0		
4183	160.21500	-35.74167	6.37	+0.92	G8-K0III+F-G		
4207	161.52375	6.37306	6.37	+1.12	gK1		
4410	171.45833	3.86000	6.37	+0.33	F3IV	80 Leo	
4493	175.11417	57.97056	6.37	-0.12	B9pHgMn:		
4613	181.49917	-3.13167	6.37	+1.00	gG8		
4619	182.02000	-50.76333	6.37	-0.05	B9V		
4741	186.92542	8.61028	6.37	+0.93	G8III		
4811	189.69292	40.87444	6.37	+0.18	A7Vn	9 CVn	
4994	198.85708	-69.67972	6.37	+1.21	K2-3III		
5014	199.37458	-0.67667	6.37	+0.26	F0V		
5093	203.39875	-65.63250	6.37	-0.02	A0V		
5108	203.59083	38.78917	6.37	+0.21	F0IV		
5256	209.38375	61.49278	6.37		K3V		
5474	220.46292	-30.93333	6.37	-0.09	ApSi		
5597	225.16125	47.27778	6.37	-0.14	B9pSiSrCr		
5761	232.61625	36.80417	6.37		K0		
5927	239.06000	-14.39944	6.37	+0.48	F7V:		
6282	253.99083	-33.50722	6.37	+1.71	K5III		
6284	254.00750	-16.80611	6.37	+0.92	K0IV		
6301	254.38333	13.88417	6.37	+0.94	K0V		
6358	256.54042	9.73333	6.37	+1.45	K5III		
6359	256.55458	10.45417	6.37	+0.87	G8III-IV		
6504	262.00958	-8.20833	6.37	+0.58	F5IV		
6512	262.44750	-5.91972	6.37	+0.93	K0III		
6579	264.70708	32.73944	6.37		gG5		
6709	270.06458	0.62944	6.37	+0.15	A3pSrCrEu		
6784	272.14042	14.28472	6.37	+0.17	A5m		
6849	273.67125	56.58833	6.37	+0.34	F1V		
6906	276.48083	14.96667	6.37	+0.01	B9V		
6956	278.08667	-14.64417	6.37	+0.22	A4V		
6972	278.99875	-29.69917	6.37	+1.27	K1III		
6996	280.59375	-64.64306	6.37	+0.15	A5V		
7164	284.86167	-18.56694	6.37	+0.99	G3II		
7205	285.77917	-19.10333	6.37	+0.48	F5IV-V		
7368	290.89167	33.22222	6.37	+0.81	G8V		
7428	292.80667	55.73194	6.37	+1.16	K2II-IIIe+A0V		
7691	302.78000	-57.52389	6.37	+0.06	B7V+A3V		
7898	310.04875	-23.77389	6.37	+0.72	G8V		
8019	315.36708	-68.20972	6.37	+0.10	A2V		
8072	315.85833	50.35194	6.37	+0.98	K0		
8361	327.90542	65.75278	6.37		A1m		
8396	330.61083	-16.96417	6.37	+0.42	A2V+K0III	29 Aqr	
8397	330.50583	10.97389	6.37	-0.10	B5IIIn		
8437	332.17792	-33.12556	6.37	+0.20	A2III/IV		
8473	332.56375	72.11111	6.37	-0.06	B9pHgMn:		
8503	334.12375	27.80417	6.37	+0.99	G9III		
8567	337.57250	-14.58583	6.37	-0.04	B8V s	56 Aqr	
8669	342.08917	-61.68417	6.37	+1.06	K0III		
8735	344.59875	-1.41028	6.37	+0.35	F0-2V		
8871	349.93000	-33.70806	6.37	+1.30	K2III		
8917	352.02167	-11.44972	6.37	+0.90	G0V		
318	16.78958	53.49833	6.38		K2III		
381	20.49625	76.23889	6.38	+0.28	F0IVn		
452	23.96875	41.07639	6.38	+1.11	K1III		
953	47.64750	-23.73833	6.38	+0.93	K0IV		
1023	50.91292	4.88194	6.38	+0.86	G5III		
1082	52.97458	-25.61417	6.38	+0.12	A3V		
1229	59.91667	38.82056	6.38	+0.10	A1Vp:		
1294	61.84000	-64.22250	6.38	+0.64	G3V		
1898	83.87958	-4.36472	6.38	-0.14	B2.5IV		
1944	84.81792	-17.84944	6.38	-0.12	B7V		
2032	87.39208	-44.87528	6.38	+1.27	K1III		
2239	94.57042	46.36056	6.38	+1.11	K2III	43 Aur	
2426	99.40375	10.85306	6.38		K0		
2439	99.88083	24.60000	6.38	+0.53	F8IV		
2543	102.91375	3.04167	6.38	+0.04	A2V s		
2645	106.28750	47.77500	6.38	-0.04	B9IIIn		
2870	112.21375	-31.84833	6.38	-0.17	B3V		
2915	114.32417	40.02528	6.38		M1		
2945	114.43833	-38.01056	6.38	+1.48	K4III		
3036	116.18292	-66.07194	6.38	+0.95	G6-8III		
3039	118.15250	55.20944	6.38		A0Vn		
3100	118.75208	-52.58306	6.38	-0.01	B8III		
3231	123.58750	13.04833	6.38		G8III		
3374	128.13875	-15.02944	6.38	+0.27	F0Vn		
3384	128.21458	-31.50083	6.38	+0.79	K0V		
3510	132.75625	15.35056	6.38	+0.64	G1V	54 Cnc	
3568	133.72500	-58.24000	6.38	-0.11	B5V		
3577	134.79500	18.13472	6.38	+1.55	M4III		
3601	136.04125	27.89833	6.38	0.00	A1V	70 Cnc	
4013	153.35333	-33.03194	6.38	+0.59	G1V		
4244	163.05708	1.02528	6.38	+0.08	A3V		
4252	163.38708	-15.44556	6.38	+1.16	K3IV		
4346	168.06167	-32.43389	6.38	+1.70	M1III		
4438	172.81250	-61.27833	6.38	+0.52	A3Iae		
4782	188.49667	-49.90944	6.38	+0.46	F3III-IV		
4812	189.75875	22.65944	6.38	+1.10	K1III		
4840	190.76750	61.15556	6.38	+1.26	K0		
5039	200.76083	-48.56278	6.38	-0.07	B6IV		
5204	207.43750	36.63278	6.38		A7IV-V		
5347	214.10083	39.74472	6.38	+0.36	F2IV		
5454	219.02875	23.25028	6.38	+1.06	K0		
5483	220.47583	21.12361	6.38		G8III-IV		
5592	225.21833	22.04556	6.38		K0		
5768	232.33833	62.09972	6.38		K5		
5769	232.84333	36.61639	6.38	+0.50	F6III		
6361	256.72042	-1.65639	6.38	+0.20	A9V		
6564	264.03292	28.18472	6.38		K5		
6660	268.43958	-34.78583	6.38	0.00	B9V		
6674	268.00417	46.64333	6.38	+1.09	K0III		
6676	268.55917	11.13056	6.38	+0.45	F5Vn		
6760	272.49000	-59.04000	6.38	+1.55	K4III		
6799	272.29250	30.46944	6.38	+1.19	gK1		
6890	276.01458	-3.58333	6.38	+0.34	F6III-IV		
7008	279.90375	5.26417	6.38	+0.78	F8Ib-II		
7297	289.53917	-53.38667	6.38	+0.49	F7V		
7394	259.23667	89.03778	6.38	+1.57	M1III	Lam UMi	
7413	291.61042	62.55722	6.38	+1.39	K5III		
7438	293.85500	2.91333	6.38	+0.41	F6IV		
7449	294.06583	14.39167	6.38	+1.04	K0II-III		
7475	294.85583	16.57139	6.38	+2.07	K4Ib		
7556	297.47750	28.44056	6.38	-0.06	B5V		
7941	311.36750	18.09028	6.38	+1.68	M5II-III		
7994	313.27333	-11.57361	6.38	+0.67	G1V		
8121	318.65417	0.09222	6.38	+1.61	M1III		
8152	320.31833	-49.93778	6.38	+1.32	K3III		
8176	323.47667	-82.68306	6.38	+0.13	B3IV		
8184	321.03292	-22.74694	6.38	+1.02	gK0		
8340	327.55458	-16.84472	6.38	+1.42	K0		
8412	331.14333	32.94194	6.38	+1.10	G5Ia		
8583	337.92208	-10.90556	6.38	+0.28	A8III	58 Aqr	
8607	338.96583	56.07000	6.38	+0.12	A3V		
8867	349.32875	75.29917	6.38	+0.03	A2V s		
8934	352.99000	-1.08583	6.38	+1.18	K1III	13 Psc	
9080	0.18208	45.25333	6.38	-0.07	B9pSiEu		
88	5.71583	-12.20944	6.39	+0.66	G2V	9 Cet	
161	9.37708	3.13528	6.39	+1.33	K4III		
207	11.67667	59.57444	6.39	+1.09	G0Ib		
238	12.73917	51.50806	6.39	+0.28	F2IV		
278	15.12917	70.98306	6.39	+0.13	A4IV		
438	23.03167	34.80000	6.39	-0.12	B7IIIpHgMn		
470	25.05458	53.86833	6.39	+1.61	K5III		
517	26.50417	-27.34917	6.39	+0.36	F2Vn		
770	39.50333	7.69528	6.39	+0.44	F6IV		
1013	50.18833	-26.60639	6.39	+0.54	F7V		
1021	50.38875	-47.77694	6.39	+1.00	K0III		
1042	51.48250	-35.92083	6.39	+0.08	A1IV	Chi1For	
1059	52.95458	49.40083	6.39	+0.09	B9III		
1102	54.44917	15.43083	6.39	+0.17	A5IV		
1263	61.03625	-16.58889	6.39	+1.26	K2		
1386	65.78208	-35.54500	6.39	+1.24	K1III		
1404	66.32958	-44.16083	6.39	+0.44	F6V		
1436	68.02000	5.41000	6.39	+0.42	F5V		
1759	80.11000	-5.36667	6.39	-0.03	B8III		
1826	82.23625	-3.30750	6.39	-0.01	A0Vn		
1984	85.92125	-45.83306	6.39	+0.29	A9V		
2126	91.66333	63.45361	6.39		K0		
2197	93.07958	22.90833	6.39	+2.24	M1-2Ia-Iab	6 Gem	
2225	93.43792	-23.86194	6.39	+0.72	G5		
2235	94.09917	17.18139	6.39	+1.58	K5II		
2318	96.18292	-28.78000	6.39	+0.62	G2IV		
2888	112.21375	-64.51000	6.39	+1.56	K5III		
2941	114.00708	-55.88750	6.39	+1.18	K1-2IIICNII		
3019	116.68708	-12.67528	6.39	-0.02	A0V		
3337	127.12167	-2.51722	6.39	+0.33	A5m		
3375	127.79500	-47.86667	6.39	-0.15	B2.5V		
3427	130.02667	20.00778	6.39	+0.98	G8III	39 Cnc	
3517	132.46833	-39.14167	6.39	+0.23	A5III		
3542	133.17000	-52.12917	6.39	0.00	A0V		
3559	133.98292	-23.81833	6.39	+0.16	A7V:n		
3710	139.94958	-34.10333	6.39	-0.10	B8V		
3854	145.67958	48.43111	6.39	-0.01	A1V		
4078	155.92417	29.61583	6.39	+1.09	G8III		
4215	162.20833	65.13222	6.39	-0.02	A1V		
4286	165.27417	63.42111	6.39	+0.16	A2Vm		
4509	175.73083	-79.30639	6.39	+0.90	K0III-IV		
4632	182.63167	16.80917	6.39	+0.06	A4V	3 Com	
4838	190.99458	-36.34917	6.39	-0.06	A0V		
5276	211.06083	-5.38139	6.39	+1.32	K0		
5319	213.83833	-53.50972	6.39	+1.57	K3III		
5326	214.14250	-59.91389	6.39	+2.04	M5IIe		
5333	213.67083	21.87333	6.39	+0.18	A7V		
5417	217.73542	-40.84500	6.39	+1.44	K3III		
5458	219.85292	-49.05556	6.39	+0.44	F3IV		
5648	227.08125	50.05500	6.39	+1.03	K0III		
5711	230.27875	24.95778	6.39	+1.23	K0		
5852	236.97375	-65.44250	6.39	+0.24	F0-2IV		
6082	243.13417	75.21056	6.39		K2IV	20 UMi	
6356	257.52625	-61.67556	6.39	-0.04	B8II-III		
6503	262.35708	-38.51667	6.39	+0.09	A2V		
6521	262.59333	11.92500	6.39	+0.06	A1V		
6600	265.95250	-13.50861	6.39	+0.37	F0V		
6785	272.43083	-13.93444	6.39	+1.42	K0		
6994	281.95583	-77.86722	6.39	+0.60	F8V		
7160	281.40875	79.94250	6.39	+0.28	A8V		
7198	285.27292	19.30972	6.39		K1III		
7212	285.45125	33.62139	6.39	-0.12	B5IV		
7435	294.96708	-66.68556	6.39	+0.02	A1V		
7494	299.00625	-81.34972	6.39	+1.40	K3-4III		
7588	299.72083	-68.76222	6.39	+0.16	A0V+F5IV		
7728	304.09875	-36.45444	6.39	+1.54	M4III		
7795	305.51250	41.13139	6.39	+1.07	G5III+A		
7823	306.78208	34.32889	6.39	+0.48	F1II		
7832	307.73667	-29.11250	6.39	+0.21	A5V		
8133	318.42750	64.40389	6.39	+0.60	G2IV+G2IV		
8211	322.25125	-53.70583	6.39	+1.14	K2IIICNIb		
8364	328.57250	19.71833	6.39	+0.97	K0III+F7V		
8434	331.55625	56.34306	6.39	-0.10	A0III		
8467	333.18250	-4.72083	6.39	+0.50	F7V		
8507	334.51792	-0.23778	6.39	+0.44	F3V		
8652	340.76875	47.16861	6.39	+0.47	A1V+G:		
8768	345.68833	44.05889	6.39	0.00	B2V		
8785	346.32333	1.30694	6.39	+0.94	G9III		
8886	350.14417	62.21306	6.39	+1.61	K2III		
8928	352.75458	-6.28833	6.39	+1.26	K0		
8951	353.88375	-7.46444	6.39	+0.88	gG5		
9038	358.10458	75.54472	6.39	+0.98	K3V		
141	8.73042	13.37111	6.40		K0		
158	9.94708	82.49389	6.40	+0.55	dF6		
346	17.55000	-8.90611	6.40	+1.04	K0III	32 Cet	
858	42.98042	-30.81444	6.40	+0.48	F8IV-V		
1068	53.38375	58.76500	6.40	+0.14	A4III		
1095	53.63958	-31.87472	6.40	+1.40	K3III		
1406	67.21625	30.36139	6.40	+0.52	F7V		
1900	83.89917	-3.25278	6.40	-0.12	B3IV		
2078	91.28875	75.58583	6.40		K5		
2292	95.82708	3.76444	6.40	-0.15	B3V		
2321	96.49500	-7.89417	6.40	+0.14	A4V		
2371	97.90583	15.90333	6.40		A8V	19 Gem	
2403	98.36083	-20.92389	6.40	+0.83	G5		
2567	103.25042	-26.95750	6.40	+1.53	M4III		
2605	104.86625	25.91417	6.40	-0.11	B8III	40 Gem	
2641	105.20750	-33.46528	6.40	+1.05	G8II-III		
2792	110.55583	38.99611	6.40	+1.22	K0		
3001	115.92875	-38.20194	6.40	-0.16	B9VpSi		
3112	120.62833	63.09028	6.40	+0.59	G1III		
3611	135.77167	-53.54972	6.40	-0.09	B6V		
3617	136.86208	22.98111	6.40		F4V		
3832	144.46458	-9.42444	6.40	-0.04	A1V	34 Hya	
4007	152.89667	-58.82806	6.40	+1.66	M3III		
4016	154.50458	73.07333	6.40	+0.23	F2V		
4048	154.75292	24.71167	6.40		K0		
4340	168.04583	68.27194	6.40		A3V		
4348	168.14417	-21.74917	6.40	+1.38	K0		
4452	173.48458	36.81556	6.40	+1.05	K0III		
4708	185.63333	5.30556	6.40	+0.60	F8V	17 Vir	
4713	185.90375	-39.30306	6.40	+0.29	F2V		
4835	190.86750	-58.90306	6.40	+1.09	K0-1III		
4852	191.10833	80.62111	6.40	+0.12	A5m		
5065	201.81125	-40.16306	6.40	+0.98	G8/K0III		
5227	207.74667	68.31528	6.40	+1.17	K2IV		
5258	209.95542	-3.54972	6.40	+0.49	F8V		
5289	212.05958	-63.20806	6.40	+1.02	G8-K0III		
5432	218.82167	-60.01583	6.40	+1.26	K2III		
5504	221.54542	-21.17611	6.40	+0.58	F7V		
5550	223.34708	15.70444	6.40	+0.57	F9V		
5893	238.05333	-29.88667	6.40	+0.98	K1III		
6110	245.73542	32.33306	6.40	+0.08	A4Vn		
6345	254.76083	69.18639	6.40		K0		
6540	262.68250	57.87639	6.40		K2III		
6551	263.61333	16.50389	6.40		A8Vn		
6587	265.77875	-33.05111	6.40	+1.81	M1III		
6806	272.40625	38.45750	6.40	+0.87	K2V		
6836	274.34875	-28.28917	6.40	+0.54	G0V		
6886	275.27958	49.72556	6.40	+1.07	K1III		
6976	278.69792	10.89167	6.40	+0.08	A1V		
7002	279.58750	8.83389	6.40	+1.32	M6IIIe+K1III		
7090	281.91667	49.07500	6.40		A1V		
7170	285.26792	-37.06194	6.40	-0.03	B8V-IV		
7207	285.45625	22.26389	6.40	+0.16	A4V		
7364	290.94542	20.26444	6.40	+0.01	B9.5V		
7856	308.69750	-30.47361	6.40	-0.08	B8V		
7954	311.94917	3.30667	6.40	-0.02	A0Vn		
7966	311.83667	45.57972	6.40	+1.61	K3III		
8134	319.30625	-13.27889	6.40	+0.04	A2V		
8142	319.72667	-28.76556	6.40	+0.97	G8IV		
8170	320.25583	40.34556	6.40	+0.53	F8V		
8219	322.10333	8.19556	6.40	+1.64	M1		
8247	323.81625	-23.45417	6.40	+1.10	gG7		
8320	326.43542	35.85722	6.40	+1.00	G8III		
8372	329.10000	21.23972	6.40	+1.70	K5V		
8565	337.50625	-12.91500	6.40	+0.32	F3IV		
8575	337.52708	49.35611	6.40	+1.15	K2IIIe		
8605	339.15167	11.69694	6.40	0.00	A1III		
8617	339.57292	45.18306	6.40		G2III+A4V		
8691	342.66292	19.14083	6.40		K0		
8713	343.81208	-36.38861	6.40	+1.31	K2III		
8803	346.79333	59.72750	6.40	-0.01	B2V		
8990	355.63125	61.67944	6.40	+1.24	K2III		
9102	1.08458	-29.26861	6.40	0.00	A0V		
145	8.97792	13.20667	6.41	+0.52	F7V		
162	9.32542	-54.39417	6.41	+1.00	K0II-IIICNIV		
350	17.53083	-57.69444	6.41	+0.89	G6II-III		
354	18.29125	61.70583	6.41	+0.01	B9V		
416	21.61375	-0.39861	6.41	+1.24	K0IV		
722	36.35958	-66.49472	6.41	+1.54	M5III		
893	44.38625	-38.19111	6.41	-0.03	A0Vn		
933	46.94750	47.30833	6.41	+0.12	A3Vnn		
1072	53.16292	44.85556	6.41	+0.03	B2IV		
1096	53.21500	-61.01694	6.41	+1.04	K0III		
1234	60.31125	36.99000	6.41	-0.01	A0V		
1271	55.63375	-85.26222	6.41	-0.01	B9.5IV		
1546	73.29083	52.84083	6.41		A2V		
1598	73.37708	-66.67556	6.41	+1.63	M0-1III		
1636	77.40292	69.63944	6.41	+1.11	K1III		
1640	75.96667	-14.36944	6.41	-0.18	B2.5IV		
1647	77.43542	64.91944	6.41	+0.40	F6V		
1694	77.68542	-25.90944	6.41	+1.25	K1III		
1820	82.00667	1.29833	6.41	-0.18	B2V		
2278	94.46542	-52.73306	6.41	+1.46	K2-3III		
2434	99.99167	44.01389	6.41		K1III		
2570	103.53542	-5.85250	6.41	+0.17	A6Vn		
2592	103.18917	-59.34111	6.41	+0.18	A3m		
2744	108.83042	-0.16139	6.41	+0.90	G5III	24 Mon	
2797	113.66542	80.89667	6.41		gG7		
2817	111.11542	15.51722	6.41	-0.18	B2Ve		
2840	111.67208	11.00917	6.41	-0.13	B6IV		
2984	115.34083	-44.63222	6.41	0.00	B7IV-V		
3103	119.52417	7.21361	6.41	-0.04	A0V		
3172	121.45667	-0.57361	6.41	+1.05	K0		
3263	125.68375	60.63111	6.41	+0.97	K0III		
3472	131.33667	-2.60083	6.41	+0.52	F2IV		
3689	139.46417	11.50111	6.41	+0.07	A2IV		
3723	140.88250	25.18306	6.41	+0.82	G5IV		
3867	145.67250	-35.50167	6.41	-0.06	ApSi		
3930	149.02250	-40.82472	6.41	+1.61	M1III		
4022	153.33833	-61.65889	6.41	-0.11	B2V		
4326	166.60083	-64.83972	6.41	+0.12	A3V		
4345	168.13417	35.81361	6.41	+0.61	G0V		
4389	170.01625	-71.99444	6.41	+0.05	B4V		
4427	172.55375	54.36167	6.41		K0III		
4858	191.96417	3.57278	6.41	+1.60	M3IIIb	35 Vir	
4877	192.84542	-10.33833	6.41	+1.02	G8III		
5152	205.72750	-50.79056	6.41	+1.67	M0III		
5604	226.17875	-40.86139	6.41	+1.46	M6III		
5939	240.29458	-63.77667	6.41	+0.78	F8II		
5990	241.49917	-6.13944	6.41	+1.03	K0		
6042	243.44042	-24.42194	6.41	+0.04	B5V		
6051	243.62000	-21.10750	6.41	-0.01	A0V		
6101	244.53917	68.55444	6.41		K0		
6169	248.85958	17.05722	6.41	+0.05	A2V		
6319	254.10500	65.03917	6.41	+0.38	F1-3V	20 Dra	
6450	260.66417	-37.80500	6.41	+0.64	B4Ia		
6499	261.50375	26.87889	6.41	+0.10	A5IV		
6740	271.95125	-64.55000	6.41	+1.26	K2-3III		
7030	280.42208	31.61778	6.41	-0.04	B8V		
7185	284.80125	39.21778	6.41	-0.17	B5IV		
7276	288.11667	-21.65806	6.41	+1.13	gG8		
7321	289.71208	0.33917	6.41	+1.05	K0-IIIa:Ba0.4CH1	24 Aql	
7813	306.50500	19.86500	6.41	+1.02	K0III		
7819	307.18167	-15.74167	6.41	+0.99	K0III		
7841	307.49958	45.92861	6.41	+1.13	K2III		
7874	309.03458	25.88250	6.41	+0.21	A5III	26 Vul	
7967	311.13792	69.75194	6.41		G8III		
7997	313.52833	-27.92556	6.41	+1.60	M4III		
8156	321.06958	-69.73417	6.41	+2.82	C5II		
8233	323.32375	-52.73750	6.41	+1.48	K4III		
8244	323.72083	-29.69611	6.41	-0.11	B8III		
8365	328.98167	-30.60639	6.41	+0.93	G8III		
8370	330.46708	-77.66250	6.41	+0.22	A5IV-V		
8528	335.46208	42.07833	6.41	-0.08	B5V		
8647	340.80958	-6.96278	6.41	-0.04	A0Vn	67 Aqr	
8776	346.00417	6.61667	6.41	+0.39	F2V		
8810	348.05000	-80.91278	6.41	+1.50	K4III		
8838	348.59042	29.77167	6.41	+0.45	F6IV w		
8933	352.92958	28.40361	6.41	+0.01	A1pSrCr:Eu:		
9017	357.16250	64.87639	6.41	+0.06	A0pSrSi:Cr:		
129	8.33042	70.98167	6.42	-0.01	A0Vn		
160	9.15583	-65.12472	6.42	+1.26	K2-3III		
606	30.61708	-29.66500	6.42	+0.14	A3III		
619	32.14000	44.45944	6.42		G8III-IV		
945	47.53667	27.82000	6.42	+0.01	A0V		
1097	54.50083	42.58306	6.42	-0.06	B8Vn		
1564	72.73458	-53.45972	6.42		F4V:	Iot Pic	
1724	79.17125	1.94722	6.42	-0.02	A0V		
1807	81.66167	6.86917	6.42	-0.02	A0Vn		
1959	85.41792	-2.89611	6.42	+0.30	A9IV-V		
2115	90.72333	43.37861	6.42		K0		
2383	98.42792	33.02417	6.42	+0.03	A3V		
2453	100.33750	28.19639	6.42	+1.09	G5Ib	25 Gem	
2563	102.88667	-48.29250	6.42	+1.21	K2-3III		
2621	104.68250	-30.99778	6.42	-0.14	B3V		
3274	124.48250	-59.16694	6.42	+0.39	F5V		
3405	129.75000	52.92500	6.42		K0		
3463	130.73750	-35.94333	6.42	+0.02	A0V		
3534	133.16083	-36.54556	6.42	+0.56	G8III+A3-5V		
3806	144.48417	73.08056	6.42		F2V+F1V		
3901	147.84000	-6.18167	6.42	+0.58	F8V		
3967	150.70583	-62.15639	6.42	+1.72	K3Ib		
4188	160.32333	-59.67694	6.42	+0.08	WN7-A		
4435	172.72042	47.92917	6.42	+0.88	G9IV		
4489	174.75167	-24.72111	6.42	+0.82	G5		
4574	179.53000	32.27389	6.42	+0.29	A9V		
4596	180.61917	-71.48889	6.42	+1.17	K1III		
4719	186.11125	25.58278	6.42	+0.27	A7V+F4V		
4764	187.81958	-57.08111	6.42	+0.16	A3V	Gam Cru	
5122	204.53167	-58.41500	6.42	+1.12	K1III		
5281	211.60458	-59.71556	6.42	+0.12	B0Ia		
5327	216.09708	-82.84861	6.42	+0.02	B8Ve		
5808	233.95542	38.37389	6.42		K2		
5862	236.85583	-40.19417	6.42	+0.88	G5III-IV		
6532	263.06250	11.93028	6.42	-0.01	B9.5VpHgMn		
6598	264.16542	69.57083	6.42	+0.58	F9V		
6663	268.49208	-34.83167	6.42	+0.01	ApSi*		
6967	278.34708	8.26833	6.42	-0.03	B8IIIpSiSr:		
6992	279.30250	11.42167	6.42	-0.02	B9V		
7014	280.42708	-14.56417	6.42	+0.81	F2Ib		
7045	281.50500	-19.60639	6.42	+1.65	M4III		
7696	302.02708	16.66417	6.42	+1.91	M3III		
7907	309.96583	11.24972	6.42	+0.55	F8IV:		
8067	316.17375	2.94194	6.42	+1.05	K0		
8153	319.32833	58.61167	6.42	+0.20	B2IIIe		
8377	329.25917	48.66861	6.42	-0.08	B8V		
8445	332.06875	49.79639	6.42		K5III		
8519	335.16500	50.98083	6.42		K2		
8586	338.14792	20.23000	6.42	+0.32	F1V	39 Peg	
8816	347.45667	-14.51056	6.42	+0.01	A0Vn		
9026	357.45667	-25.33139	6.42	+0.12	A3V		
11	1.93375	-2.54889	6.43	-0.14	B8IIIpSi		
108	7.08792	-20.33500	6.43	+0.59	G0V		
316	16.75083	56.93500	6.43	+1.18	K2III		
363	18.52083	28.52972	6.43	+1.70	S3+/2-		
624	32.34625	17.22444	6.43		F5V		
1152	56.51208	24.52806	6.43	-0.02	A0Vn	22 Tau	
1912	83.43500	-54.90222	6.43	+0.55	F8V		
1945	85.33750	29.48750	6.43	-0.11	B8IV		
2272	95.30042	29.54111	6.43	+0.06	A1V s		
2274	94.07708	-59.21361	6.43	+0.59	G0V		
2319	96.89792	32.56306	6.43	+1.26	K0		
2658	105.56500	-43.40417	6.43	-0.04	A0V		
2692	107.52792	21.24694	6.43	+0.89	G9V		
2711	108.20417	27.22472	6.43	+0.49	F8V		
2806	110.50833	-8.97917	6.43	-0.19	O9V		
2987	116.05833	12.85944	6.43		K0		
3006	115.54250	-58.63083	6.43	-0.10	B2.5V		
3027	116.93833	-16.01444	6.43	+1.70	M2II-III		
3233	123.21458	-37.92444	6.43	+0.10	A3V		
3273	124.87250	-34.59028	6.43	-0.08	B9pHgMn		
3338	127.08208	-8.81611	6.43	+1.20	K0		
3397	128.63208	-32.59861	6.43	+0.75	G5IV-V		
3501	132.03667	-42.46389	6.43	-0.20	B2IV-V		
3812	143.28250	-39.12889	6.43	+0.33	F0IV		
3968	151.09750	-39.97583	6.43	+1.30	K1III		
4044	154.74583	46.76083	6.43		K1III		
4128	157.66333	-61.35611	6.43	+1.76	M2IIIe		
4283	165.10667	51.50194	6.43		G9III		
4388	170.45542	57.07500	6.43	+0.15	A7Vn		
4397	170.48792	-77.60833	6.43	+0.20	A5III-IV		
4579	179.72667	-25.90889	6.43	+0.03	A0-1V		
4641	182.93708	57.05444	6.43		gK5	68 UMa	
4873	192.57250	22.86333	6.43	+1.00	K0III		
4939	196.37833	-52.11500	6.43	+1.70	M1III		
5078	202.31208	-1.36444	6.43	+1.11	K0III		
5083	202.19042	50.71833	6.43	+0.37	F0IV		
5307	212.88000	1.36222	6.43	+0.48	F7V		
5441	218.33458	36.95944	6.43		F8IV w		
5759	232.23667	55.19500	6.43	+0.08	A3m		
6362	256.27083	43.81222	6.43	+0.09	A3IV		
6428	259.58000	-16.31194	6.43	+1.66	M2IIIFe1		
6467	260.14000	48.18833	6.43	+0.43	F4V		
6518	261.25083	67.30639	6.43	+0.76	K0V		
6531	262.66792	38.88222	6.43	+0.49	F6III		
6613	266.78042	-38.11167	6.43	-0.02	B9V+A1V		
6641	266.78375	47.61222	6.43	+0.11	A2V s		
6678	269.23250	-40.30556	6.43	+1.43	K3III		
6777	272.49958	-32.71972	6.43	+1.02	K0IV		
6949	276.92625	59.54917	6.43		K0IV		
6958	278.02917	3.65972	6.43	-0.04	A0pSiCr		
7252	286.29125	49.92333	6.43		K3III		
7365	290.35583	57.76694	6.43		K2		
7466	294.28917	29.33361	6.43	-0.09	B5V		
7529	296.41500	36.09111	6.43	-0.03	B9.5VpSi		
7632	299.18792	50.90250	6.43	-0.01	A1V		
7638	299.48417	42.26083	6.43		A3V		
7693	301.95958	9.39972	6.43	+0.46	F3V		
8138	319.12333	42.25139	6.43		K2		
8235	323.13875	-24.59056	6.43	+0.20	A7V		
8384	329.29625	66.15611	6.43	-0.05	B2V		
8440	332.49167	-48.10722	6.43	+1.39	K3III		
8570	337.72375	-26.07361	6.43	+1.08	K1III	Zet PsA	
8651	340.73125	37.80278	6.43	-0.09	B1V		
8737	344.64625	9.35694	6.43	+0.64	G2V+G4V		
8745	344.78750	59.81472	6.43	+0.03	B9III		
8778	345.84000	58.56472	6.43	+0.90	G8IV		
8857	349.31917	45.16417	6.43	+1.07	K0IV		
8920	352.25333	-44.49778	6.43	+1.18	K2III		
641	33.42292	58.56111	6.44	+0.60	A3Iab		
703	36.08375	-25.84750	6.44	+1.32	K3III		
1299	62.69083	-35.27389	6.44	+1.07	K1+IIIaCH-1.5		
1312	63.40917	-1.14972	6.44	-0.13	B5IV		
1429	67.03917	-41.96000	6.44	+1.64	M1III		
1498	69.76792	-51.67278	6.44	+1.32	K2III		
1642	76.38375	19.80639	6.44	+0.21	A5m		
2079	89.94042	55.32083	6.44	+0.31	A5m		
2098	89.20417	-31.97611	6.44	+1.07	G8III		
2407	98.29292	-38.62528	6.44	+1.00	G8III		
2417	99.36333	24.59083	6.44	+0.10	A3V		
2642	106.50542	59.80194	6.44		G8III:		
3096	118.80708	-30.91750	6.44		K4III		
3133	119.58917	-51.44861	6.44	+0.25	A8-9IV		
3219	122.75667	-37.29222	6.44	-0.01	O9.5II		
3256	123.84708	-50.44944	6.44	+1.49	K3-4III		
3317	126.41417	-17.43944	6.44		K0		
3428	130.09208	19.67000	6.44	+1.02	G9III		
3580	135.12833	37.60444	6.44		K5		
3622	136.20000	-57.85250	6.44	+0.25	A8III		
3998	152.90917	13.35500	6.44	+0.46	F7V	34 Leo	
4005	153.15750	-19.15361	6.44	+0.50	F6V		
4098	157.01583	48.78472	6.44	+0.60	F9V		
4242	163.13292	52.50361	6.44	+1.11	K2III		
4261	163.79833	-20.66500	6.44	+1.10	K0		
4486	174.68708	45.10861	6.44	+0.56	G0V		
4498	175.28500	-29.19639	6.44	+0.66	G0V		
4601	180.93458	-74.21389	6.44	+1.23	G6III		
4836	190.85958	-40.17778	6.44	+0.25	A8V:		
4857	191.97375	-24.85167	6.44	-0.06	B8III		
4896	193.40875	-4.22389	6.44	+1.10	K0		
5053	201.12708	12.43194	6.44	+1.06	K0III		
5104	203.68167	-33.31083	6.44	+1.26	K2III		
5198	207.58083	-39.90111	6.44	+0.99	K1III		
5341	214.08958	-6.62194	6.44	+0.28	A9III		
5374	215.03625	30.42917	6.44	+0.15	A5III		
5642	227.89542	-45.27750	6.44	+1.04	K1III		
5792	235.04792	-70.22778	6.44	+0.08	A1V		
5877	237.00833	31.73583	6.44		K5		
6489	261.49125	-1.65167	6.44	+0.46	F3V		
6490	261.73000	-25.94333	6.44	-0.06	A0V		
6517	262.94750	-33.70278	6.44	+1.19	K2III		
6939	278.37292	-58.70917	6.44	+0.68	G5IV		
7082	280.79250	70.79278	6.44		K2		
7542	297.12667	10.69417	6.44	+0.96	F8Ib-II		
7551	297.21083	33.43722	6.44	+0.20	B0.5Ib		
7818	306.27125	59.60000	6.44	+0.09	A2IV s		
7853	308.73125	-38.08972	6.44	+0.26	A8III:		
7996	313.00125	32.84917	6.44	-0.15	B3III		
7998	313.49333	-6.88972	6.44	+0.37	F1IV		
8221	322.24958	17.90583	6.44	+1.39	K5		
8422	331.46083	45.11222	6.44	-0.03	A0V		
8446	332.50042	-28.29250	6.44	+0.15	A5V		
8784	346.27625	16.56306	6.44	+0.83	G8IV		
9028	357.59292	51.62167	6.44	+0.37	F3V		
9096	0.78208	-24.14528	6.44	+1.18	G5		
52	3.77917	31.53583	6.45		K5		
66	4.38583	-19.05111	6.45	+0.37	F4IV-V		
150	9.01250	-14.97361	6.45	+1.06	G9III		
289	15.75625	47.37611	6.45	+0.25	A9IV		
391	20.84000	58.14306	6.45		F4V		
540	28.45208	55.59806	6.45	+0.18	A5m		
719	37.00000	1.96083	6.45	+0.97	K0III		
831	42.36292	37.32611	6.45	+0.43	F6III-IV		
839	42.93958	58.31472	6.45	+0.10	A1m		
979	49.29750	40.48333	6.45		B9VpSi		
1157	56.02583	-40.66028	6.45	+1.06	K1III		
1301	63.49833	37.96694	6.45		G9III		
1501	70.95125	32.86528	6.45		A8V		
2025	88.16458	39.57444	6.45	+0.09	A2V		
2043	87.99792	-29.44861	6.45	+1.48	K3III		
2114	89.31000	-53.42611	6.45	+1.48	K5-M0III		
2123	91.12125	51.57333	6.45	+0.18	A7III		
2151	90.53833	-60.09694	6.45	+1.58	M4III		
2208	93.30250	10.62750	6.45	+0.67	G2V		
2376	98.63667	55.35306	6.45		K0III:	7 Lyn	
2404	98.69333	7.57250	6.45	-0.02	A0V s	14 Mon	
2493	101.21625	-27.34139	6.45	+0.54	G2V		
2638	104.65083	-56.39472	6.45	+0.39	F2II		
2656	105.98875	-10.12417	6.45	-0.08	B9IIIn		
2780	110.02875	15.14278	6.45	-0.02	A2Vn		
3060	117.75000	-24.52833	6.45	-0.01	A0		
3069	117.67667	-44.57972	6.45	+0.90	G6III		
3221	123.96042	60.38056	6.45	+0.20	A7Vm		
3261	124.49292	-30.00333	6.45	+1.04	K0III		
3424	129.85250	8.01722	6.45	+1.08	K1III		
3446	130.54083	-11.96611	6.45	+0.16	A5m		
3608	136.67958	59.34444	6.45	+0.04	A2V		
3747	142.44833	55.74556	6.45		F3V s		
3878	146.34083	-30.20278	6.45	-0.13	B0.5IIIn		
3880	146.85792	11.56833	6.45	+0.43	A7Vn	19 Leo	
3961	151.03500	3.20111	6.45	+0.40	F4V	13 Sex	
4051	155.06167	53.77917	6.45	+0.54	F9V		
4131	158.43167	53.49750	6.45		A1V		
4373	169.41333	-34.73722	6.45	+0.40	F4V		
4420	171.99375	-35.32861	6.45		K5III:		
4459	173.76583	20.44139	6.45	+1.01	G9III		
4550	178.24500	37.71861	6.45	+0.75	G8Vp		
4816	189.82042	35.95194	6.45	+0.06	A0pSrCrEu		
5007	199.05958	19.05167	6.45	+0.98	G8III		
5010	199.13458	19.78528	6.45	+0.25	F0V		
5098	203.14375	-29.56528	6.45	+0.44	F3IV		
5209	207.83500	-24.39083	6.45	+0.69	G5V		
5305	211.73500	74.59361	6.45	+0.14	A7V	3 UMi	
5331	213.72083	3.33611	6.45	+1.60	M4IIIab		
5403	217.18125	-59.19778	6.45	+0.14	A0II-III		
5657	228.36958	-25.30917	6.45	+0.70	G4V	23 Lib	
5748	231.63542	54.02000	6.45	+0.05	A2IV		
5783	233.47000	17.13778	6.45		F3III		
5841	234.78958	57.92444	6.45	+1.09	K1III		
6156	247.52500	48.96083	6.45	+0.03	A1V	34 Her	
6263	253.54917	-41.85028	6.45	+0.20	O9Ib		
6312	255.44208	-51.13083	6.45	+0.27	A7V		
6430	259.39958	23.09083	6.45		K2		
6552	270.39208	-85.21472	6.45	+0.44	F5IV		
6652	268.23292	-35.01861	6.45	+0.02	B9.5V		
6856	275.23042	-37.48750	6.45	+1.31	K2II		
7019	280.05083	38.36722	6.45	+0.21	A6m		
7041	280.81958	39.30028	6.45	+1.59	K5		
7191	284.32250	62.39667	6.45	+0.93	G5IV+G8V		
7513	297.47208	-66.81278	6.45	+1.48	K4III		
7658	300.93458	-22.59556	6.45	+0.50	F6V		
7663	302.08542	-66.35472	6.45	+1.58	K5III		
7677	301.24417	23.21028	6.45		A5Vn		
7734	303.52083	36.60528	6.45	0.00	A0V		
7777	304.70667	46.32278	6.45	-0.13	B2V		
7914	310.18833	19.93528	6.45	+0.63	G5V		
7993	312.32250	64.04222	6.45	+0.07	B0.5V		
8095	317.49292	2.94333	6.45	+0.37	F5IV		
8129	323.01750	-84.81000	6.45	+1.40	K3III		
8303	326.32917	-49.49861	6.45	+1.15	K1III		
8645	340.76458	-8.31167	6.45	+0.17	A5V		
8881	350.05958	61.97000	6.45		K1V		
8908	351.78000	-66.58111	6.45	+1.47	K4III		
8953	353.98292	24.56111	6.45	+1.73	M1III		
72	4.67417	-8.05278	6.46	+0.68	G0V		
251	13.30167	-24.77694	6.46	+0.44	F6IV-V		
286	23.46000	89.01556	6.46	+0.11	A3V		
379	19.69583	37.38611	6.46	+0.23	A5m		
418	21.86083	41.10056	6.46	+0.27	A7m		
676	34.74167	23.16778	6.46	+0.34	A1V+F3III		
808	41.07958	17.76389	6.46	+1.07	K2III	36 Ari	
1077	53.75333	60.04111	6.46	+0.39	F3V		
1161	57.33167	57.11806	6.46	+0.06	A0Vn		
1227	58.64167	-52.69056	6.46	+0.16	A4V		
1258	60.85292	-20.14417	6.46	-0.18	B2.5V		
1391	66.40542	15.94083	6.46	+0.49	F7V	70 Tau	
1540	71.24125	-63.22972	6.46	+1.08	K0-1III		
1768	80.84542	28.93667	6.46	-0.04	B9V s	22 Aur	
1863	83.28000	-1.71833	6.46	-0.09	B4Vn		
2354	96.10958	-63.42889	6.46	+0.66	G3III-IV		
2452	100.40708	35.93194	6.46	+0.49	F8III		
2489	101.47583	12.69361	6.46		A9III	32 Gem	
2524	101.67292	-54.69472	6.46	+0.86	G6III		
2579	103.19625	-43.97583	6.46	-0.10	B8V		
2687	106.31875	-50.36028	6.46		K3III		
2774	109.44958	-26.79750	6.46	-0.15	B2IV-V		
3372	128.16625	10.06611	6.46	-0.02	A1V	34 Cnc	
3606	136.23000	32.37694	6.46	+0.24	A8V		
3774	144.02833	74.31778	6.46	-0.10	B9V		
3798	143.07708	-28.62806	6.46	+0.33	A9V		
3883	146.41875	-57.18556	6.46	-0.11	B8III-IV		
3896	147.75833	13.06611	6.46	+1.58	M0III	23 Leo	
4014	153.77625	31.46806	6.46		G8III	22 LMi	
4212	161.13375	-70.85500	6.46	+0.23	A6IV		
4307	165.81708	-31.96083	6.46	+1.62	M1III		
4322	166.91542	23.32361	6.46	+0.16	A5m	64 Leo	
4481	174.70500	64.34694	6.46		A5IV		
4557	178.60750	-37.74889	6.46	+0.52	F7V		
4774	188.01875	-32.53361	6.46	+0.20	A3V		
5216	207.61542	58.53944	6.46	+0.09	A3V		
5302	212.19167	59.33778	6.46	+1.02	K0III		
5753	232.95958	-32.88111	6.46	+0.09	B7V		
5760	232.59458	31.28611	6.46	+0.19	A4IV		
6160	248.78292	-45.24472	6.46	+1.34	K2-3III		
6211	250.91125	-32.10611	6.46	-0.08	B8V		
6383	257.07125	50.84222	6.46	0.00	A1V		
6449	260.21958	-10.69611	6.46	+0.33	F1III		
6665	267.99375	15.32583	6.46		K0III		
6669	267.80833	40.07250	6.46		G0V		
7184	284.36833	58.22528	6.46	+0.08	A2IV		
7255	287.41542	-39.82806	6.46	+1.06	K0III		
7585	298.77125	-33.04639	6.46	+1.48	K2/3III		
7765	305.21625	-35.67361	6.46	+1.31	K3-4III		
8107	317.62917	47.69194	6.46	-0.01	B6IV		
8136	318.90333	47.97361	6.46	-0.15	B4IV		
8203	321.46458	0.53444	6.46	+0.16	A1IV		
8391	330.11167	33.00611	6.46		F5III		
8459	332.62583	20.97806	6.46	+0.12	A3III	28 Peg	
8549	336.69042	37.44389	6.46	-0.13	B2V		
8686	342.93708	-59.88139	6.46	+1.13	K1IIICNII		
8705	343.21792	50.41194	6.46	-0.04	B8V		
9015	357.20542	2.21417	6.46	+0.44	F5III-IV		
9078	0.09958	26.91833	6.46	+0.50	F7-8IV-V		
61	4.17708	-20.21056	6.47	-0.09	B8III		
156	9.28000	24.01417	6.47		K2III		
206	11.42375	-16.42417	6.47	+0.31	F1IVn		
287	15.57667	51.03500	6.47		A3V		
680	35.01833	30.18833	6.47		K0		
827	41.79667	-22.48556	6.47	+0.39	F2		
1470	69.62333	26.94000	6.47		F2V:		
2054	89.27042	49.02944	6.47	+0.99	G8III		
2339	97.23583	26.96778	6.47		F5		
2712	106.55875	-68.83722	6.47	+1.04	K0III		
2809	111.85750	66.33167	6.47	-0.09	B9III		
2848	101.74458	-87.02500	6.47	+0.42	F3V		
2989	116.03083	2.40500	6.47	+0.20	F0III:		
3228	123.54625	17.67583	6.47	+0.30	A0VnDel Del		
3404	128.80250	-39.97000	6.47	+0.58	G1V		
3435	129.68708	-53.09056	6.47	-0.10	B8Vn		
3507	132.43708	-21.04861	6.47	+0.23	A7Vn		
3548	133.46125	-40.44750	6.47	+0.96	K0II-III+A5		
3855	145.77917	54.36361	6.47	+0.13	A5m		
5077	202.10917	40.72972	6.47	+0.92	G8III		
5090	202.88875	-28.11278	6.47	+0.10	A1V		
5158	206.06625	-51.01306	6.47	-0.13	A0pSiCr		
5298	212.25250	-10.33444	6.47	+1.00	G8III	96 Vir	
5306	214.22875	-77.66389	6.47	+1.42	K2IIp		
5353	214.50250	-7.54250	6.47	+0.73	G5IV		
5579	224.80792	-37.88139	6.47	-0.08	B8V		
5655	228.32292	-24.00833	6.47	-0.04	B9		
6012	242.48000	-18.34083	6.47	+0.44	F4V		
6097	245.98625	-33.19944	6.47	+0.01	A0V+A0V		
6236	252.64958	-50.04556	6.47	+0.31	A5III+F7III		
6454	260.65833	-35.91000	6.47	+0.54	F7V		
6639	267.32875	1.96111	6.47	+1.24	K0III		
6796	273.56750	-63.68944	6.47	+1.41	K4III		
6989	279.51917	-14.00472	6.47	+0.21	B9IV		
7033	280.53375	34.74667	6.47	-0.13	B5V		
7072	282.18875	-18.60139	6.47		G5III:+A0V:		
7477	294.48625	49.28444	6.47	+0.99	G6V		
7681	301.55083	-4.07833	6.47	+1.16	K0		
7932	310.85083	35.58778	6.47	+1.23	F7Ib-G8Ib		
8193	320.95125	37.35139	6.47		K5		
8201	323.33583	-80.03917	6.47	+0.04	A0V		
8250	323.64167	22.75472	6.47	+0.51	F7V		
8336	327.03458	36.58056	6.47		K5		
8405	331.09958	-29.91667	6.47	+1.63	K5III	13 PsA	
8517	335.25042	26.93528	6.47	+1.59	M4III		
8614	339.68625	-28.74778	6.47	+1.04	K1III		
8760	345.64167	-36.42083	6.47	+0.94	K1III		
8809	347.54875	-66.85750	6.47	+0.95	K0III		
8847	349.20750	-41.19444	6.47	+1.08	K0III		
9063	359.38958	60.02361	6.47	+0.01	B9III-IV		
137	8.60375	66.75028	6.48	-0.08	B9III	16 Cas	
239	12.51542	-43.39472	6.48	+0.29	A9-F0III		
630	32.39500	-24.34583	6.48	+0.29	F4III		
654	34.21542	57.05528	6.48	+0.28	B1Iab		
792	40.75792	48.26556	6.48		G5II		
1425	67.51000	10.26250	6.48	+1.03	G8III		
1828	83.14083	57.22111	6.48	+0.57	F8V	18 Cam	
1850	83.36458	32.80111	6.48	+0.09	A2m		
2336	95.94542	-58.54389	6.48	+0.12	A3V		
2347	97.07000	1.91222	6.48	-0.07	B9V		
2353	96.78125	-37.89556	6.48	+0.39	F3V		
2547	103.48750	38.50500	6.48	-0.05	B9.5pSi	61Psi8Aur	
2669	106.85417	28.17722	6.48	-0.09	B9V		
2679	106.64958	-12.39389	6.48	-0.10	O7.5V		
3401	129.79250	59.93944	6.48		A2Vn		
3419	129.37375	-33.74583	6.48	+0.33	F0IV-V		
3635	137.44333	11.56444	6.48	+0.34	F2Vp		
3647	137.43792	-49.42472	6.48	+0.17	A9Vn		
3657	138.40542	21.28333	6.48	+0.02	A2V		
3735	140.93667	-37.75722	6.48	+0.18	A1mA5-F0		
3920	148.25000	-55.37333	6.48	-0.14	B1IV		
4525	176.81542	-30.28694	6.48	+0.68	G5V		
4542	177.65458	-27.27778	6.48	+0.98	G8III		
4684	184.75875	26.00778	6.48	+0.18	A5-7mIV-V		
5046	200.96792	-49.82306	6.48	+0.96	G8III		
5082	203.31167	-77.56833	6.48	+0.48	F6V		
5133	204.42917	50.71472	6.48	+1.55	M2II-III+K3III:		
5137	204.75958	18.26528	6.48	+1.20	K3III		
5399	216.44875	-26.85250	6.48	+0.94	G7IV		
5451	218.56625	57.06528	6.48	+0.49	F6-8V		
5491	232.07958	-88.13306	6.48	+0.30	Am		
5697	230.37542	-38.21917	6.48	-0.06	A0pSi		
5816	234.66708	-8.79111	6.48	+0.52	F6V		
5836	235.97958	-60.28722	6.48	+1.05	G0Ib		
5850	235.79417	13.66778	6.48	+0.86	G5III		
6137	247.20375	-8.12889	6.48	+0.40	F2V		
6539	263.92917	-37.44000	6.48	+0.01	A0V		
6543	263.42833	14.84167	6.48	+1.60	M4IIIa		
6718	269.71792	45.47611	6.48	-0.08	B9pSiSr		
6969	278.83875	-20.84083	6.48	+0.28	F0IV		
7111	284.22792	-62.80111	6.48	+1.53	K3III		
7267	287.16750	16.85139	6.48	+0.52	F5IV-V		
7330	290.37458	-34.98389	6.48	+0.63	G5V		
7472	294.57292	20.78278	6.48	+1.08	K0III		
7509	295.51708	55.46333	6.48	+1.61	M5IIIa		
7516	296.46750	-2.88333	6.48	+0.05	B3III		
7571	298.27667	-14.60306	6.48	+0.14	A0V+F8IV		
7616	299.25083	20.99806	6.48	+0.07	A2IV		
7705	302.48583	20.91528	6.48	+0.38	F5IV	17The Sge	
7757	304.11750	37.05639	6.48	-0.09	B6III		
7862	308.54167	20.98528	6.48	-0.14	B3IV		
7916	309.75083	56.00500	6.48		F2Vn		
8064	315.70208	45.84889	6.48	-0.15	B3Vn		
8102	317.92208	-14.47222	6.48	+0.28	F0Del Del:		
8132	319.16500	-1.60778	6.48	+0.98	K0		
8345	327.41708	41.14889	6.48	+0.42	A2Ib		
8659	341.61792	-49.68583	6.48	+1.14	K1III		
8721	344.10000	-31.56556	6.48	+1.10	K4V		
8861	349.48375	45.48889	6.48	-0.03	B9pSi		
58	3.98000	-75.91139	6.49	+1.00	G8-K0III		
172	10.11917	-16.51694	6.49	+0.92	G5		
393	20.64500	-0.44972	6.49	+1.08	gK0	43 Cet	
398	21.44375	70.98000	6.49		A0Vnn		
780	39.60333	-37.99056	6.49	+0.52	G0IV		
826	41.68833	-21.63972	6.49	+0.38	F3IV		
924	46.16958	15.85611	6.49		K3III		
1033	52.09833	60.25556	6.49	+0.02	B9V+A1		
1089	53.70500	6.41778	6.49	+0.63	G0		
1125	55.30750	-11.80306	6.49	+0.36	F5II		
1167	56.21083	-48.06139	6.49	+1.02	G8-K0III		
1468	71.50125	76.61111	6.49	+0.51	F7V		
1734	79.84833	33.98556	6.49	+0.24	A7V	18 Aur	
1742	78.91208	-52.18194	6.49	+1.21	K2III		
1785	80.80000	-26.70583	6.49	+0.50	F6V		
1889	84.12583	25.93944	6.49	+0.43	F5III		
2045	89.06000	51.80389	6.49		A5V		
2204	92.34708	-49.56278	6.49	+0.52	F7V		
2627	105.16375	-9.20306	6.49	+0.21	B1Ib		
2670	106.45708	-10.66111	6.49	-0.05	B0.5V+F5III		
2977	116.61417	62.83056	6.49	+0.26	F0pSrEu	49 Cam	
3108	124.22417	84.05778	6.49	+0.03	A3IV		
3119	120.64917	57.27361	6.49	+0.62	F8V		
3258	125.12125	53.57444	6.49	+0.28	F0IV		
3388	128.33292	-38.37111	6.49	-0.18	B2.5V		
3823	143.79917	-35.82389	6.49	+0.42	F7III-IV		
4027	154.11708	28.68250	6.49	+0.60	G0V	24 LMi	
4152	158.91208	-18.56917	6.49	+0.20	A7V		
4331	167.06583	-29.97278	6.49	+0.03	A1V		
4562	178.80875	36.75639	6.49	+1.58	M3III		
4642	183.00500	28.53611	6.49	+0.36	F5V		
4804	189.81042	-75.36944	6.49	+0.08	B8Vne		
5114	203.88875	10.20472	6.49	+1.03	K1III+F6V		
5126	204.16583	49.48667	6.49		K1III		
5252	210.07208	-61.48139	6.49	+0.33	F1III-IV		
5393	216.17042	-11.66972	6.49	+0.42	F4III		
5574	224.26500	21.55528	6.49	-0.01	A1V		
5945	239.99167	-40.65278	6.49	+1.52	K1II-III		
6038	242.35833	55.82889	6.49		K0		
6062	244.71625	-57.89972	6.49	+1.00	F8-G0Ib		
6249	253.07958	-41.85444	6.49	+0.23	WN7-A		
6488	261.00917	38.58278	6.49	+0.73	F8IV		
6565	266.08208	-72.22083	6.49	+0.48	F7IV+F5V		
6634	268.32667	-65.48917	6.49	+1.08	K0-1III		
6827	272.77958	60.40944	6.49	0.00	A1Vnn		
6999	279.59875	-3.19361	6.49	+0.55	F9IV		
7005	280.37750	-48.09500	6.49	+1.22	K2III-IVCNII		
7156	284.79625	-39.53472	6.49	-0.04	A0		
7233	287.21708	-55.72028	6.49	+1.10	K1III		
7258	286.57083	41.41389	6.49	-0.15	B3V		
7288	288.43375	5.51583	6.49	+0.09	A2Vp		
7501	295.70458	29.33167	6.49	+0.33	F1III		
7594	298.65875	-8.23722	6.49	-0.04	B8V	57 Aql	
7709	302.79208	-8.84222	6.49	-0.15	B1V		
7867	308.45167	41.77222	6.49	+1.00	K0III-IV		
7887	309.38583	31.52194	6.49	+0.34	F0V		
7935	311.57750	-36.12028	6.49	+0.39	F3IV		
8282	325.44208	-25.10194	6.49	+1.19	K0		
8842	348.94292	28.24778	6.49	+0.85	G5II-III	61 Peg	
8931	352.88125	-4.08722	6.49	+0.54	F8V		
149	9.08333	27.25472	6.50	-0.09	B8IIIpHgMn:		
684	34.92000	-4.34556	6.50	+0.08	A3V		
765	39.25208	24.64750	6.50	+0.41	F6III	30 Ari	
1031	50.93583	-32.70722	6.50	+1.37	K3III		
1058	52.04792	-35.85333	6.50	+0.13	A1V	Chi3For	
1103	54.75042	20.91583	6.50	+0.15	Am,A5-F0		
1486	70.82542	59.52083	6.50		A7IV		
1578	73.99333	5.39917	6.50	+0.02	A0V		
1678	78.38042	62.69139	6.50	+0.21	A7Vn	14 Cam	
1707	79.32417	53.58611	6.50	+1.66	M7IIIe		
1942	84.87833	-9.70667	6.50	-0.10	B7V		
2617	106.46583	70.73194	6.50		K0III		
2956	114.86208	-26.86306	6.50	-0.10	B7V		
3278	125.33417	-1.60222	6.50	+0.02	A2Vpn:EuSrCr:Si		
3533	133.10875	-32.50917	6.50	+1.46	K2/3III		
3620	137.01708	32.54056	6.50	+0.36	F2V		
3666	139.98250	74.01639	6.50		G8III		
3869	146.12500	18.86361	6.50		K0		
4071	155.36958	-23.71083	6.50	+0.20	A3		
4363	169.01667	52.77306	6.50	+0.43	F6V+F9V		
4414	171.68875	3.01306	6.50	+0.79	K0IV	83 Leo	
4584	179.98833	34.03500	6.50	+0.22	A9III		
4647	183.30417	-34.12556	6.50	+1.66	M4III		
4978	197.91333	-26.55167	6.50	+0.19	A5Vn		
5070	201.49958	63.26111	6.50	+0.74	G6V		
5117	204.21042	-34.46778	6.50	+1.03	K0III		
5177	206.30500	55.87944	6.50	+0.47	F7IV-V		
5438	218.71125	-20.43917	6.50	+0.14	A4V		
5610	226.02667	5.49250	6.50	+0.31	F0V		
5734	231.12875	37.34778	6.50	+0.59	G1V	51Mu 2Boo	
5754	231.92000	62.27556	6.50	+0.14	A5IV		
5815	234.66667	-8.79444	6.50	+0.53	F6IV-V		
6052	243.18875	26.67083	6.50	+0.39	F3V		
6144	247.62458	-7.51500	6.50	+0.37	A7Ib		
6720	270.11542	19.50583	6.50	-0.06	B8Vne		
6744	270.81125	19.61306	6.50	+0.01	A0V		
6926	277.23917	-26.58167	6.50	+0.11	A3III		
6950	277.67333	20.81528	6.50	+0.79	G8IV		
7171	284.68792	19.79417	6.50	-0.04	B7III-IV		
7467	294.23583	38.38389	6.50	-0.15	B5II-III		
7482	295.11792	20.47667	6.50	+0.39	B0.5Iae		
7549	298.16250	-54.97667	6.50	+0.10	A2V		
7786	304.98375	46.83750	6.50	-0.06	B8/9IIIpSi		
7931	311.30500	-27.24722	6.50	+0.94	G8III		
8054	315.74833	-0.92472	6.50	-0.10	B6V		
8214	322.26583	-31.23861	6.50	+0.03	A0	5 PsA	
8755	345.14333	45.37500	6.50		A3V		
8770	345.68250	55.23639	6.50	-0.08	B9IIIHe wk		
8870	349.76000	45.13722	6.50		A5Vn		
